Agencia;Conta;Valor
8270;62800;19181.26
1860;15445;81.27
6390;28040;36591.28
6191;74315;37588.33
6734;10246;37351.26
7265;41153;17257.58
1466;15212;26119.25
5426;13339;18005.08
6578;98678;811.66
9322;66238;28126.82
2685;29394;6196.80
1769;63871;4011.27
7949;87722;37777.40
3433;44607;485.22
6311;62055;47950.83
6051;14395;25767.62
7420;25290;49150.99
2184;97687;2909.30
5555;75078;29180.64
4385;13691;17472.86
7396;17470;42175.69
9666;13841;18067.52
3558;73197;13031.77
8849;65773;42879.08
3047;27776;18738.91
3747;81596;851.50
1189;37584;19520.55
3734;14300;32729.57
4005;13338;12725.43
5658;72601;21605.06
2899;15487;2845.19
8734;46282;29408.76
2267;86816;37817.18
2528;38804;20671.49
4556;19915;21017.43
4890;21158;4423.24
9838;84157;10105.02
6393;20547;7742.22
9792;98713;24089.57
9433;12459;26467.48
8513;38768;47447.52
3612;73146;3670.84
8041;60870;29997.40
7235;60460;26329.66
6486;92970;25816.49
8099;70817;43659.23
1775;48247;10284.87
9226;25419;2048.26
4152;45577;33616.85
2585;12921;17264.42
4943;14676;889.32
8555;95961;12576.19
4073;59684;15473.25
2021;23463;30845.75
4843;35474;8637.56
8989;50935;20658.59
7873;77005;24128.95
6675;68596;22967.28
1161;82828;48697.30
5297;99062;2284.76
1995;65152;47548.90
8629;99001;29101.04
2016;96569;39788.43
8869;82467;21525.33
7439;62576;22697.36
8892;76627;43967.53
7863;35772;44797.77
8916;26363;11942.06
9529;38490;9970.10
1878;69004;24816.80
5887;63806;45014.85
5859;10260;16124.53
7331;85992;32604.21
9571;32320;35410.50
9684;88971;38935.95
8208;52145;28200.58
6276;73688;20128.73
3062;58581;48351.13
1064;30754;30570.42
9006;79837;36430.97
3568;17207;17255.69
6463;37920;33500.76
3027;97739;12897.31
3695;97081;12262.39
6258;34016;35738.96
6618;70522;26074.52
7736;84092;34167.00
1391;64068;13479.23
6892;30102;29940.18
4561;11924;22202.24
7184;95015;29852.04
4099;64333;14551.08
7278;94458;35775.39
9392;94196;40298.41
4104;56099;13003.22
8215;67346;15038.02
3454;85481;33061.10
9996;60062;34782.30
3731;10306;35207.94
9154;98495;34138.10
6056;79767;19646.46
9110;22207;19748.74
4840;49426;12748.33
2028;16336;7850.12
8385;85166;34631.94
1502;27256;4668.51
7910;59817;46890.24
7938;43719;41336.05
5488;52017;42876.71
1206;55704;45334.37
6134;40013;20436.16
6977;89991;42336.57
8721;80258;7911.48
8035;88348;1091.87
2484;46776;39246.72
8858;20060;3749.08
1863;88592;49426.35
3790;16655;33743.07
8408;98110;37674.95
9755;59923;12297.73
6116;88563;33696.53
7019;14030;2170.56
2757;99779;41892.91
8574;43289;8489.51
7374;29739;34870.93
7892;71687;11231.78
2678;46491;3431.97
4242;82115;24079.87
5636;93778;8472.62
2059;14781;36474.90
7668;30448;11885.92
4157;61550;17130.20
6915;59294;28376.29
3693;31446;14255.56
4627;86579;18905.63
6450;95389;40782.93
2663;95615;8968.70
6592;27101;4119.26
8392;76178;16424.61
2306;38016;21224.59
7776;28932;27137.54
6864;54653;18627.46
8526;62802;39497.69
9901;17549;1975.58
6575;88933;21594.06
6530;35362;19118.97
5413;57842;32382.45
4748;56539;48314.15
1663;43717;25523.67
2998;64596;49343.97
8994;33016;15119.45
2495;65200;1553.10
4304;90268;8291.50
4763;70287;19762.29
6232;93402;15823.53
2853;52607;4861.74
7585;37621;21638.68
2291;22823;16912.41
4581;39986;6139.73
8554;74325;14812.90
8280;67771;44322.94
2636;64973;15109.42
4696;24690;35700.63
1698;49107;30606.23
5737;67888;21364.79
1854;20956;11958.89
9164;96839;18457.04
6855;66227;29609.44
8392;46533;17544.15
7528;66234;10752.67
6249;77594;5831.97
6172;66901;43989.55
2707;21519;22021.25
6791;41115;31264.16
6535;76266;24525.61
5931;11832;43629.60
4510;51368;27351.27
1202;98425;24044.26
5218;79715;46230.80
9958;81835;35987.28
5389;83366;5586.38
3327;47570;8893.45
9004;97977;39358.27
3931;16615;41794.21
8777;82298;27264.09
1197;48311;27727.22
8125;33434;31600.33
2930;96879;21961.40
7287;25739;34013.15
9800;76202;5432.98
5282;89599;48064.35
3511;43649;37510.24
1659;57445;31562.40
3811;49470;15822.94
8098;84965;8056.16
7546;58621;20473.05
2986;42926;33082.22
9338;47997;31689.15
3911;69940;19138.23
2734;50724;30668.19
2843;41704;40689.28
9680;38391;1323.98
3976;73291;22536.55
2959;99723;37930.18
6759;12526;27311.76
7694;34686;32577.29
3385;83339;25838.65
5736;16574;49593.81
2802;18733;2740.53
9155;60290;24557.33
9120;82793;4579.91
7616;46051;7997.68
6534;25909;19158.09
5061;99682;7785.45
1262;87338;48184.72
7287;83432;47340.02
9815;38133;16812.12
3049;61571;31990.99
6423;89062;26692.33
5548;60908;40781.19
4108;21278;31376.01
8158;61458;22.62
8400;74265;38161.09
4170;66782;37344.94
3255;65415;25491.04
2154;64160;45146.92
5499;64399;45423.23
7295;35298;26200.34
7197;32191;30403.33
2648;66964;49826.14
6539;43092;14948.02
5199;99407;16237.62
9445;85257;9146.87
3557;72513;44794.39
6592;61097;37226.97
1098;40279;5291.09
3200;24404;49088.55
3961;80022;36550.78
5973;45198;42527.60
5433;59997;2417.06
3869;88692;25253.00
1956;10567;34932.93
9352;71032;27151.90
6699;12179;33335.71
7944;12019;40895.52
5493;91455;18723.11
5911;95239;42434.95
4987;28704;8154.18
7015;28030;13551.59
2218;79445;2176.85
5496;83551;18227.70
5735;13420;19001.68
5555;69875;40265.48
9050;57653;32660.00
4446;26740;21841.76
2045;75263;32609.18
7893;74559;2648.64
2693;29465;9021.77
4436;61432;31351.12
9754;14131;32071.93
6895;20652;38708.99
4354;74973;20155.96
1225;97043;36130.48
5893;57147;34202.18
8022;57671;48170.03
6600;99342;10764.36
8996;29171;27588.46
8683;96129;30092.20
5642;65692;49932.41
8679;68541;10067.20
9208;19470;26165.67
8339;71344;17315.80
3205;54308;26299.39
2069;60639;11614.11
4444;31326;2390.14
2060;14597;28632.55
3327;40788;16799.36
4420;75020;9105.25
1301;59477;16203.54
1606;43071;2473.52
4170;80603;47522.61
1699;71923;29061.58
6088;80560;40740.29
1190;83251;21161.68
1980;67492;45166.70
3975;41770;24171.08
7102;86762;28701.53
2184;45399;24594.78
4327;88948;36666.58
4394;67439;28337.14
9319;54415;13587.23
2816;22569;7285.52
6854;12369;30310.16
7709;10528;24464.11
1569;40314;4807.83
6442;28047;19786.92
2895;29748;25743.67
3733;45109;41346.39
4863;23919;3814.29
8455;57498;17431.28
5014;65808;41134.58
2686;90792;32424.71
4009;80441;14505.02
8806;84420;42268.30
1154;38906;24669.75
2409;81486;24922.61
1784;76896;48829.60
9096;31946;47356.35
8560;57020;17933.05
8343;84266;7037.55
8206;32161;16290.08
6596;37738;1533.86
6801;13925;1048.19
3806;18463;19782.15
1537;67153;47051.58
6986;92948;43569.15
2841;71009;25577.03
9716;97938;28265.67
7971;51552;306.62
6625;66271;10782.90
3950;19797;1248.46
8992;96130;37729.43
5780;81942;7290.83
3368;23965;43453.66
7655;23733;32169.78
9173;63223;11478.64
5495;36926;7894.44
7002;38783;31384.96
7614;93360;45042.84
6919;46394;35920.83
1853;74796;17433.85
5146;38287;29373.31
4769;92104;15544.98
1574;40436;49957.49
2148;96916;37444.47
7293;83567;30722.94
7457;97483;21168.72
8509;13188;30911.43
5777;16765;17087.39
4854;61626;1452.95
3491;98707;19760.48
4124;20807;46524.74
6691;20204;31318.79
4051;67944;4206.95
1004;52120;44250.83
6222;32658;13451.05
6315;47081;12196.04
5869;44986;14861.58
1876;89322;28864.34
8027;60304;27238.96
5142;75592;24575.77
7966;68548;35879.67
8079;49986;15833.72
8987;84095;39105.41
7799;98281;8774.33
5465;76151;39133.21
1635;83598;33193.87
2693;38214;34163.58
5752;48745;24082.85
9311;52548;33353.41
1830;20681;3999.05
6177;16984;42579.04
9932;37579;2786.81
9308;64933;7445.59
6949;37399;28843.72
3838;41481;36973.18
2150;10944;3821.82
8560;19114;46039.03
2931;49846;48680.65
2664;93666;30301.45
2081;87848;24067.36
1512;42596;37072.33
8805;85287;16424.58
6237;16907;24668.29
1559;38114;45808.39
4672;35009;47783.21
8404;94846;46354.19
4343;60241;13129.78
5070;45725;11631.13
1580;28996;14890.25
8004;16047;22071.14
9130;38767;15715.23
4147;26347;18716.90
5249;34102;31035.64
2679;14263;38128.66
4506;77438;36780.55
8253;40540;40723.03
3744;85726;1618.90
6188;73769;2396.21
3141;50843;39471.25
7617;37690;26658.61
3479;12994;28911.25
7484;77546;2638.82
8421;17377;12773.14
5452;88572;31921.33
6881;36467;42960.50
7665;10048;45850.00
3849;46978;25025.97
8390;57606;27278.26
7905;91574;41654.15
3489;83414;26885.85
5611;59222;25847.76
3839;58115;45255.15
9527;99606;39498.74
6878;50647;45454.54
7303;64607;10920.17
1851;67410;26223.53
2687;31996;42125.18
7833;64921;5566.28
3427;93697;39735.16
5000;56022;9156.84
6052;50148;40407.86
3738;77764;30603.93
6732;18888;9669.87
6387;98666;23672.98
9002;49159;34098.44
6536;52197;31696.31
4913;94326;21368.09
2066;34474;44969.33
8723;27333;25967.98
5380;46355;25298.31
5107;83903;3121.91
6726;76258;46106.80
4373;41145;8864.06
9945;85675;26421.95
3082;59854;40180.34
9967;77664;10780.51
7748;96153;26373.39
1417;45285;12041.84
9306;27533;37987.15
9808;42624;28221.41
4974;56996;42800.23
4267;56947;44728.95
1825;37956;32440.19
8668;61030;36272.31
6745;68597;27465.51
1412;52443;19227.59
8543;75464;32409.41
8587;13952;45415.35
1728;66880;20839.85
8164;62201;15727.36
9867;52460;19427.96
6988;32796;21775.53
3504;41746;3687.32
3967;96785;24927.11
3786;10015;24720.77
2122;59757;29426.31
5079;35957;18147.37
2571;91541;30659.25
6073;31292;43912.03
6104;41876;47773.99
3143;70727;29184.77
7806;57046;2139.12
8357;24817;48462.11
4440;19759;35296.04
4766;58432;16804.82
6644;16412;7366.41
3914;67757;7179.50
5968;30504;8395.54
6917;18507;2288.17
9787;31050;45108.69
1728;14820;27043.00
2365;17835;35000.97
5492;23587;41407.14
1698;67732;39579.13
8186;61921;44131.46
1395;55499;48363.06
8400;16840;21959.14
9082;75077;47517.27
5171;41440;36167.26
5360;45183;3542.70
3502;12389;34092.34
1717;65076;34338.97
3782;76299;45293.97
5946;99461;18652.88
6486;49023;29249.73
9335;60029;619.26
5980;49941;16610.44
8266;98993;3121.56
5491;63950;26098.43
8192;96959;40874.21
6588;86054;10330.07
8651;75363;26376.78
4636;71742;10208.39
2167;55215;6043.22
2062;57857;25554.73
3156;65476;3966.64
8860;38173;29371.86
6161;19395;1576.56
6305;69768;5344.68
7541;94743;27504.37
5729;56229;29574.46
8330;36639;1459.06
6334;72583;28673.11
9924;38924;41926.74
5330;82969;36118.59
9010;40104;6567.94
7801;47594;29627.81
5846;13664;33615.90
7731;20528;1871.19
8241;38190;42768.83
1953;76033;45314.31
3539;71161;42524.11
8056;83177;41233.33
2542;80179;37250.81
6293;80592;31675.27
2191;42899;33934.56
7313;80979;40321.70
7938;27241;33128.30
3681;56211;16393.07
2540;73472;18804.30
7172;84248;44853.90
6541;83757;865.93
2365;41346;34944.04
9691;91196;47739.33
9702;87124;35314.35
8494;52220;49695.66
5312;27942;34380.37
2324;59167;1727.81
4141;46373;41352.22
8419;77143;14238.65
4486;12016;22308.40
2810;79110;15611.47
7588;56309;13435.02
3923;17274;21575.97
6301;25748;18943.78
5186;30175;31670.60
9905;21826;40659.43
6977;93008;14861.46
5268;44129;10693.92
5748;80009;33348.09
5849;33490;33519.30
4709;51435;45057.55
7619;85017;807.12
9647;18520;42653.50
4072;93106;26054.90
7530;71877;31068.89
1504;29798;4577.66
2214;64638;21636.42
2531;79072;11372.85
8576;77309;12718.71
1823;39894;25209.71
1928;72963;40624.67
6029;64567;37191.61
1133;45326;29554.09
3105;65059;26975.52
4627;15079;21371.03
7316;35838;48635.77
2852;97340;28014.03
5910;57109;12705.78
5175;95211;11512.24
6348;35594;30571.54
7190;52749;26146.15
2256;46292;394.81
4376;84534;41504.97
6645;89233;35209.08
4486;61818;33094.85
4584;23429;3448.35
9053;67748;18109.17
4330;58807;46769.76
3703;17140;43130.84
9662;73226;14284.29
9120;24901;7861.37
8114;98815;22459.91
2353;38525;17797.96
6063;30491;34114.50
9549;78816;48322.08
8575;44980;18156.44
1667;18078;3120.59
5468;99521;44881.72
7819;58704;1907.11
4719;26997;47638.77
3745;89810;33232.33
8483;10868;47085.04
1539;36398;9990.99
5964;91578;2044.58
5835;31246;24415.62
4775;30561;22536.66
7042;26254;16581.30
8102;44512;47883.25
8312;99532;41130.96
6320;87395;33082.49
7132;67865;8151.29
8891;33580;36718.83
3779;80959;36353.35
1924;82144;21259.16
2581;52485;46240.05
8714;60621;8357.22
4324;60665;13374.20
6713;80412;3170.58
8026;60603;39774.59
1255;31038;31091.75
5804;24325;15753.87
2838;45892;8199.05
1009;11753;2016.99
3871;27996;8345.61
9989;78811;22669.70
8409;84283;12366.38
8418;55211;12956.52
6124;72820;43780.06
2015;10824;25761.73
3193;23880;36465.31
9415;76617;1795.19
8449;21517;18264.52
5158;31683;23963.68
4925;26876;9328.98
7970;66354;6018.38
7938;83802;43516.49
5784;86719;46972.19
5000;96602;3949.55
2633;88413;17457.45
8266;19982;47914.70
9702;84504;4167.26
1384;36598;32185.63
1404;24639;48611.35
9175;80210;48911.40
3000;79852;23566.45
6989;19695;8145.83
2460;58582;10112.19
8190;41094;44481.17
8140;70635;45585.03
4636;32187;30397.90
5809;11214;38311.16
5178;33940;36999.16
8245;54406;33094.46
7600;53481;41365.57
6997;25977;34273.48
3048;54839;26704.78
5780;67874;11855.45
1716;68414;37196.97
8939;35538;23677.16
6565;66241;14746.64
5544;83501;40099.29
5976;85133;34838.71
4419;70481;46867.60
8239;37740;8280.43
1249;73328;32462.97
9865;82105;12219.53
1770;60643;45180.11
5363;21881;4983.98
2077;46996;32811.53
9427;42177;39556.38
9580;47177;17752.34
8901;76126;47707.36
5858;66531;42538.03
7544;36119;14737.97
5719;37915;386.98
3814;12708;14839.89
4374;48749;14072.71
2252;54989;44499.33
7996;32106;48356.39
5673;27131;3531.29
5530;56553;23570.03
7881;68144;27421.12
7949;16553;4654.65
7241;27881;18881.11
9017;11379;15860.95
7941;79306;26807.46
8002;29726;33062.93
2331;19088;35177.22
5261;44314;6846.38
8648;65041;40649.26
6115;26350;33930.32
5637;91397;44454.86
5854;89509;22472.31
4177;27769;44695.55
8730;57249;43290.05
3180;92862;21926.08
5892;56365;19063.35
8043;60185;46641.27
1137;12786;35761.09
7327;11620;46412.98
4472;46303;39850.77
6449;29589;30468.78
3832;12882;5801.48
4579;72248;14581.12
6971;59322;48442.43
5164;34524;15977.91
8941;19745;4671.81
6569;25861;35380.59
5300;64261;36702.87
7269;12837;14280.03
4818;84135;14890.62
2906;91447;23449.96
7254;64380;1099.23
1760;96089;39468.26
8830;59831;15861.27
8350;99349;42689.62
7238;48255;40133.49
7090;39520;33073.49
7031;39541;16250.49
8687;75772;25820.66
9472;37350;22247.01
2887;54397;16950.71
4266;87085;42408.33
1666;73865;24180.52
5188;65956;41637.83
1671;37453;5269.87
7777;72345;7059.83
8570;22906;48866.24
8956;24988;29392.55
6124;37723;25493.39
6585;43800;26162.57
5777;49107;10771.29
4900;37430;35938.01
7677;42535;4248.18
7981;78476;28670.45
7376;97329;28542.73
1523;87798;45710.28
3393;62284;26313.88
3593;66232;6861.76
8240;54420;28641.94
7937;47710;4575.47
7190;82497;10197.65
6240;50498;1565.12
7493;41283;25669.55
3878;76169;4235.79
5143;82358;23475.02
4644;72457;46647.92
5432;35968;35990.87
2276;72508;3879.81
6811;73220;11218.25
1302;95366;33686.38
1638;15738;44736.15
1055;13098;1655.60
9717;83633;40624.43
9150;88672;28095.08
3125;48244;27309.11
1364;18253;47891.08
7809;64333;37384.75
5621;60969;42507.44
6126;80423;17706.24
6122;54411;27722.66
2646;85028;30774.13
1918;45421;16085.98
3797;11454;28516.70
7506;27522;11840.40
6870;48575;7177.35
2531;13192;18704.77
9172;65268;36967.09
4345;91311;45810.20
8673;20402;22891.13
7949;88610;32144.76
7882;90781;5160.83
2906;46527;45224.14
4086;62181;28434.52
9152;37002;39019.11
6750;91219;39724.12
9905;22460;12831.46
2062;40482;26463.43
2976;26447;48024.38
2296;58228;4490.83
7229;93265;34155.66
8641;60126;48113.58
1125;30545;15035.85
5632;65114;43073.78
7288;85350;46683.54
4596;67801;37356.84
7168;23890;11574.10
8561;62482;16706.70
9258;73397;1800.11
1232;11740;41574.35
7371;40121;42482.06
5206;21218;31639.19
8943;81591;17632.87
7891;98241;3849.78
7738;44722;37655.35
3472;59431;36329.04
3739;61543;45631.00
6401;52000;36529.30
2761;81975;41436.46
1876;40921;37300.27
4812;98747;31538.05
2460;40614;21354.05
2733;71189;45106.84
2605;27601;32551.92
6622;81543;19923.78
7767;30514;4182.63
7986;93312;14542.34
4517;77612;27190.90
4735;26292;13789.01
9434;41510;11069.56
3590;38000;26374.40
2063;40383;8499.32
5324;21785;40022.50
6342;50910;24223.56
1005;49028;28697.40
8489;34855;7377.69
9659;34281;16235.57
9195;14841;20510.38
6966;70155;40412.56
9837;36918;38510.27
1117;66313;11156.64
3551;27443;30812.79
6560;42250;12180.38
5289;11922;49412.48
1846;41976;47606.67
7316;21991;28167.60
7469;63744;34948.14
9915;32733;40073.50
1224;12473;36052.71
5208;18108;34994.44
7283;38715;47928.11
3048;42210;29826.84
7233;47317;31818.77
2828;75516;42464.94
2917;43362;33497.84
5234;64604;36649.30
7988;14889;11716.09
3026;99557;18569.63
4744;83748;7373.59
1009;41971;25293.21
1260;60551;22791.81
7038;13201;49858.17
3219;99882;30564.32
8041;47958;39324.38
3060;89251;16707.39
6287;15681;41578.95
2619;56870;30758.10
9512;92256;34852.65
2342;77203;14728.59
3832;38152;27436.43
3824;60061;31705.51
2994;67619;29458.84
4490;68235;45760.53
8984;83740;44914.65
2604;47890;48549.49
1235;71401;33374.73
2908;21217;48595.99
9567;58351;41625.58
4530;43741;13548.90
6256;30654;21377.51
3635;71314;11927.24
9162;11408;219.82
3560;52903;9410.56
6415;94208;212.99
4391;11218;35994.72
6951;60572;21282.46
6468;68798;15635.61
9007;40105;38088.43
7413;79634;41626.01
7941;75063;48765.22
5820;17619;32104.26
3898;21939;23081.83
8546;28226;15270.16
1077;35322;11123.69
8577;68215;10654.17
5227;26878;20465.38
1600;16560;49589.40
2065;48278;52.68
3136;46212;9868.32
7943;83079;9427.77
8804;33946;35858.80
7565;41740;17630.71
6984;17253;22868.47
6142;89311;7439.72
5670;42813;20255.80
3190;74331;5168.96
3712;37632;26656.83
3192;58365;4905.94
2248;77593;39527.51
5033;43431;28334.42
2997;47436;36201.15
4687;28413;20931.63
5018;48485;19080.75
2970;78232;4919.46
9389;26101;26197.54
6765;18831;25729.96
2202;94583;23410.42
9135;61897;37028.51
6567;15004;41626.89
8667;98241;37541.98
6742;55924;7201.85
6788;31509;31106.75
6408;47170;4025.35
9669;53555;34734.17
1922;24662;19098.14
1419;75930;6633.62
3204;57403;43103.92
2120;46365;30704.28
1950;72188;17742.70
3336;86060;1546.05
6373;36673;26870.14
3243;73471;46162.06
3645;27156;29823.03
5612;67287;48582.81
2865;11645;6831.19
7028;69076;28419.57
8326;85351;39908.27
7371;60151;26281.78
7359;77384;4562.41
8863;43541;29148.47
4228;82847;30590.78
4719;97099;36438.18
3371;90739;38062.96
3891;60955;38540.93
4756;19290;33175.59
5225;68942;10798.40
1094;92667;20217.75
3674;40143;38808.74
7898;34509;47671.81
1793;97780;3956.56
3116;46741;26781.48
6779;36898;15632.99
7166;95674;11277.44
1814;72948;25295.48
1345;71768;30308.41
9554;53262;498.51
3443;15506;39012.53
8783;30605;40995.91
1984;88590;48275.89
8790;38231;9040.38
1827;89397;29731.68
4531;87123;21337.00
8147;23515;16748.04
5451;97211;28286.02
4876;48622;39121.33
6959;26600;1162.41
1126;37892;48470.31
4177;93279;40495.98
9795;79310;37560.17
7024;31801;38021.77
6109;47695;19459.14
5146;38853;37583.51
8196;14429;19344.64
4368;14606;44936.35
4797;14478;8869.35
2792;93816;14624.45
6732;50134;27571.36
4476;79963;15967.36
4417;80897;21217.62
2645;35475;24626.21
4030;76177;42819.10
3872;31730;26164.38
4072;31113;18129.37
2854;30011;12394.33
5021;65746;20439.71
5662;52853;25791.65
7514;95195;37308.28
6031;46818;6061.23
3708;47321;11088.24
8112;31309;18988.90
9393;28688;18026.32
4507;38176;19593.49
7456;78879;39678.13
5212;77592;16214.48
8970;94728;25099.89
9766;99012;31199.11
1536;19416;11616.61
2625;49994;35937.58
8973;76422;27360.09
9577;18584;22344.59
9070;28830;40491.10
9666;95825;12182.33
9609;87066;44159.97
7490;13591;28056.83
4600;31395;30462.65
7783;64182;43754.20
5971;26738;40880.96
2205;12631;30082.09
2990;27905;37661.85
6299;29056;21671.64
4572;99082;27373.41
6975;45447;3112.89
7320;64418;4502.00
5380;47190;41472.98
5757;36014;2992.99
3713;82999;8478.26
6588;60278;39793.67
1966;11780;67.29
5944;69258;14127.39
4432;52192;29206.09
1688;69300;29776.54
5243;53923;38859.87
4701;99196;25301.25
9533;12395;25475.00
6182;25779;36268.28
7704;81028;24936.24
5422;39722;30428.47
2759;17111;44889.73
3482;19984;20078.54
9058;82328;19262.40
1951;36924;187.41
9914;62703;30675.18
3079;42577;1498.30
3717;17711;25212.38
5524;95548;40213.65
9477;14096;27500.55
8311;76555;13489.11
8186;99848;39310.56
3065;85012;13493.15
1768;18254;36654.26
6490;87120;30516.82
7645;15965;8508.11
6083;87000;45257.64
6232;87975;10040.18
6797;67987;49479.46
5926;42963;375.45
7016;13273;13181.53
4335;25330;10001.02
9038;31494;709.53
5873;86422;36621.07
2481;13212;34674.36
7305;93441;39619.62
4451;97594;12842.36
1054;11080;22222.32
8643;42675;32959.08
4462;32007;21994.03
1832;92641;34869.32
6954;56815;31702.33
9519;93482;5741.24
8221;10639;39054.35
4310;73593;36036.61
4300;88038;32795.16
7722;13736;7763.13
8218;26473;13407.14
8776;44019;19664.92
4675;96623;14003.68
4054;46820;11398.24
8970;94861;40269.83
3143;67589;31915.23
6207;75807;28277.95
3538;28414;11305.38
5547;34220;45904.65
6619;70531;9567.24
9356;52425;39749.60
7612;19387;48333.97
6005;86815;36357.37
1822;37584;49643.01
1943;54783;32556.05
7150;49809;10880.84
5425;64327;10198.94
9966;20857;16234.97
3198;52261;366.43
5242;83588;34088.11
4695;26995;13440.70
4452;23580;40761.01
2308;28240;17965.04
5177;93446;24003.03
9705;85752;48284.79
7852;56111;12116.18
7035;44866;36065.49
4594;90974;37758.34
5841;83401;11057.70
2409;92093;25054.83
5566;22211;17516.59
5491;68985;38597.59
2555;43268;31127.94
1804;13646;23804.39
2279;65371;38970.37
8083;52816;11765.43
6986;99460;37683.56
6619;54112;43270.06
2387;61048;43932.29
3679;64911;39185.84
3106;85446;20406.63
9173;11778;49090.58
5223;55752;18985.89
5831;94977;31934.88
3768;80726;8062.10
4186;90840;49022.64
3573;37289;35202.26
3599;54788;37671.34
5033;14747;3298.18
9428;84822;38173.26
2304;10045;38738.42
8368;17758;33591.92
6877;33437;14602.56
2301;29585;24489.61
3541;19854;5530.61
3051;62076;23584.64
7809;66950;12198.75
9633;27349;17461.36
9996;31348;8138.39
1074;44296;11510.42
7981;29455;3837.67
6475;88824;45995.87
9232;64021;26525.23
8184;81923;19843.13
6796;49293;26756.11
8141;98552;31418.38
2622;56116;46094.72
9041;50484;8942.86
1341;40215;14784.67
3074;91638;48789.71
8992;13404;18565.94
1645;47260;1137.86
5263;75642;7390.70
9801;90731;1326.67
7136;56009;49496.26
9646;39605;13950.75
3969;63205;46177.90
4028;47569;49794.35
8643;15580;29996.06
3681;15400;1669.48
4629;49643;4088.77
5225;96173;24084.64
4067;49015;20314.54
6941;81713;30312.80
2386;82805;21948.00
3866;24974;46704.50
5788;24037;26741.64
6490;94292;34689.37
5124;26167;44825.30
9340;98754;7352.13
4850;53148;11494.44
6415;82153;5374.86
8679;31534;6990.52
7819;96078;25634.07
9378;66879;16065.75
2333;75839;21164.41
5150;39756;49124.67
7766;22683;7843.65
3711;59485;27045.20
5853;21025;4952.57
7212;96426;15931.63
8479;28715;26381.02
6408;80097;47332.12
8715;97116;19567.50
9942;85705;3254.69
2762;27116;19414.19
8101;46744;7295.60
8674;97579;11507.18
7122;12124;30908.35
1481;48051;3380.52
1153;17176;23241.54
8617;74818;30476.98
2524;28676;21098.70
3120;55177;966.13
3343;10997;49276.11
6136;69330;18362.12
6760;53769;38931.07
2240;88653;16289.07
1060;21231;23756.09
2639;82976;19429.30
7185;95447;17133.54
8970;65965;1102.35
2252;91144;18007.45
5203;71517;44475.60
9363;37387;34522.76
4549;14090;7279.69
5197;34945;29561.84
8009;50239;44612.62
7667;13743;35004.70
3322;40924;7442.73
5090;20196;43392.95
7960;78860;15084.19
4004;51400;22709.27
6136;95177;26311.88
1329;90399;42526.83
4640;58795;46581.06
8982;61553;46483.35
5107;34111;407.63
2341;73083;46095.21
9407;71600;2728.80
1338;60022;13296.03
6895;13199;25754.24
3708;60897;24001.49
2750;48038;30239.44
6604;65038;23977.52
3421;17897;46719.44
8119;74541;12035.04
9901;24892;13708.49
6319;18271;46037.69
7609;34815;3846.21
6387;55612;30481.95
4993;43357;34089.98
9680;85088;25282.03
9044;26267;34714.65
9238;28268;8646.00
5873;24263;42633.09
5806;80935;7009.88
9592;69660;20046.61
6913;75527;3772.13
8124;73379;27265.10
4157;51271;33490.59
1390;76612;47061.67
5430;17235;36969.42
9820;98757;27059.73
8686;26417;46631.52
5232;44609;23927.06
9007;43902;28064.67
2521;33645;29808.97
2500;72873;20504.89
7737;97218;41925.75
4294;74558;9266.95
6085;72233;27746.56
3419;33401;36114.44
4042;17771;45199.77
5497;51335;44197.08
2466;84451;25441.93
4561;89434;32161.64
1614;77449;19717.94
6392;11942;23414.21
8693;30388;45314.23
4223;93251;46535.89
8138;67042;44771.75
3667;63740;6927.16
8980;75873;42505.70
1130;57024;47418.70
3983;33450;18068.87
5278;66965;25937.13
8126;20057;38956.97
9230;18983;28108.29
8694;29995;49674.24
7640;87681;22791.11
6468;48886;35700.00
1920;99025;39631.63
8564;12673;24710.08
9684;44890;42850.62
9502;87513;27312.27
9930;33466;20588.42
4241;60406;5400.11
1545;13688;19676.74
5346;79284;36699.48
4810;23665;46065.11
8206;30641;12591.45
3032;42500;17768.22
9436;45797;7706.51
1271;94766;34539.24
4511;55950;48009.82
2771;35046;32051.20
5361;19638;30857.66
8069;96363;27678.96
1920;31173;4431.90
9190;23222;36477.90
4430;60064;30106.46
5435;47010;33077.22
4760;28095;44941.57
3050;11439;39200.20
2165;95550;39047.95
9567;15375;46359.92
3033;99023;49496.85
7467;30600;29068.32
1145;12466;5452.99
5388;55097;22961.90
8832;63276;39382.18
9623;60117;1395.99
9896;56971;2853.80
9173;16928;3367.22
3632;98016;36554.48
5494;65309;25063.32
9056;84647;18451.21
8511;50888;5289.80
2828;53832;36614.69
5805;19404;16057.78
1806;43639;13273.55
8486;88118;32619.44
9202;70598;27954.95
2868;76399;18126.91
8878;37684;32077.96
6690;78591;13568.36
8827;87722;39743.56
6429;12682;11473.65
4564;48046;7950.30
2389;31832;39124.15
8274;26997;35397.52
1824;44640;9140.12
3265;86882;5821.13
1936;50491;41921.57
7402;73043;38832.16
4845;82725;16369.60
2796;55520;32913.29
9245;72919;6216.77
8214;74442;25357.31
1726;31770;946.33
3736;57498;19586.18
2913;71477;3751.39
8657;10244;23762.61
3466;42788;21089.87
8312;89453;22224.81
9194;67737;2276.11
8906;56489;18087.20
5876;81303;37826.63
8287;38390;18452.03
1892;20247;35761.45
5675;79051;18480.24
2933;69719;21167.74
2380;44678;28198.97
2290;97802;47534.59
2640;86286;5451.93
8490;39583;1655.36
2218;18076;30401.78
6016;28006;47455.36
7881;25051;49486.26
1954;14314;24213.37
8291;38670;23409.40
1974;77551;32251.74
5133;20236;27786.18
6370;45568;31708.06
4972;70314;43701.23
6295;26352;37317.85
9228;55650;24848.90
4020;20346;23098.60
9987;35156;31983.69
5036;65904;22790.76
6068;24035;22894.39
6233;26108;825.13
1317;12853;8711.47
3396;94156;24430.80
3162;14176;41134.45
3745;35920;13943.56
2591;64850;26136.95
7183;16829;17254.65
4930;83927;5249.15
2312;94860;47915.34
5311;50667;42735.15
8314;75842;3933.84
3383;45843;35992.17
4239;60808;17385.52
3139;40543;49742.54
2704;82780;15126.90
7924;16611;11944.53
1362;98242;28398.85
3604;94612;41757.96
5286;56902;9634.02
4738;43043;35473.04
3469;15271;3079.72
5795;82867;45947.55
7150;87089;4062.94
1556;68745;45712.43
3808;72077;24545.45
6150;69119;22410.07
8561;21573;48665.62
3719;31409;49519.31
7506;95970;32512.40
4741;34464;6364.69
4998;52840;25313.44
3403;58785;26462.86
9780;30662;25727.18
1294;28228;28478.90
6343;70721;946.05
2136;59223;35564.25
3064;17386;35622.59
8009;16862;5782.33
5543;50108;28516.27
2007;85023;28422.38
6445;90140;34125.70
6352;92963;4279.03
2435;37201;31328.90
1571;78578;14044.79
3382;59966;25355.08
6084;64774;38668.44
1277;20386;35285.24
8059;87228;5953.96
2887;25225;29563.33
2265;26693;48456.14
8491;82197;7846.90
2040;53021;42646.83
9073;28261;35130.38
3752;37378;38702.43
9213;96755;14105.10
5569;21937;14401.57
7353;76330;45301.91
3353;57366;17998.00
8437;82322;3160.14
5799;50160;30033.83
1686;55313;6249.64
9476;37032;39831.85
5811;27358;32090.90
9954;71710;43737.58
6346;96157;39244.01
6043;58821;5614.56
3428;38365;19059.72
6126;23189;38730.27
9220;86749;20872.90
8813;17248;48618.55
4356;14369;36789.67
9707;73763;784.84
8266;18050;44000.48
7540;38605;5049.23
1038;59616;7034.78
4342;64479;36727.28
3844;90934;43249.78
2098;50883;26822.12
8027;43055;14459.60
2823;78731;17572.26
4155;17450;17151.04
4093;12925;16340.64
6658;90051;12153.05
4778;60272;30447.27
3896;15310;45021.26
1988;41817;15361.05
5116;54528;9342.85
7446;65779;41930.50
5179;94816;37091.75
2682;92641;46542.54
6626;94083;8284.33
8424;86310;7221.12
1933;25457;27076.06
4598;52311;30725.54
2980;13980;24013.87
4056;30886;29952.34
9984;87112;9027.18
1791;60877;23985.89
6390;46181;32908.05
7635;43262;21641.00
3255;10947;33975.57
4610;10022;22565.05
2607;11128;16686.64
6179;89522;15187.22
7573;42322;20550.99
1984;58929;1164.25
6776;91696;33429.57
4676;19808;42256.83
4380;62882;17737.81
9711;31725;2311.20
9782;82534;49338.91
2050;49950;13192.28
4633;98954;6339.79
7342;93576;18493.93
1959;30557;36930.47
7059;31825;14702.89
9884;18998;28739.41
6655;46080;20783.84
5473;67797;5897.02
3946;25802;16521.05
8725;21167;36246.28
1526;52407;30604.07
4224;23338;5997.72
2875;86289;8174.49
2763;81520;32040.26
9712;28895;40672.64
6797;57910;17480.23
8099;75898;29769.58
6109;13454;8540.47
7644;96540;15575.70
1116;70797;1023.31
3433;93137;38416.11
6463;60637;20056.48
1583;15349;40808.12
9586;49963;35421.57
4788;85583;41438.93
5167;17750;14290.08
9465;32463;9263.59
2389;84935;48595.57
9357;68792;35869.22
7154;23686;41703.77
6420;73528;666.54
9920;32787;17729.54
3043;24776;37143.41
5197;67427;3908.36
4496;71086;28371.32
1778;73308;21459.35
1213;25797;890.65
4762;15302;11806.42
7731;73172;14246.75
4117;48059;5601.88
6791;10908;31580.53
9783;70252;12127.47
3720;90659;13888.20
9905;22877;44912.95
7047;24239;23361.48
9032;96971;19612.49
1001;37313;36196.31
7368;52103;45481.59
2949;58408;1261.57
7732;93251;22417.46
8833;98771;30542.96
1917;20534;15934.97
4174;53060;38622.66
8014;27189;48574.14
1089;96067;47171.93
2709;20967;13306.47
4041;91991;11324.65
1105;75563;47874.95
9619;18660;22936.84
2895;49823;10422.80
7090;65842;35352.78
9508;19616;14228.17
7082;85976;13369.68
1634;58738;43963.66
2925;23107;8132.33
3056;71404;3229.00
7917;25954;13466.63
4144;26943;30351.20
1552;50725;6163.16
9907;55434;23585.02
6383;95751;31370.58
4911;20110;42438.36
4389;97091;11501.18
9442;26462;40869.14
3430;89232;11752.96
1458;64081;33841.56
1207;62799;21539.37
1899;76567;5742.92
1021;99301;35716.03
9601;61224;10895.95
1894;66063;8839.41
1514;65240;17922.56
8294;91352;32667.98
5904;27868;11707.48
8867;85973;9191.24
5109;90989;507.58
8179;32222;23587.44
2560;89794;21437.99
2266;73924;11701.05
4638;88513;2692.07
9941;64649;21468.50
4427;93749;39412.37
5780;20223;35766.95
2927;58166;43041.14
3356;49369;489.04
5790;96379;48321.30
1306;79392;17077.20
8979;69526;49519.99
4665;22661;12638.45
8057;25591;23582.10
1661;81718;17702.84
5644;65235;17794.48
9503;17970;42115.68
3920;57922;37323.48
9946;40755;49607.65
7236;29416;30679.60
7078;23672;23168.20
1352;93468;4512.79
8005;56996;49828.11
1158;84095;27581.02
1956;10064;35026.87
3071;78835;20343.05
9595;80385;27390.31
4453;15639;47129.46
7675;21055;8329.31
1955;69220;14625.71
7295;97594;7611.47
2712;39427;39612.87
5703;92516;3111.64
7563;74666;4090.77
6631;74274;14931.72
2394;20866;25714.27
5732;13889;20319.68
4714;58226;2250.37
1529;41335;47875.00
3958;60547;47643.95
8904;36162;13975.02
4591;99449;36578.97
7895;34687;28932.98
1525;20995;11881.46
7477;66488;13115.96
1001;12631;24562.75
1374;44954;20967.65
5648;15967;14568.55
3365;98294;40377.50
2525;97278;24078.33
2646;74471;32745.85
1013;47116;9471.78
5599;44227;26680.05
3278;11942;15905.62
4155;57664;26325.42
9321;38069;39043.48
4814;97342;38447.97
4216;24407;17717.49
9219;69201;34716.91
3113;90093;47065.08
5356;64348;31287.21
6543;91981;7429.02
5555;27878;33988.63
8062;93100;5254.17
4374;88629;43606.80
7430;65420;25837.86
4466;53168;19263.19
4081;64862;2859.76
1629;99622;19045.38
1269;92025;45161.30
6724;38004;1058.94
6897;30471;23737.66
4432;70167;46558.59
7276;93828;19748.10
6895;75308;21414.50
8115;93969;28932.22
7656;24568;23152.24
1575;19466;8438.40
8029;67324;937.59
7099;25467;30494.48
4192;85955;46041.12
4178;62948;5327.14
7052;26676;10555.53
3734;41514;18517.77
7116;32650;40439.02
4568;98290;13470.32
3203;87701;44103.90
2390;20683;2757.34
2742;69819;47048.42
2925;90978;28041.75
1619;14860;32942.30
2274;13729;18390.80
1956;41351;39101.89
2939;72744;8336.65
4953;34346;2455.10
1968;84155;19781.89
1281;86700;42686.25
7262;16955;37748.79
2058;75642;25862.63
5293;80290;28611.17
6178;54293;6503.34
7980;71336;42035.67
2229;31662;39350.11
5585;16408;32826.95
9467;50403;23314.89
3740;11225;48223.32
3289;22196;43952.81
2239;79786;32225.08
6370;25372;18596.33
1125;27279;30904.93
8473;64240;28776.29
6342;48187;19718.16
8351;58481;15340.63
7638;38475;20356.47
7570;54552;28699.83
4249;77969;21412.46
8595;86534;13186.09
7294;16858;38050.56
7527;84486;26578.06
6757;84474;3393.08
2969;35168;18422.14
1891;42099;44246.82
5470;81180;37764.27
8175;71455;16169.11
9320;64240;46909.78
7812;84796;3839.38
8519;64592;48062.12
5612;57458;12292.80
2198;68046;464.62
6238;26488;21696.06
7089;68841;17954.93
7257;10395;26959.06
8705;62669;39840.68
4719;20845;42123.12
1302;46059;20067.49
1986;28394;21497.99
5440;55906;7417.40
5909;69332;2386.90
4072;47305;32064.34
4124;52628;3231.24
9125;31352;36694.17
4291;96682;26959.12
5033;92971;9937.16
6105;61993;26980.75
1703;49386;9158.06
9133;66624;21942.47
1574;67065;39980.02
6704;95504;23101.35
8848;18539;7443.48
6208;11263;36194.20
7924;23305;9346.55
4828;63817;36930.11
4230;34398;23972.82
1488;85801;22692.55
8114;59107;42573.24
4173;42152;35433.09
2667;40624;1655.21
5114;66132;14815.75
4553;62979;43547.32
8761;68013;926.13
2000;73797;27267.22
2388;61798;36394.01
6450;26650;31096.59
4712;36014;38029.00
2367;86421;36287.34
9189;17434;34604.61
1454;40028;41078.78
3772;76558;32288.08
4726;34331;20126.90
8232;77573;23600.74
5806;84292;35839.07
3190;56326;43816.54
3875;92979;13618.22
6592;14123;17110.42
2440;26603;46537.66
9927;75941;28929.80
7059;52597;8956.30
8010;73238;33188.12
8117;94238;49538.20
3989;52719;41174.44
7228;51751;37289.60
7471;96978;10410.25
3863;27693;43808.23
2177;99541;26294.18
5760;47697;44465.61
1011;39992;16498.09
6252;73825;3111.93
5399;19522;23804.04
9234;55406;13499.18
6445;22121;35764.31
7570;24219;47855.76
9212;11617;34551.80
1406;53016;44347.83
5431;60672;22656.67
6243;34276;38584.32
7542;82240;42153.74
7936;65735;35546.67
9906;27959;25393.79
5146;38522;31297.05
1140;66087;35028.34
5882;19953;12661.69
7012;36567;40480.87
1963;70523;47516.72
8151;72708;23267.31
9564;32560;35056.35
4610;68390;36853.93
7894;78149;33115.75
8311;46660;27360.28
1105;55104;44083.58
6539;67805;22451.85
7787;34496;3064.54
3137;93301;42229.37
5445;13515;33702.32
4530;14454;42464.44
2286;32873;6935.99
8052;83920;1547.34
4654;23727;46719.38
8102;79070;7394.94
3359;59979;40484.52
9105;35465;41162.27
9636;63900;35438.17
7441;69799;6571.80
6047;31330;33373.26
9227;18302;44455.44
6203;88443;21282.33
2798;99966;20681.71
6291;82717;22148.49
6495;22875;4122.77
7284;37219;44602.36
8285;46182;43460.45
2300;90541;49895.49
7869;52269;29263.31
4097;89781;37562.07
5616;16457;10141.57
1009;16749;33379.77
6752;43064;32490.15
7295;19821;45061.42
5815;88655;41541.33
2072;17664;46923.94
4225;39281;43442.99
2316;41821;43436.01
6699;34647;3195.53
7807;79918;42299.64
7674;91985;30377.84
4683;92799;19028.42
8227;84944;2835.17
4273;99142;33886.91
8000;37603;16416.81
1145;56458;23394.14
6010;80605;34089.60
4040;29623;45589.61
1482;54440;41273.59
4179;92427;22535.35
2249;17704;19395.28
1630;37460;11996.59
9853;93045;18627.61
3852;92805;5561.21
1987;83511;48555.56
8622;16565;28700.13
8327;98003;6399.01
9841;14870;17646.77
2100;28909;27356.49
7652;19117;26648.95
9632;77474;1784.81
8421;54322;47542.54
6016;30128;13776.03
1769;79001;819.07
2343;10440;3831.44
5358;70955;29013.94
7780;59613;6897.90
7602;80949;2095.82
3349;21663;18987.53
6699;29547;31141.83
2241;91662;5600.87
2125;10005;15673.26
7764;17038;20893.86
6101;16414;7981.41
8843;97659;25308.63
1072;79506;4269.85
6472;86586;2335.46
6189;12606;25996.57
3472;26482;12402.37
1707;81873;4777.74
2804;43948;21201.39
7704;99987;45757.89
4713;30875;36212.38
6051;23057;40782.64
3475;42400;43596.98
4610;81458;48631.66
5255;78607;38164.70
8397;97561;30424.31
2735;37503;18277.64
9258;33765;9090.35
8979;56612;34336.13
3428;94335;49747.55
8426;91748;23373.26
9533;19428;36186.73
6249;41419;24759.67
6291;75195;21602.35
3817;83695;20521.18
4874;99846;25236.19
5211;49142;18351.11
1661;81540;37441.18
4374;48289;43714.86
1207;86948;44145.44
3665;68951;11392.66
3493;21755;44796.50
7813;94553;17084.15
1632;13890;15472.29
4083;27175;36340.54
4719;84727;15241.77
8123;75687;2657.79
2679;94983;18687.15
1236;98287;36076.07
8446;34288;16354.65
5443;56629;31481.66
7770;57800;33009.37
7099;47367;36689.46
9555;87810;44857.55
3368;87754;21633.90
1285;99328;8329.94
1148;78513;15953.10
5037;92762;21614.04
7549;39022;35697.43
8121;79329;665.98
5895;69414;15796.11
6280;11659;38994.33
2012;67941;33546.18
3785;47930;36589.68
4725;53473;40592.42
5576;65598;39163.95
6782;26040;34112.34
7257;79806;21988.68
3408;23286;49180.08
1340;79139;28457.97
3817;65916;10146.43
3496;27600;14647.71
6962;12291;34681.19
6299;23123;46237.73
8574;13811;8944.22
2689;88883;4126.50
4267;41276;44077.74
5406;64145;45764.75
9453;56619;13826.20
2442;91049;18870.51
9597;80678;33012.80
5437;98782;16503.20
6435;36714;43859.16
9435;65685;5387.86
5107;22194;1908.73
1560;83062;10432.23
9785;74037;14311.53
6548;29362;5655.20
2826;64499;3293.86
8629;56281;37782.83
9325;72813;8222.19
4138;54852;45696.97
8693;57836;18406.30
9264;14595;33533.58
8842;25402;11277.85
7721;75283;12023.74
8002;98131;28739.71
5225;52723;28036.54
3978;61322;38438.77
8373;56764;37893.09
6907;34911;33537.68
7097;29405;22462.04
6656;68122;44533.11
9984;99756;31132.70
5259;13447;49510.02
9286;63143;40970.30
6901;72906;2225.05
5917;20662;16036.49
9429;73001;28598.07
3530;68282;36076.26
2960;14899;27521.32
8045;38582;39308.66
2048;77471;14139.96
6772;52213;9203.76
3529;85871;2705.30
3964;93205;28669.95
8137;84081;34433.09
1963;93805;16314.22
1536;47830;30683.07
8340;17066;2617.34
8179;20712;4973.67
8967;91527;35090.72
9734;75365;18409.80
1845;97185;33569.99
6777;40806;41587.74
4036;22210;42632.60
6947;46972;8616.66
3494;44136;24319.42
3719;54297;36699.00
2884;25945;38701.29
5349;52477;39235.95
6179;89180;11416.09
7610;80453;9634.82
7430;95404;29504.72
8154;87413;37056.88
7488;23224;15963.78
5737;13052;5244.21
7525;37272;35840.15
4850;51150;14991.89
1689;27316;8326.47
6175;63389;7394.70
9648;73332;15752.33
6078;17240;29637.98
6448;78774;17926.53
2179;53175;1042.89
7406;10565;4854.45
9591;97298;14532.26
7907;81094;32988.63
9800;26375;4934.77
2638;35710;28037.24
6671;59895;6003.09
7928;86639;10588.65
2382;25174;8617.70
2403;97329;3370.76
4292;37597;33569.78
1419;84289;23175.54
5517;48397;41554.36
4302;81854;4953.55
8857;43069;7245.20
8870;95687;15329.82
6693;50274;38295.64
1767;84237;15294.88
3044;82498;20426.85
2549;48197;15087.16
7140;58634;4020.41
4716;40041;46972.29
5481;17248;27431.46
8898;95365;39393.78
7548;12203;32921.27
3293;61986;25717.57
5837;35370;4493.02
8758;45247;32140.25
7793;85922;7776.96
8638;10434;20725.01
8993;72982;31459.37
7007;75180;39113.63
6542;44474;34255.41
7356;34644;33579.96
9433;48493;7460.62
8380;93824;17312.97
3385;13959;2155.18
5268;57289;35976.65
1671;21143;47629.77
1163;49593;13212.88
9656;49115;4393.96
5592;32540;23783.75
5795;45481;42836.34
5798;87097;27603.19
7036;32578;2348.39
3355;22787;48713.87
6887;82048;41434.21
8961;62879;6588.39
6827;20596;46090.67
9737;70669;22539.91
5719;29930;18601.18
1593;57950;23058.06
5839;28687;41730.25
8394;62833;32977.39
4493;45989;2971.83
7164;40183;47880.64
3672;30758;7397.73
5200;11082;37280.94
1016;55891;31810.47
4191;55810;9384.53
1392;56901;8544.90
9616;93512;43517.68
7272;81062;20990.55
1571;31563;32732.28
4631;82008;25208.51
7172;12775;36370.40
8177;25828;23967.33
9433;27974;14376.12
4897;32388;18175.53
9123;90591;42955.29
3279;28615;23407.05
9980;47886;10680.33
8451;32838;46730.92
9906;50728;39832.06
1775;88000;2792.75
7869;62798;49947.16
3247;82776;34749.39
8088;80478;8021.73
1078;29622;11866.01
9080;23536;34625.35
8099;77136;38990.26
4926;15700;11959.41
8340;48839;12855.87
8083;20248;15362.96
7230;55291;29904.94
5940;92629;8599.09
4271;94891;5221.12
4456;27177;33946.42
8788;29483;38957.11
9599;53815;25051.46
8650;48533;18198.00
3711;10026;21607.82
2668;70611;19426.51
1147;97242;47999.65
7420;34660;38406.81
1365;65103;10412.28
5531;62253;19215.62
6330;52082;27205.17
6510;26258;30653.16
9754;99690;23414.51
9964;25389;40508.23
7493;37685;38382.62
6439;69220;25262.84
7511;37195;42722.93
8504;31797;37556.97
2246;81310;38931.31
4839;76332;47820.47
9551;72907;13330.68
3376;17188;13389.73
4009;33696;44448.72
2827;12024;38613.60
7979;83202;46328.01
9569;45985;3165.88
5285;16584;31391.58
7910;37044;7239.97
9561;15285;25199.82
3196;73115;7795.79
4747;17370;6412.64
9843;27903;618.30
6978;42499;31515.64
6607;32995;17957.54
1769;45200;5268.36
1780;98377;16148.66
7303;80402;8455.52
4983;23566;47085.32
9714;47822;16007.04
1521;61222;16704.34
8569;60668;41994.50
6784;73853;32391.31
5583;64643;35511.48
6946;32333;31803.73
5941;25958;47310.35
7267;62442;10357.97
8128;30954;49452.07
3461;85174;41549.50
1685;19675;29452.74
3160;99590;33121.96
8031;41661;32444.81
6341;74289;2929.23
1038;27184;10908.64
5875;57963;48073.93
2256;35822;26722.88
8697;72303;18923.90
3196;86465;38104.30
8165;15267;26230.70
1301;62647;668.01
8527;72814;36814.52
7381;46025;36613.56
1646;87605;8265.78
9789;10981;47833.44
9853;53436;11203.17
5330;28472;22892.89
8003;29336;5745.65
4537;35587;30168.08
5558;87192;18778.80
7579;94046;17665.14
9474;63013;41350.57
5082;94511;487.99
5183;19665;39899.36
9652;37097;28576.71
4754;62474;49305.06
2724;81973;29476.27
2376;35185;2778.40
9706;85911;2541.76
9894;40484;44158.82
2653;55610;42062.30
3066;60807;17301.04
1022;60907;30905.44
3460;67389;24484.67
6926;35835;48358.53
7251;63790;47498.55
8295;86960;49192.11
4300;19643;43323.77
7279;85846;45478.48
9553;28951;10871.77
8353;25233;41552.03
4727;23200;35445.77
7272;62275;48139.70
6995;97084;28567.38
1514;86068;4267.51
1448;99001;29873.97
7019;31291;34332.18
6343;52448;11023.85
9033;40580;19711.73
3520;31346;29929.19
4081;20619;18711.55
2428;11766;18753.64
4967;13549;6663.00
7445;28693;47037.93
3159;72019;37527.21
6132;58328;72.16
3547;87701;38283.01
3979;99100;36992.35
3649;35301;496.45
9505;54763;18486.52
4083;30765;30341.32
2037;54787;22643.01
4489;17425;38901.53
8604;22857;21278.66
8544;62771;7701.61
3634;32444;48821.02
4983;51457;12109.58
2778;89741;35887.44
8902;10704;7166.38
6110;15452;16457.34
6189;48862;22106.96
8378;71471;9619.68
2124;79217;22503.48
1697;96058;7866.57
3179;28300;27954.74
6251;19566;33189.03
2929;17501;3131.09
2013;11845;43557.89
1226;49181;9265.19
8321;67263;11275.87
2828;88766;33070.88
8909;73038;23442.87
6588;93290;24974.79
3023;44404;6416.47
5966;32564;40288.73
6891;67435;30856.54
2080;28227;6777.75
6036;57475;18706.23
3563;27215;40522.39
4292;81074;28422.07
4586;31699;5441.35
5431;22454;18645.12
7841;58217;12142.29
7643;31711;25878.10
4959;25059;42169.62
1161;58398;21818.99
1593;11286;21672.77
4390;44297;45268.49
6997;36485;28813.51
7354;69967;28313.89
1663;64583;13102.88
1541;61630;30390.06
6433;37086;28799.76
6093;26484;19848.61
1867;78623;49534.87
9623;69263;44095.73
6469;28675;37481.82
7256;70664;26871.91
2169;34680;23108.37
1830;27077;9253.02
2651;48174;15293.82
2136;86968;38700.30
3810;13491;22692.91
9667;56126;44114.65
2019;13392;7404.08
6237;72257;25422.27
2283;77804;32351.81
1659;48400;25847.25
3010;46551;44462.45
9590;38088;49478.27
2733;90015;5800.57
3125;35465;6506.45
3171;58155;6524.90
9266;97893;34062.04
4471;15969;18640.08
6624;18981;36668.40
9691;31032;20279.52
9329;64091;31384.06
3097;34408;38495.20
6068;34241;27415.31
7397;57940;26979.78
3757;92938;4420.83
4920;61105;20544.98
9186;71050;27293.40
2900;13657;23104.42
3610;31230;45040.09
7900;28680;45327.47
2449;92694;41097.65
9738;94731;18771.15
6017;52340;35867.78
8999;45950;19770.47
7052;88515;11637.35
3096;17867;17151.70
9895;90691;3557.52
7404;88542;16595.56
4331;14329;23042.50
8462;98087;47774.49
6105;45865;15677.40
3978;76940;45123.65
3839;47869;11450.63
4384;76905;9556.54
1685;93984;25954.58
8531;99711;33628.84
5283;76252;2226.17
8736;89386;11061.08
8710;11711;22789.63
2619;35801;16556.91
7868;97287;35633.93
2431;63270;25562.92
5713;81622;8026.35
5998;65535;44724.32
1162;86759;14652.35
2974;26220;36559.24
4291;23392;38997.99
9461;95587;48158.25
1631;12246;24930.39
1905;30010;30795.62
3014;78358;16750.47
8896;27234;33912.18
1204;59451;23174.54
1581;85205;21888.24
6675;31784;42774.82
6347;39672;2517.94
3643;11082;44099.30
9017;21148;42604.97
3297;37494;25323.25
1874;85093;24515.24
6560;61952;18096.75
1689;46719;49708.75
5000;58737;5567.35
1671;69453;29514.86
8927;49536;34087.26
2171;60604;46717.16
6591;60833;39012.37
7342;24039;32195.92
2449;77839;5849.45
3539;57931;18692.94
4959;49925;6950.69
7285;61003;44061.82
6432;93817;37483.56
5260;58897;37879.26
3361;97745;32616.30
7164;52287;25357.11
4670;43012;7507.05
2753;51783;16491.45
9100;95727;6854.42
2938;78315;36248.41
9562;93766;8019.84
6976;56491;35108.66
7588;98941;34615.85
9616;68584;22970.63
7304;22803;6770.08
8345;59625;15746.89
8875;23698;16011.45
7633;44560;35022.25
1597;25376;5696.01
4062;93654;41455.14
3336;23117;38052.75
1572;66381;9323.48
8521;47956;35961.03
7171;58786;33428.97
8097;97778;37408.56
3090;76480;9454.54
7566;41695;7887.94
5624;11511;11831.83
2633;63233;18299.93
2517;32502;39685.31
4648;60010;36898.82
2537;83905;46273.33
4137;56489;2940.89
7985;93533;587.70
1097;91165;34959.95
4750;41949;13971.58
9535;78376;16710.60
9174;89587;27344.63
9103;77310;5129.63
6413;88798;32138.29
5666;79407;16264.12
1610;83809;31639.43
2727;27229;41702.01
2854;37385;8563.86
6055;52176;46544.35
3324;13260;26539.10
6774;13145;46147.16
7519;17802;10394.43
2749;12263;30232.09
1781;36913;20200.32
8548;67788;38713.37
7823;18155;30299.39
3105;10922;24730.83
4867;82231;45650.14
8193;30672;18862.08
5976;48526;11006.81
3113;55344;30408.98
6879;29014;31205.18
4970;83352;21960.34
8264;50324;24335.64
2577;48698;47978.08
3274;87169;36636.96
5869;33384;5538.98
7744;13512;10614.38
3426;16066;48779.08
6546;41500;36326.01
7852;88743;45753.11
3551;95642;15200.03
7411;89858;37095.92
1007;64800;35703.00
9087;73140;14741.55
3555;94954;27545.31
1475;12387;31374.48
6416;66160;24061.78
9676;69241;41360.66
8239;83567;41645.12
7710;11799;42531.52
6000;45548;40173.14
5654;43895;24409.29
9078;90171;19078.10
7063;50379;41570.50
3285;55414;24515.17
6223;83071;12326.11
7971;78344;25372.10
4525;88591;7101.07
3822;14297;34584.56
5943;96479;16802.70
7530;15008;13040.33
1258;96813;47825.87
1282;26820;38846.28
2898;81548;39355.60
5135;32253;31189.86
7629;39202;41960.25
4200;39236;37960.53
6110;77156;29942.70
8167;70263;48056.61
1612;84855;9587.83
1687;26575;47169.55
4690;22204;20077.89
9804;21952;26424.67
3307;93323;6145.74
8133;61142;27009.97
7509;43872;30564.23
6906;39376;49885.10
3591;76084;48759.87
8183;21640;48320.20
6248;36437;17425.92
9766;97681;49563.41
6108;17903;22779.35
4604;93704;42593.29
1669;36863;10823.84
5364;53381;25296.60
8329;38548;48300.94
2283;59956;47352.10
1923;84526;34189.91
2125;21467;39892.74
2529;67954;8829.57
9438;33901;36085.71
4711;65983;30906.36
9004;33301;4586.67
7274;95180;5666.82
4864;79903;5431.10
8833;26204;36220.60
7788;29755;7094.34
1226;69817;23391.94
1264;12093;17855.52
1645;79537;27529.70
8544;32940;35326.76
6569;83346;34239.28
3990;54040;25780.84
3504;47322;23222.10
1587;94437;19896.80
5079;97725;43096.88
4348;19236;16549.28
7299;82597;12975.70
4831;94124;37168.34
9381;13902;17994.58
2715;44364;42351.46
7450;30096;16401.16
6433;22020;35100.22
2098;68473;2265.00
8096;54153;19284.29
3326;51277;17168.08
7416;97221;40835.77
7980;48502;48353.10
7763;25675;23049.46
2674;34365;41243.57
8950;97812;34987.74
9915;88229;48369.63
7049;99049;40557.31
2089;62148;3883.13
5578;99157;35666.95
1155;99247;26779.63
2958;78078;831.64
7344;92598;12573.13
6779;80902;46088.54
7144;36465;46303.81
6063;42286;39944.53
4830;64795;49089.16
9831;50178;40329.20
7659;89183;520.11
1441;59986;14398.84
7040;53201;1540.90
6925;53315;4714.46
8358;85396;10949.85
5628;65178;25182.89
7370;20745;42378.12
1948;82354;43099.72
9179;89637;30813.93
7115;15028;46409.52
1459;58566;25008.12
8568;53722;44452.91
5646;96623;22708.72
1392;84974;13868.48
2787;93692;45821.48
8374;94084;19402.87
2138;49879;25175.17
5741;34767;16449.74
8418;78099;33145.25
7362;58657;49751.61
3454;18498;1285.42
4674;83667;44993.40
2377;35107;206.26
7701;38793;18217.75
3597;12696;8438.65
1141;63839;37869.52
3659;99241;2540.04
5596;33397;27678.71
6661;17704;14753.36
7142;26442;6692.18
6626;73788;38593.19
9787;19765;10878.67
9472;20002;11191.52
1423;21390;13761.09
7999;54436;29342.47
5249;94482;32986.70
2750;16641;889.95
5757;43709;12101.06
2967;49309;21554.23
5088;25624;16605.53
5178;19966;44209.69
8789;99350;39387.56
3946;44189;31298.25
6394;81301;16908.74
8880;27223;35036.61
6075;88183;42183.46
8230;14959;29745.57
2531;37257;39225.23
3990;60802;37457.76
8155;97748;28591.15
5493;37215;15616.04
1933;65046;37291.65
2460;44094;10347.75
3723;48669;38976.62
1285;46126;40229.29
1264;89036;41109.02
7816;26772;23651.07
2762;58586;9632.11
1040;61943;4995.18
6827;78868;37170.63
9259;59855;44314.21
1987;32218;32545.41
8804;91008;7216.56
8789;67205;46745.47
6717;14959;49455.21
4198;92979;21674.60
6374;55134;29745.32
5790;35874;38863.65
8183;11301;36822.13
3524;68017;48389.68
3479;53319;5753.01
6154;99616;29040.44
1778;96219;34599.65
2492;32455;44506.02
1660;14112;43706.74
2348;67033;48900.21
8851;68360;25608.80
8156;92418;41539.74
3044;42145;21369.81
8368;42735;21121.47
4516;82781;12674.88
5577;77641;40913.68
1727;31711;49290.90
8468;15630;12824.52
1342;75488;2816.02
2447;13206;40778.97
7581;66289;31015.30
7317;28953;47985.34
1526;20068;12619.44
7748;88930;3560.67
1405;65916;24627.19
8986;11067;4282.45
4740;60658;13096.88
2846;62165;6307.63
2478;90781;11214.37
1771;19859;5316.17
6525;39164;47695.76
9770;90913;13935.35
1193;30773;22200.44
3007;67295;44931.60
2185;43939;33869.31
3394;58599;30905.69
5005;16114;35281.10
8429;22818;41442.82
3261;19335;43884.69
4736;65008;32135.56
7716;81745;44501.46
5875;53148;26774.52
9921;13577;13871.77
5378;83916;44005.03
8815;14076;27078.23
4451;42925;45307.82
8616;61869;2017.99
3800;69314;19881.81
9333;51205;47390.77
6410;21095;12490.01
2455;94715;47077.40
7892;66680;47695.58
6808;38400;44108.29
7796;94297;28187.77
5796;77346;32350.50
6093;97110;43482.15
2325;38562;38797.10
5976;50663;31508.39
2159;28510;49113.15
5650;71608;34286.98
5987;82489;48774.34
5697;62182;2878.85
1340;97667;6956.63
4828;36883;22578.43
2968;81427;19250.12
1703;45844;39138.91
6482;28728;8039.10
7376;21094;48805.00
2800;12407;15760.14
6463;65412;21451.90
5912;22644;13744.50
5648;95834;28972.39
1855;70746;2940.85
3866;62748;7492.38
1182;69021;37292.43
4112;72651;9333.16
6670;46807;11783.37
5492;44072;39651.18
6823;48398;4674.13
2517;38669;21879.32
6002;40161;1162.94
2356;17282;17346.90
4629;36539;34952.08
4628;13307;4514.26
9210;27745;44417.85
7132;49433;45475.86
7588;44555;5258.47
4311;11073;49536.71
7048;42683;14883.50
7246;35741;4214.24
1987;32286;263.31
4321;13599;20432.06
5615;37293;31494.20
9365;25389;16615.64
4741;22318;41837.50
4052;58875;35833.15
7574;13055;17514.57
1726;92579;36718.14
4760;16320;47024.98
6806;14642;4663.87
2875;19321;15312.14
7993;89968;23171.66
5033;98293;24904.53
6443;69618;27114.36
1989;36044;15038.34
4744;31971;33366.31
9611;35727;32257.77
1593;32559;28895.30
2774;83820;5696.95
1935;93201;23853.62
4808;37476;17817.78
1331;72683;24557.01
8922;20991;46094.10
3702;95097;24031.76
6889;80047;708.90
6054;20796;21947.45
4868;13881;41034.20
5200;25668;39005.25
1201;44312;25674.37
3497;38106;12495.95
2842;25729;23259.78
5658;80320;28189.47
8544;64913;49993.57
8718;67026;32212.46
1770;69402;34716.30
4155;47282;24577.79
2628;84638;17730.93
1386;48218;40649.52
7031;27950;24751.67
7439;69739;49734.56
7401;14507;22861.46
5008;56303;3409.33
3466;89059;34132.08
3282;34667;2341.61
2856;13992;12532.57
8980;83563;17693.38
2998;97680;36976.78
6476;35530;24716.85
5669;25305;1442.01
5318;62129;30846.32
8064;97267;20577.70
8446;96209;46092.51
2431;62044;24983.12
6624;99363;35451.67
8461;68817;10951.24
2819;56666;38051.07
2130;36173;36050.56
7563;28909;45205.04
3658;73967;1700.74
4500;41007;22380.56
9566;22985;33960.98
3120;32525;4767.24
5020;47403;20536.10
4259;47193;47107.91
2823;13830;21802.37
2474;66144;49270.39
3242;10533;2851.38
4243;30946;35894.31
7990;33504;29055.00
6160;65715;25031.98
4134;38255;48542.66
3070;66441;6491.22
1359;46855;44800.99
2141;51721;34565.11
2635;51850;12957.21
5000;44723;45084.44
4361;45739;21470.45
7583;15539;40713.22
8835;83029;19447.94
1006;74509;42548.03
4267;31311;31835.09
7564;79180;7060.92
5928;95981;32486.66
3606;45934;9575.32
6906;19511;20602.01
4273;10183;8523.08
8611;19475;1110.59
1913;94766;10602.21
3011;73130;26823.24
2442;69577;24083.23
6546;36008;25079.84
2829;86868;12391.87
9767;57941;34261.21
7468;52756;35216.12
1929;80258;17904.81
4699;90730;44059.69
2054;37912;32204.72
6744;92702;35654.83
2900;60659;13874.22
7980;56840;40.58
8069;91512;43270.13
4415;48623;41122.99
1442;73303;6168.36
7218;56062;18711.52
5652;66690;33070.35
8939;87582;32609.02
8833;33634;43018.91
8597;14090;7022.01
5458;55266;21502.69
7591;40008;4870.25
3309;97643;19485.87
7268;68704;765.22
1910;72866;44914.67
5340;18382;26356.93
5009;57774;42491.62
7628;84570;3004.64
3169;84062;11380.63
3172;99609;12976.41
6668;56698;19340.71
7313;11110;40145.29
9315;91981;19334.03
9036;10386;10240.63
7789;68513;3258.86
1785;94120;3983.79
7139;57801;38004.76
7344;81857;22245.70
3416;99976;36311.79
9988;41566;34117.53
5154;42521;6776.77
6619;33798;7152.97
2936;23565;37769.55
4807;33027;36066.20
8151;15631;18907.76
4236;99865;3880.34
3352;66878;614.78
2932;55206;14414.97
9556;68582;471.02
5916;68334;11511.33
6498;82323;20980.84
1946;63619;6079.57
2439;36875;5222.85
8730;34514;44822.91
5857;32580;29277.65
1340;95827;46723.44
1382;14288;17297.85
9491;16734;33860.48
1138;93000;10242.54
1358;49008;30920.83
5931;59349;6487.99
4456;17814;114.01
2627;53154;46577.27
7626;17851;27749.17
6004;11600;46347.76
7652;66614;16698.24
7416;82402;16396.03
4170;13692;20038.74
4835;68027;35304.99
9017;30373;28294.77
3151;72805;46268.49
7905;90383;1281.79
3834;24507;35412.71
3567;72931;16523.08
2307;85499;9019.88
9848;81642;25524.68
3660;82869;25258.14
4730;49423;6859.18
7207;96120;10102.78
4162;76600;20414.15
2140;51848;20446.48
9458;16820;15884.73
2708;18512;7435.77
4630;46725;228.64
4211;61534;48512.05
7538;95151;47175.53
1475;49776;24187.68
8684;70945;49752.64
2207;93420;33685.98
2960;57455;3452.19
1557;93488;5894.73
1882;62433;45806.38
5761;19711;31506.31
6867;69262;42160.75
7963;96009;44914.50
8166;93785;22402.62
8929;19597;2435.81
6347;70067;9422.13
8269;97520;3337.93
9125;58022;9445.10
3454;91924;20532.54
5494;28782;5918.66
2946;61782;8345.00
3808;82144;22296.63
7642;65013;17015.15
4825;82036;23388.23
4536;45342;21464.31
7068;95745;32227.46
4802;30977;46860.11
5699;67396;5402.14
2970;60021;4972.01
6806;79057;42641.78
7142;76836;25324.77
3819;37075;38322.59
1364;99515;10778.94
5258;40802;41444.84
4119;87761;46193.09
2863;87017;31777.80
1115;96753;5302.89
8084;65822;44765.79
9016;61603;39626.46
3384;90291;37546.38
4935;45592;1846.04
8742;66006;39950.14
6442;36269;6906.17
3490;60138;11127.08
7980;72398;28860.97
8661;29874;13256.39
2724;67228;33070.80
9182;72670;30407.44
3767;17925;5416.40
2137;13107;32804.17
5117;96388;46198.51
4420;37617;8063.88
6845;84258;29857.13
5778;60075;17099.85
4906;32631;22985.99
4637;72444;14357.14
3953;17883;17712.99
6929;29708;1455.30
1276;56221;49077.77
2999;27197;31243.75
2227;31134;25040.27
7337;43550;19191.93
4735;24642;26973.33
1695;30439;19011.50
5152;34583;18001.80
8901;89538;23202.69
8470;72014;13806.39
8537;29523;9010.69
3841;80543;27834.73
5208;95971;42139.84
9733;86830;7649.88
2088;55538;1646.39
4363;57310;12348.12
1024;20908;48986.23
7144;67290;41439.62
6668;63634;29797.34
5236;22699;46463.15
9068;76912;22269.50
3235;24255;49164.20
8295;89183;14822.14
9392;70282;12022.88
9448;68249;31906.03
4747;48176;18913.92
4175;18163;31322.01
5897;64210;15256.73
6037;81979;30899.73
8427;88860;13794.56
9605;31143;2558.09
3014;14920;45607.67
2381;92911;44161.43
2098;47996;48540.20
4426;21748;35829.19
4655;91251;34139.23
8938;57252;27954.56
1187;73179;6305.86
6409;16450;9469.87
3092;62756;14480.59
3130;60235;44508.92
6242;10020;8656.75
9549;90253;46144.43
6647;19664;26144.06
6185;76635;35781.33
6776;33225;5521.12
8913;78173;13458.99
8547;95333;47926.35
8823;50225;13314.84
8355;20807;14833.12
7465;93274;9887.89
2497;16402;6462.39
3555;14521;11670.55
6409;73165;32119.92
3951;18382;22773.83
2238;25065;27692.25
5727;95470;6127.02
4965;24425;40107.80
6686;23111;39206.89
4701;50799;1089.28
3780;63257;19181.92
8398;71177;3447.84
2588;91046;39607.37
3368;47851;36866.11
6789;18816;45100.38
1436;87853;11827.83
3828;12175;22820.23
2556;21341;9232.55
8570;73908;18568.03
8480;35654;26116.94
1182;70895;2676.01
8190;69696;35746.37
7687;67889;27169.24
6565;97144;41449.66
8241;93115;13596.31
8651;40194;45167.02
6575;44837;49934.73
2589;78894;45965.73
9851;94358;38896.84
1159;51576;40620.32
7555;29727;28691.47
9244;44579;9515.79
7846;26555;33855.26
3307;63294;35640.52
2228;59777;49269.40
8226;15906;27069.65
6590;50751;13575.74
7919;79599;34186.79
6585;84180;48969.00
7046;83678;8868.92
5945;41644;16306.64
8927;43521;27098.63
8016;21564;8519.03
8758;80640;1120.81
6086;37299;16855.79
8161;57958;43269.89
2884;66078;2182.99
2809;23421;21452.16
4167;98747;38112.42
7352;21202;47659.60
7056;52185;49273.92
3437;13685;21104.25
7468;52637;47519.71
6951;28366;1780.59
6276;34276;37298.39
9859;90946;32140.87
8818;58239;12483.60
5728;85214;25370.85
3624;34575;6486.39
6738;51401;43581.14
5232;51230;17901.33
6793;89424;31305.96
5523;92263;7947.23
6571;78617;10316.18
3224;33021;49597.90
9389;19449;37656.79
7091;25657;48098.97
9662;45059;14799.60
7361;11532;8236.50
2948;60805;25158.39
8094;91551;24738.47
7318;47756;8755.58
4796;81880;36663.65
1234;84642;18095.26
4607;44206;9326.40
9043;62168;16605.85
1522;85188;28187.30
6904;34550;36326.28
5888;16389;24099.73
6832;97897;26284.49
8122;45847;6955.91
6842;89239;45735.40
2316;28642;46436.92
2124;46509;34174.50
6621;89417;891.39
6423;59237;26858.34
3587;25414;31464.66
6672;73176;49732.76
2378;89865;49803.39
4374;72059;42881.99
2519;59150;3200.91
6777;98367;47664.29
8935;51091;30636.94
7093;83124;40046.33
9418;10903;20365.57
6355;64235;15990.28
5968;68565;23167.57
6574;65342;7352.26
5072;52723;17859.74
3257;45572;42882.30
9588;27610;1907.14
5424;44052;7552.39
4237;97063;6264.56
4893;47550;20159.75
3005;64033;49849.38
3016;39011;8676.16
2772;44764;7282.68
9353;63533;45753.64
4976;34064;44103.71
2751;59581;1621.70
9967;38702;37587.78
8430;95701;32776.73
8170;18631;38389.36
7469;97388;24730.18
4220;80043;49569.05
1539;76063;2201.91
2461;38981;11726.24
6184;45764;19833.33
9547;60513;22494.40
1234;76198;46069.16
2548;34940;28004.62
8480;81792;2265.10
5213;38432;20399.07
2673;18367;20830.36
7708;35511;48274.89
8982;18573;29963.86
3100;25582;31786.20
4748;15378;35665.52
4173;75296;38504.27
2815;23500;31756.20
4841;75841;11867.35
9016;31881;43703.56
8011;80233;36608.67
5493;61542;37096.11
1674;75285;49827.87
9088;69547;40128.30
9578;72151;41459.28
3158;17222;47570.76
3661;17933;7565.19
3064;93385;24891.39
4253;99772;29032.55
5979;88437;16470.49
8703;16940;41971.77
9931;94590;38123.36
2401;69145;36046.94
4259;53610;49857.50
4923;67520;12976.47
5214;14544;36775.51
4227;64812;27574.71
3745;81610;15656.33
7091;61500;8037.74
4866;49618;44795.23
6818;35444;29776.82
3222;95982;41248.44
3792;66586;27271.80
5063;34789;11006.65
2524;11617;16884.07
9224;13333;19083.13
7198;50002;48647.01
5025;73620;291.61
3566;97688;49283.44
3803;99627;49023.28
4709;10511;49807.58
7155;47850;23834.64
1719;92172;48190.81
7516;96053;19786.00
5579;41786;1324.46
1972;84356;11225.12
4718;46244;47265.36
8395;84714;698.10
5402;77261;27304.25
5552;28477;3789.32
3207;56533;14326.96
5426;44469;4413.76
7919;18496;42977.84
9835;22270;29557.62
9386;86008;45106.30
9680;30724;34420.78
3204;40416;48551.75
6345;45575;25498.78
4276;91190;31939.14
2102;86614;28819.68
6243;83108;24218.18
7614;27408;42299.51
9707;29359;32229.81
6223;18698;40067.60
9584;80392;39320.33
1630;49492;9560.35
7683;84781;32511.67
1277;53634;9990.40
1232;52864;29170.19
6690;47355;33874.96
8659;47690;49861.78
1025;47814;1536.79
8468;41645;4571.21
7410;94814;3860.56
9652;82739;19924.08
4764;66630;41081.20
7599;58171;42204.38
6102;31658;36851.61
8006;25797;44844.94
4483;68799;16149.77
2994;62236;4416.85
9682;16265;2917.07
2072;82134;42608.11
7707;92678;36524.51
1215;63494;34933.78
8605;62268;16990.42
3606;36998;19001.46
9350;71339;47906.10
5781;24306;3199.60
4313;74006;38688.85
8763;57345;15488.57
6939;21885;1962.34
3295;53826;37131.08
6685;65597;16552.29
2696;17443;36110.15
2946;27084;35385.64
3783;99447;26744.00
4644;14383;38870.88
6241;44361;29056.11
7420;90294;14338.98
8557;71331;36708.42
3645;30529;29461.10
7589;68574;646.24
7353;98627;45083.19
2932;40932;27286.72
2757;11908;43432.68
6085;40358;44138.01
6637;40412;22253.88
2116;93710;25387.92
1492;91032;20793.56
9811;12928;22477.34
8888;75158;44758.41
7474;40632;39409.32
5958;42309;6335.02
3743;19280;30519.29
8866;50449;49795.37
8160;97171;29781.58
6451;36957;39295.72
6258;46895;38455.38
9548;80499;17522.37
8186;31695;18598.75
7102;84893;36206.58
1619;73123;25004.18
1882;35176;28532.83
9988;28409;35648.16
4642;66967;38880.98
2296;10987;13583.11
9436;64462;7348.22
3895;77501;14596.81
7593;36015;25381.84
1929;76404;17113.64
6366;60281;28422.45
9711;47146;2682.75
4212;58231;25492.42
3409;39032;18405.57
9199;38305;26737.99
4423;64306;21132.44
7976;98176;14218.45
8594;28318;45206.35
6158;23246;9246.40
4667;43844;34071.47
6973;42602;46232.99
7236;31584;26938.11
9277;25169;43821.66
3468;35968;6251.33
7217;16385;24694.50
4619;83758;22856.69
2636;35444;415.86
9155;72497;22168.43
4583;15362;18457.80
5009;18250;33493.24
4326;78354;46917.11
9148;46368;4298.70
3217;54109;16380.54
5967;90589;22208.80
3369;67645;22764.72
4638;66997;38742.74
6722;37426;22175.35
5444;49023;1367.79
8618;69267;35508.10
4947;34892;44242.64
2676;69232;25700.10
2196;69225;29059.61
3787;26007;8155.19
8432;89777;11040.09
8927;54858;11766.16
4318;55073;21542.79
9858;99438;46407.98
7689;93098;26094.02
3176;30239;9612.96
4743;72969;13311.73
9792;23065;19206.91
5422;51291;31166.72
4824;48805;22007.26
3451;28443;19628.32
1628;19290;28240.78
8778;10211;12099.33
4696;93634;3954.37
4674;29072;1230.47
4929;53290;12570.45
3765;95186;4588.69
5369;25115;16823.67
9307;15149;38648.95
5956;51992;35817.55
1692;27716;30550.27
4162;23621;42626.49
2105;16820;14110.56
4008;52800;44253.84
3161;65043;19967.97
9345;40399;20050.66
4699;24002;20273.53
4786;53098;4913.74
5200;55511;48774.77
2913;63243;6933.95
6520;38750;17050.88
2772;27310;15971.82
3780;65398;3743.22
8423;92542;7621.48
3871;85207;2252.47
1660;54345;14627.30
7242;61843;43334.18
2132;20222;16978.72
1699;99322;6193.35
8470;41509;32288.24
7297;10386;49830.08
8812;74334;11623.87
5557;77170;13985.75
3179;50878;48592.63
9275;79669;8947.03
2422;48349;25565.59
4180;31952;11990.21
5316;31529;46618.27
7696;81303;49076.24
1614;51521;40736.75
5570;28383;15746.04
1270;14901;20180.34
3468;52889;12122.86
4607;24633;44538.99
4075;72244;45728.77
1289;29163;20949.34
9120;69019;32830.09
7614;20707;8286.00
4252;98112;21752.45
8415;93597;31578.64
7771;55101;19276.30
1278;54706;17886.40
1580;87084;59.94
5958;25115;40216.63
9445;85379;44467.99
5276;49979;48473.48
8997;50641;35966.38
5776;79377;27444.13
1824;16416;13471.53
4832;20633;49964.98
9891;10594;29491.75
6445;24393;34060.89
2380;45380;34123.48
7534;55056;42264.14
4156;98279;493.53
5307;14861;11020.14
6634;46126;33280.04
9575;90382;44758.34
6810;43682;34270.09
9533;28228;20680.43
6934;34009;18084.16
4109;10094;36900.02
5082;90636;37064.47
4240;62221;30356.83
7028;27430;14580.44
2849;45571;46258.49
9497;64486;27598.48
3749;72294;39526.71
7680;30860;10723.27
1205;82812;17208.60
8352;76087;43730.23
5591;18486;2514.85
4450;93063;25620.64
8214;59607;24090.46
4811;19745;37564.00
6141;88533;14101.87
9501;28330;10961.15
3708;50078;46307.38
2991;65332;28589.77
9463;64532;5243.43
4273;53336;9659.88
5538;18070;49941.31
9712;11320;9788.49
4722;99043;30527.67
4551;48921;21012.20
3832;16589;44281.10
6679;74409;37760.88
7579;25589;29851.60
1152;46375;546.84
6754;53085;43990.96
3800;70840;22238.93
6310;53200;46579.57
3610;36732;24782.00
2104;32426;34714.28
8361;40982;3473.94
5199;69720;37260.13
4854;26746;16906.42
8263;38514;17574.44
2914;74889;5941.61
8365;13851;7351.39
4072;29796;9296.10
1406;86034;16417.03
1166;72798;44599.58
1508;72985;18419.33
2661;44592;36220.89
4664;54845;4146.55
4489;25930;29559.03
1680;31159;24099.74
3524;99788;48898.12
3120;34003;42311.93
6260;45139;22746.94
5357;62452;38759.39
2363;32205;9660.01
3292;66955;28121.19
2538;17464;3740.21
4408;92646;17410.97
8742;82657;11300.85
9752;19840;35948.30
2903;50768;24509.63
1174;19461;37556.01
3230;30927;25769.62
5287;99934;4333.36
5160;25329;36771.03
8106;25791;41663.13
4171;62627;45177.53
2567;24372;28603.88
2151;58469;37681.73
8619;97073;37604.70
7033;44370;7795.93
9560;61408;8219.39
5946;33703;3553.57
9234;25234;16002.48
2907;17532;23680.69
4490;45416;49894.91
3535;82439;21555.36
5173;28242;36314.87
2293;60254;34672.92
5769;89324;10232.05
5796;45249;2934.77
7871;95078;27304.88
3972;42294;35018.28
4922;69784;49912.61
5997;13684;17936.97
8032;33795;44819.26
1992;70301;19102.80
9112;79187;34473.69
6287;20431;29916.66
3240;85667;2658.41
2476;99627;3928.64
7426;65372;1048.00
1389;80366;18548.00
1999;82870;37292.59
2855;57387;8646.04
9125;62927;30296.59
9850;19304;14448.50
3763;27032;39851.66
4663;69486;39921.82
5986;75552;38772.97
2481;83844;26246.43
8256;39654;14235.49
4731;49244;40474.11
8262;15942;9313.17
1451;60697;14495.08
4093;12693;9205.55
1882;66751;33713.77
5408;91098;34314.94
5068;16259;32628.97
4277;14942;20785.92
9566;57419;5017.55
8951;66105;45559.37
5690;75907;25391.47
5595;37383;20354.54
5559;33404;29445.36
8291;82656;9647.59
9160;15702;6636.11
1112;83883;20282.21
6131;66332;11368.76
4197;49419;12222.07
1139;98078;44626.65
2424;83844;26542.65
3949;49242;24178.62
4168;44142;34477.08
9708;17393;47577.89
7043;79939;5618.81
7989;79082;41678.39
8236;38893;29205.12
7261;19388;7316.81
1887;72969;14864.49
4104;46660;24123.25
1049;99244;34561.95
4951;34726;12137.92
4560;89544;26748.59
1018;72996;34236.73
5821;10111;22442.55
7340;27545;43152.67
9058;50168;43474.26
3606;12379;23539.85
8846;97346;48646.56
9643;51120;3788.50
7432;27809;178.09
4765;62813;19039.61
3438;84005;30058.84
7358;37967;31463.72
9319;19748;23827.52
6941;33424;6252.92
8644;96512;8533.17
5855;33914;42608.88
7547;88478;43396.88
8196;29491;33698.19
6911;59454;33214.26
7481;80069;29888.13
3761;61925;10154.27
5456;99119;21418.25
7361;47049;34797.77
6693;37821;26867.24
6788;39945;938.83
1201;27384;47678.30
7160;38410;42242.35
1517;87734;13034.65
8737;73766;30826.78
2988;17169;46162.74
4802;50129;4809.59
6808;13830;25156.44
8162;66306;22817.59
7241;96940;20516.15
9399;75267;41781.07
6633;37757;19038.50
6755;73867;3192.53
7309;45650;3301.23
5117;43766;2146.80
9345;91478;20463.18
2518;42419;35923.13
7163;26668;10194.09
3600;26246;32326.96
3195;34996;34357.55
4554;61312;12767.55
3849;13065;30031.88
2742;20467;34246.57
2306;60646;23336.02
4849;31007;16842.46
8519;78079;30961.39
5195;38702;48892.58
6178;85569;21347.80
3555;63952;19592.84
3305;68065;23218.70
8619;44169;3820.16
3642;26829;27662.63
7409;70135;16441.58
5757;14522;6079.89
3994;95687;23318.17
9751;45319;179.17
2271;36543;20095.24
2813;40473;5295.71
9801;17699;1224.39
3461;78165;41225.51
5120;50455;45813.28
7124;85692;10391.66
9475;27441;26969.52
5396;40716;13905.13
1816;72175;24683.94
8304;16834;21837.20
8331;28179;13459.86
1082;36219;35022.68
2920;25782;6333.28
8817;91363;2663.11
3093;84967;38386.09
8071;19496;33299.84
8967;98867;24931.32
9367;49238;23394.81
6285;56025;24875.59
5937;69886;21856.83
1369;33563;19650.69
2818;13712;24989.53
3101;55489;26430.47
4490;42664;34598.20
2779;22420;35563.25
8674;64610;18887.68
2364;15315;20682.89
8294;80917;18691.12
4676;85033;26831.42
3426;89030;22673.14
9264;73910;44480.93
9089;70972;34821.10
3962;65919;44933.83
1859;92486;35459.76
5138;91288;48549.90
3424;14132;31790.48
5017;51598;48177.87
9560;30551;7916.91
9342;78206;2633.36
2134;84900;28960.47
6166;36296;49174.83
6119;28066;20886.09
6694;38892;10610.05
7136;85577;26081.86
6485;84590;32443.44
5164;87173;15765.78
3346;86293;35741.32
6039;74771;48755.97
5897;37484;44849.19
9252;87865;14586.35
6041;37115;16342.92
4901;36038;18583.35
2337;46622;19733.69
2184;45886;5024.97
5426;61284;38100.52
2551;19901;18273.31
2629;66377;43992.20
2526;92910;46347.76
2361;59862;1231.32
5370;42806;49425.27
6283;27659;35504.04
8610;33453;26024.41
2993;40498;19482.49
1869;80393;25930.72
2014;26312;16237.99
1602;11436;31138.16
1690;37569;4658.08
9685;68813;31059.92
1489;83229;13774.49
7864;55986;891.57
8240;63177;27639.76
8786;19305;28926.60
9024;42646;21334.18
1294;86126;3623.59
6488;50430;44668.21
5027;78659;30575.43
3912;14158;5794.51
5744;84236;25551.42
2873;86067;24867.74
4258;37738;3029.49
3817;19879;30346.92
9636;15543;40418.24
4641;57924;37452.91
5458;52348;10156.44
6307;94117;43116.00
9933;46679;17133.68
3041;89118;47325.95
1679;53888;3596.68
6738;40276;24315.57
6668;14799;29860.25
8697;70558;12390.03
9033;46534;38571.30
1062;41668;31348.52
8829;14111;915.29
8352;34686;30422.35
7915;82551;24579.00
9326;82392;9809.50
4644;26490;49787.45
5970;45194;44859.14
9003;24497;14632.46
4278;63516;27058.14
8296;98730;15831.94
4074;54104;38777.03
9312;15316;46517.27
8552;48130;17947.84
2637;80229;40281.16
6103;39954;24925.39
1644;31652;19834.96
3032;24178;46921.71
3761;61163;25525.13
3068;24751;23375.85
1241;75961;33625.00
3668;13044;13069.10
1802;73165;16246.40
6059;21480;46602.97
1195;75439;33929.71
3187;53874;41333.59
3330;76775;13562.88
5841;16566;27194.07
4606;95311;48570.10
9468;63149;15942.01
1060;13006;8032.22
4927;82561;25549.19
7296;29423;19397.18
3591;43952;7987.27
9758;37326;44428.68
7121;41139;49536.29
2200;72103;28433.42
3854;70857;38736.09
8024;83638;42953.33
7972;82652;35052.09
1136;22937;2217.36
2029;40161;7890.14
3594;14383;3558.75
8206;95856;503.88
1661;80043;15306.76
3472;24735;19623.87
1086;69919;12059.08
7219;92055;3239.59
9143;77561;26497.86
7968;95455;13673.23
3773;47622;39803.90
2700;48135;412.55
3700;45658;42127.93
7815;94677;47738.14
2647;39696;35809.59
7038;13773;36684.87
6164;34956;46678.78
6520;25819;10461.47
4687;11528;49728.33
1596;96491;38676.33
5545;54588;36331.27
9676;80585;18060.92
9837;30511;27293.42
5757;20119;32699.35
5384;85893;31020.94
9912;26167;35252.18
5733;66503;4128.26
8081;97789;17788.87
9690;44889;21705.66
8117;55678;13038.86
5729;70262;8639.64
2673;14681;6954.98
9306;90291;18325.51
8178;76008;24677.15
3294;23690;3158.19
4630;35912;47323.44
1146;16473;38264.51
4453;51298;36545.28
5507;28669;8651.30
6783;91998;30194.00
8751;30943;26490.95
6628;48785;49123.62
9328;73427;37386.11
4360;72001;28792.34
4005;71724;42542.13
4552;20832;7763.16
1018;15385;770.67
3242;24708;34514.76
7318;68600;4924.59
6097;33438;5780.53
9640;92747;37236.59
2948;90107;13534.04
6618;70062;31435.27
5236;75428;45871.17
7901;96843;15830.56
2920;21002;10865.04
5188;46153;5337.08
1238;32440;6531.81
1204;77501;3120.51
6552;42556;4391.24
5927;77963;21605.91
5390;16563;16050.04
3687;89923;35330.98
5951;15840;43513.38
7160;25154;39240.81
6388;34194;26536.56
6126;75020;5131.08
1816;56861;35491.27
1192;32448;18147.81
2776;33528;4291.66
4645;39402;42124.90
7314;14352;16917.44
9442;10184;10920.26
2788;20384;43573.89
8374;24319;45107.67
4700;30449;16955.15
4893;66333;17746.52
7811;51205;28985.63
3679;20426;36674.74
4904;17504;3166.83
8260;66578;29671.25
1504;68209;47641.47
7773;43368;13112.07
4816;62185;45442.27
1717;90221;47508.92
5434;18724;13464.99
1658;15084;37712.55
6057;44810;11946.36
5008;92277;36883.18
5994;92297;39873.02
5234;88872;12367.81
4764;30872;35796.32
5637;88950;40607.11
3104;80333;17935.36
7801;78843;8393.46
9575;12596;4607.31
3607;27167;28773.33
9385;97844;48905.12
4719;99751;41149.29
3581;87331;21797.62
3565;90520;26835.68
3763;68326;13983.60
7328;87670;8161.66
6991;20782;24109.24
4406;52002;23180.44
9923;97187;26101.28
5780;34022;47640.70
5177;94458;30198.73
7476;24618;30292.53
3604;27245;6409.96
9181;93796;49824.48
3382;20027;38644.52
1531;23986;43861.40
7079;13526;20720.88
1634;54361;25111.38
1002;77158;26108.97
9397;48286;9712.79
6951;39533;34477.56
6626;28316;45149.81
8739;18699;8193.65
7003;89491;4325.05
3890;68465;36913.56
7239;26673;13667.36
9026;33395;31196.89
4306;33707;34790.96
1897;94749;16102.32
1670;85937;40759.08
8291;96732;27503.95
2505;66416;43451.28
7460;18758;38167.04
6167;77009;43430.10
6255;23281;1017.87
1249;42548;12182.88
7457;28371;4509.50
2892;87593;22109.73
4439;29644;44499.11
3854;33874;23382.34
4792;98659;42487.16
6330;24281;16365.64
8871;78787;16985.11
9235;32289;44779.13
4612;15054;21296.60
3618;76846;39490.38
5678;59769;11839.81
4163;39312;47440.55
3942;14257;28733.17
9411;25846;37968.59
2925;32483;4484.89
3972;36558;24638.28
1990;53188;45052.91
2812;23012;43853.16
9995;43236;2350.23
1489;55076;15191.89
6876;58402;22171.57
4645;42076;8621.52
8081;90337;36502.62
3891;85164;9233.75
4516;84264;17338.52
4340;27335;33167.40
7410;53773;24109.65
1053;62158;36931.17
3575;38570;48060.78
1615;97995;5836.17
6944;50658;35481.29
8404;69184;11524.90
1954;82613;20729.69
2629;68194;1652.81
7859;77507;6804.01
9841;43959;15995.67
4278;63072;17105.87
6455;55588;44980.26
4801;50533;37093.23
3561;78582;48609.43
7539;71743;29957.58
1370;54518;12093.27
1857;22703;16389.47
5886;59456;15998.60
8485;65491;16331.45
1383;18043;33651.48
5334;78340;26545.09
5290;20176;19277.35
3725;13936;7463.00
7204;41174;1116.74
7111;92632;10949.55
5251;98768;5382.50
1922;35909;39274.40
3915;54158;5633.77
8957;18366;36214.17
4046;95125;19289.08
2230;64337;3678.19
8647;69331;40638.38
5933;72197;28985.73
4940;82042;11795.72
7483;60924;44735.11
1203;38842;2272.46
1160;27458;10098.96
9960;97367;37604.83
4748;75382;35471.80
7718;84319;14470.69
3581;21170;3110.62
2093;90145;42905.32
5500;54942;15691.74
9799;98571;9793.71
6710;26208;25807.93
3875;45178;45512.26
4191;89172;2186.89
2837;19039;38292.55
1689;24990;28627.94
4759;16441;21278.20
3103;84221;37206.58
1365;89314;48291.56
9092;55959;11468.02
5172;36862;7190.93
7033;37273;45644.96
3378;52500;33450.96
2205;13956;21904.92
5988;82089;28667.25
6669;98789;37283.24
3735;99451;38653.86
9490;12365;45995.51
1956;82204;21347.87
7623;15000;14677.61
2474;67072;31986.82
5460;62499;20792.24
8002;79211;29733.98
7396;22907;21005.09
3828;27336;7658.26
3850;95220;23476.64
3964;62331;34548.98
5594;90672;39966.20
7644;87755;24671.38
3850;78783;8270.24
1165;79951;20740.24
1919;62509;39316.83
9305;16472;20648.83
4504;32380;34829.57
1991;37280;25365.61
7047;31859;12068.74
4839;58402;39809.56
2258;18262;4219.83
8609;21066;26249.27
9706;25554;10452.46
5804;17008;3362.61
1067;97851;25151.67
6660;90799;24983.11
5478;26238;35347.98
9210;92025;37240.09
4521;27153;36392.30
1572;69353;20483.84
8082;62092;31588.17
8832;53152;28851.49
6395;59104;21083.87
3258;34283;29864.66
7039;56429;47362.92
1650;87223;9652.76
6741;98534;45289.55
7838;64957;2682.24
3587;38887;15426.38
8876;56172;14414.38
4262;14355;31321.99
2338;43701;6569.94
5996;51534;44118.56
6780;81442;41429.28
3827;71274;32606.77
6232;88108;22926.11
3217;22279;46648.47
4539;53491;41539.02
8845;86147;24970.76
5383;18261;35096.65
3961;14474;28350.83
4226;38390;29401.23
7837;36925;16555.49
8031;92174;23109.61
4716;69051;3915.29
4414;99007;17873.86
2448;14787;34794.47
1570;83398;47661.27
3904;68177;48153.57
3505;53724;27790.59
1917;20663;30335.05
7982;26120;9294.20
8427;32740;34768.45
7336;12035;3542.23
2678;67443;14241.44
1615;77388;33421.48
8086;62335;15522.40
5749;53315;2501.85
4505;74165;41595.20
5529;56627;15523.40
2135;18303;3164.63
9566;59334;3748.66
8226;65892;12595.42
6162;71196;8909.02
1206;75700;38717.26
5875;49726;16090.99
2319;85751;40236.74
2141;59606;8700.56
5627;40694;24649.03
8389;41253;34404.98
3690;34230;32603.02
8323;63974;30060.46
4255;73545;46241.83
9281;26925;11433.97
6213;16033;24691.02
5108;72461;44200.79
4020;12665;3903.91
2857;37025;2803.85
9996;33533;11672.78
3789;55897;31654.73
4875;87661;13001.38
8605;30998;9520.09
9135;71248;22945.53
7055;33057;30683.77
4882;89244;12435.40
8175;93608;15041.55
8129;80631;30681.83
6021;77173;47287.46
5735;90206;33740.34
3387;48734;39147.38
7582;72072;18346.84
6866;74175;13620.00
3566;73783;22718.84
1975;80739;40358.57
8212;97054;22820.42
2262;61042;42337.80
6047;62357;49438.71
8382;18669;3610.61
7231;77902;2280.05
4327;28910;7487.99
6630;66959;19224.64
3259;10366;6560.80
2257;58415;43534.52
1464;19907;1167.08
4294;42780;15796.48
7774;67879;9242.88
8431;95159;46577.65
2230;45085;33477.36
4805;75499;45602.39
7419;30426;48616.71
6750;58197;24859.94
4856;17485;11723.61
4135;59527;9694.50
7953;74600;11153.71
7034;91439;35432.58
5589;78748;2031.88
2546;68528;2577.54
7065;37799;30411.07
2094;56339;32106.44
3411;26087;33266.49
3617;17446;18600.31
9954;60460;40299.18
5145;68260;26685.89
3775;24877;5282.23
7628;34723;39856.99
4155;22943;47653.86
4970;20306;3011.22
8972;46784;19573.65
9775;30455;24380.93
6415;81448;7332.07
5331;39974;43386.77
2942;37371;14214.64
7026;13936;39152.60
9301;43166;33553.01
1191;35727;29906.31
1861;73969;9615.22
7711;38368;11042.97
1649;78531;2376.95
5134;49097;12043.21
8587;44984;17278.73
9828;60859;41658.93
2036;54291;18325.97
5131;75228;37733.54
3148;32150;21977.72
6457;32061;39245.57
7079;39178;48813.82
3430;66790;11999.68
2879;75696;43118.46
8542;25648;31094.99
3011;71779;40866.54
4373;46672;32582.78
8357;79109;21203.24
2289;70521;11411.47
2447;44593;3511.06
4199;23786;26780.56
7381;19815;49516.40
8522;31966;36904.71
7059;23794;16374.00
4183;41423;41361.97
6462;31302;38451.51
4216;71064;14088.97
4136;96800;725.23
4318;95140;5916.95
3782;37835;43866.54
8657;83356;41829.79
5920;59282;14767.50
7324;62714;14266.92
7327;77035;39645.32
9417;33814;46887.50
1776;34089;38959.07
6208;83162;30282.88
1687;65831;12141.14
1529;42746;26292.14
6067;91673;11683.26
9080;61940;40402.49
6518;96796;19354.18
3153;46476;41686.52
7094;36283;19086.64
7974;11769;41209.23
5774;52278;16672.56
8692;56994;22012.23
4103;72898;30778.27
3440;25634;3523.68
5135;20965;47410.87
8124;37566;28684.55
6201;62196;25395.92
1844;58285;41971.30
1446;65499;43289.48
4915;29420;26117.80
4109;35236;46363.84
2234;16218;3246.24
7587;59892;5670.16
1226;84031;29843.44
5143;74057;17709.75
8185;88609;23216.62
6558;86907;16410.68
1186;93130;20242.22
3535;21226;41134.09
2932;62271;29677.88
3032;20046;49867.25
2252;47117;39346.09
6509;14965;13690.58
6074;69478;13224.61
2881;88872;16801.55
1269;67277;42164.54
2630;95379;1374.11
5405;69613;11516.76
7139;27373;45246.87
2574;55452;31998.42
2695;60089;11350.09
4258;16654;10965.06
4262;41280;43132.28
2445;66141;44688.94
7263;97943;12813.99
9411;77894;21031.31
1052;36583;41731.44
6570;16360;38552.66
8579;63968;40697.67
2666;13743;25924.73
7901;17159;45578.34
3785;42151;16304.32
1719;10518;7842.04
9597;26652;35439.53
7855;88461;26972.33
3294;81011;42730.74
9263;52348;4067.15
5482;85422;42186.18
1698;87001;14671.80
8243;86757;32746.23
6918;34395;2016.04
1348;12335;30482.97
6374;80112;35866.41
8869;10500;18443.82
1307;18083;10778.38
4416;91256;26886.16
5820;15543;41661.21
4558;78812;16184.13
5478;62237;12630.94
7531;99716;13953.98
5620;16613;47457.12
3985;76863;17970.25
9112;50540;190.18
9467;86202;39086.24
3547;36255;34966.75
1336;95666;6437.13
3979;32068;49245.36
4968;59057;30407.03
1910;28946;25043.97
2996;30547;19117.14
4129;95237;44934.65
6447;15769;12205.73
7129;34883;14295.59
6850;71340;6129.32
5204;89199;37958.36
8446;45162;29781.51
9519;98388;30457.22
1314;95924;10931.34
2134;43434;32561.91
5876;32102;38275.27
9102;31536;17900.85
9347;87891;40069.34
6592;77770;17446.04
2724;60388;37909.34
4343;60775;1696.17
1886;41147;27562.72
1721;60526;48476.63
8678;33659;49062.42
4357;92096;14094.81
1870;33088;22075.54
7751;78464;3158.27
1497;69998;43668.33
2756;50382;28432.92
2117;38184;19261.18
3828;30099;5647.40
2647;79810;47338.90
7992;47739;26515.65
7771;18389;14153.57
1142;27352;17517.25
3761;31148;13542.15
4435;41828;30094.47
7622;78040;46498.88
8069;66795;42836.12
5512;68620;23024.44
2848;67114;41326.70
3696;50711;21161.04
2717;27748;12622.83
4072;98636;49170.92
3786;43691;15201.34
4791;98517;16192.97
4871;75282;49484.75
2806;70360;6705.04
2504;20246;38029.09
4308;69395;46791.28
8117;42486;25594.63
6048;40340;136.06
9263;94874;18759.20
2690;60300;5587.33
4303;13086;20815.22
4113;24860;39503.44
8850;27013;21941.19
7416;17407;21601.94
2504;43542;27843.91
9924;34935;29088.71
4924;59079;42816.25
9615;44111;15424.69
5485;66550;41085.35
9100;85697;28301.03
9684;99117;15033.47
1191;96936;14763.35
9690;86955;18063.26
5917;50565;31138.44
6831;29283;11548.28
5322;76470;46017.47
7999;96916;28749.88
8282;89552;46001.59
2874;48233;2329.75
5763;32695;17137.14
9464;52734;1150.15
2051;91257;13619.87
8538;11505;43101.70
8411;15363;1840.12
7320;58708;21812.99
3105;53614;5887.18
1307;11010;20847.86
8737;29861;41944.19
4359;34125;31157.32
4176;19369;36840.45
2251;79393;17461.71
6366;36671;47220.44
2517;85400;35466.01
7226;74512;21095.72
6305;85656;21328.98
6869;95759;45935.02
9039;54138;28824.47
5891;63420;35321.90
5992;78089;20857.59
2961;25489;11192.40
3863;69789;36180.73
7603;79925;30395.11
5567;59703;25072.13
7513;97486;31204.81
5005;86625;10422.20
1183;68228;39699.00
8755;13051;47408.66
4358;48090;44556.25
7615;38805;16078.57
7797;54557;20306.23
9728;12555;40422.03
8678;60241;29759.91
6698;88303;27400.24
2273;75994;46332.83
7653;26066;26805.89
2096;14721;25751.78
9002;87982;2110.51
5247;16304;3480.15
6314;52967;380.94
4354;88763;45663.08
1270;50462;20425.25
2186;81834;23433.38
7305;60155;42270.89
3398;85842;30466.22
7995;12589;30478.98
8299;47078;14833.76
5182;64918;41697.08
3230;23601;8299.84
7511;17711;2666.95
1128;96900;9588.25
4672;69430;13394.18
5765;73327;14122.73
4970;13970;33528.97
8545;79535;10899.05
6552;96570;33836.15
1627;46176;4565.70
7589;51730;7368.65
3044;92168;25445.98
3341;23385;46095.57
6884;15950;42979.78
9185;83511;48437.98
1249;63009;32527.45
3925;96850;33793.99
6043;33398;31254.90
1974;35277;31144.72
8192;36761;7364.55
3672;74435;27191.51
8279;73944;19309.54
8531;41533;22132.44
9662;82502;26184.79
2987;82123;6428.52
1090;32880;17980.79
9721;80627;3181.84
5059;51753;48983.61
3773;92597;5935.22
9383;97829;12933.65
8409;11561;44565.73
5440;63205;24140.68
8347;69810;6790.50
2008;74482;19217.68
4783;79192;5802.24
7646;97154;10018.80
5298;96066;2610.97
5668;97408;21916.99
5287;38330;40333.74
3052;26139;29302.60
7009;42977;30321.20
2716;14983;10037.20
1310;49909;17201.25
5538;74480;42263.65
2260;59029;4401.93
4932;31329;42897.95
1584;46734;24189.66
8616;52837;41859.00
9551;84354;15907.14
3866;86454;16948.76
6898;76786;37582.73
3011;14758;39251.96
7251;77699;11489.94
5939;92673;48643.84
5006;31832;4233.66
2625;11868;3434.46
1890;60665;29779.26
7078;51862;36139.81
8036;29728;48044.70
9923;49857;20253.24
4961;38183;1274.32
3504;98321;30148.79
9806;28940;14491.90
4806;15280;21653.03
7100;12164;24428.59
2719;89624;3234.99
7686;28405;24304.23
2587;12821;21321.72
8000;65090;35630.09
1896;32516;32286.84
6558;20473;9268.93
9469;56454;10314.88
5647;52530;12557.80
3432;87714;8955.73
4904;92633;32864.09
7837;89632;49721.56
2449;79081;32608.90
5500;34798;30338.01
6454;10863;20502.30
5117;26148;15635.89
9869;96545;45554.58
3028;64459;48450.40
7845;93345;24843.84
4758;94224;14517.12
6904;76189;38508.41
5624;18129;6631.51
9848;33118;38281.76
1165;10443;40949.23
5591;37041;6253.95
1589;99379;48843.30
5524;31053;49275.76
3821;47204;46836.61
7509;52240;24806.78
8693;71102;12311.25
1071;18291;29104.64
4580;26285;21002.49
8962;71589;10305.37
1268;23944;21189.58
3462;98876;33197.85
2015;64391;3554.96
8984;11607;16677.57
1406;12953;899.57
8384;54941;37477.28
7049;81469;32038.16
7169;86922;3142.98
8982;71683;48237.23
1985;80218;1140.85
5485;21154;29502.13
9901;19047;38820.61
3618;98529;39396.94
7289;85874;1723.91
7928;24323;45321.69
6368;47693;45923.40
5621;68730;28073.90
8566;99170;24109.34
5670;36292;2252.92
8658;55111;28102.09
2003;85453;20474.86
8504;85681;38642.59
3466;49491;20200.14
2939;59336;34182.21
2635;26905;5079.39
9095;40273;6656.28
7265;36234;6994.11
2895;88885;2285.82
7524;76538;27071.03
2073;42573;39700.45
6184;74320;30524.46
3402;21330;28751.99
5895;90516;34034.39
8331;82553;16988.87
2956;51353;18104.08
8023;26011;15720.36
4907;93537;35608.33
1807;70985;8090.40
9378;27044;661.13
5827;48292;29813.86
5524;15250;47119.64
3284;33289;30474.30
6313;43087;39148.25
1757;85952;33642.81
5887;46368;24876.86
4854;80815;35922.44
4558;71040;41206.97
1961;68900;11244.33
4847;25494;16813.16
7726;55166;11194.05
4575;35333;22614.13
3418;43050;44254.38
5198;89566;17266.90
2001;98257;18729.60
6244;58070;43019.76
8119;15166;25773.56
5066;17121;26777.10
3845;24677;43041.45
9849;66561;24531.43
6316;91909;34081.06
1422;97409;4291.38
7715;47664;8939.80
5266;11293;20224.77
8549;32443;24747.01
7316;59212;48287.03
3710;94131;48532.88
9644;85276;42561.34
9069;22559;15786.79
2657;75231;48201.77
3541;49044;34470.15
7763;31747;19653.08
4075;83509;35086.73
4164;90869;835.97
3053;40129;7316.27
9479;10037;41485.99
6737;58503;32282.23
4217;38207;18216.09
2447;43241;25038.33
7009;10058;45258.06
1607;78172;31582.59
5552;24834;19913.48
2764;91113;6025.13
3671;37190;14694.40
7519;82832;48917.23
4962;31383;21873.78
4177;34660;23597.25
4722;12674;24934.92
5906;32820;44206.36
8263;95040;30200.37
6054;35666;34686.92
1808;53794;19476.78
1725;12076;1464.09
8701;74854;46549.34
2216;62342;47456.89
5051;47555;47458.16
3197;65208;47184.92
3806;42406;40763.94
9970;71572;34232.96
1972;50262;42227.05
6634;96661;30031.31
8483;33216;6727.14
3123;78117;19567.00
9790;91136;48565.03
1224;40284;17563.38
2814;30171;43392.72
2106;24333;4669.64
1124;40535;16715.85
4246;99023;17554.16
3931;85940;2589.61
3971;43700;5963.53
3017;93583;9666.33
8415;51516;41892.40
3415;25577;3179.47
4096;99834;14942.06
2609;25015;518.65
1717;31236;34784.43
4561;76640;31018.95
7782;93190;32252.66
2048;55704;18725.40
9307;52369;10421.31
8905;13646;36018.81
6578;97007;40557.78
2620;35906;6938.69
7548;96643;24346.60
8381;57728;12443.30
5780;24878;8413.66
4792;19145;36718.92
3941;98578;26909.47
6695;28226;10817.10
7401;12802;15506.90
7197;34119;48333.02
6450;73560;42435.49
9975;67353;43998.54
9432;72126;23006.00
6874;81641;31194.13
2553;61712;18844.62
2012;62189;3894.82
9378;67784;20059.45
2881;78285;29703.10
7799;52949;14364.34
5586;44129;42399.05
9622;34512;7563.50
9430;89031;18362.78
7447;73554;6253.95
3345;12064;20247.56
1075;61567;1992.67
6877;40011;13634.74
7785;81152;20042.76
5922;83511;23913.49
9090;20960;27189.38
3330;68920;13756.81
5686;31387;26156.84
2902;25324;25455.14
5670;73960;15815.74
8143;81779;41511.71
3059;42628;27286.60
1140;85096;16620.16
2789;57452;47367.45
1016;51098;42257.17
1464;80459;49129.56
5471;49235;34614.77
2827;96861;18917.36
9711;37949;14050.22
6956;32821;33169.26
1089;81612;49041.02
5815;32032;31339.49
3851;83537;44081.93
3843;25303;16461.88
7543;91993;20353.62
6901;22303;45314.70
1969;60701;37845.77
2094;60511;49070.70
7124;90664;38740.46
8347;28280;22431.30
4195;49427;26558.09
2404;16967;45026.77
7940;16661;27586.82
5290;87952;12777.31
4982;76046;21786.63
6555;45200;25820.64
8954;77442;4845.02
5713;71671;37190.70
4092;68168;5476.60
5159;58322;20251.84
7308;91984;40233.08
8478;47696;23383.84
9476;80246;42102.36
5933;48892;17100.65
5926;25583;47882.24
4969;92720;10481.33
3965;65215;1922.82
5319;34853;43622.60
9975;16109;37612.61
8108;69757;11606.87
4939;16659;49237.23
1044;11238;25118.98
2810;25064;47553.76
5566;41115;25256.39
2909;41952;23599.01
7364;15620;22462.44
3581;54258;16750.42
1691;14470;26689.74
1931;32003;22633.21
8910;37571;1846.98
7382;34668;13029.16
4406;87259;10664.01
9339;42046;43373.11
2032;80977;29947.51
2311;87255;38186.52
9579;15397;47841.73
4121;93481;32205.52
2873;32233;49130.67
7781;93336;15595.08
4748;70308;9321.50
1277;79726;20171.46
2859;73219;23545.26
6929;11130;44769.12
7792;24071;28001.42
5713;95517;14616.13
5675;12118;37134.29
2170;10663;25296.54
9681;72408;8114.98
6308;61786;28845.22
3462;91271;45570.61
1287;29158;42132.70
6953;41087;29344.63
5282;98114;18860.39
2907;63121;4358.07
2161;29874;23487.75
1129;93443;37606.45
7337;50821;18020.08
3363;70582;11779.99
9151;32787;46569.67
6983;74703;41079.57
1143;31705;31917.40
9207;79381;6847.80
8469;54653;7253.99
1244;92018;5169.95
1926;96217;30818.67
4178;42252;5786.98
3176;83332;42132.93
6002;82799;49648.32
1886;72185;18323.75
9532;88313;22688.96
4398;51538;35586.24
9497;30343;46858.28
3654;90398;44705.75
8392;51232;2889.02
2371;63106;8461.90
8135;91227;37732.31
1320;63079;34447.77
5654;35028;6669.60
6300;52135;25108.21
7761;41066;39042.92
7854;93470;10946.85
6505;30910;43565.67
7553;17141;2658.06
5042;55950;39111.93
8498;65723;30794.79
7636;26225;15766.82
8362;97123;36049.42
1011;42959;39120.47
1194;59192;46695.61
3537;89711;18395.06
3842;20051;34303.98
3229;81428;30134.79
4009;13449;26265.05
8984;51095;44521.92
3077;87929;168.33
8845;39190;14112.76
4867;36141;26918.48
5873;33908;8922.88
9635;42322;45394.25
1297;60710;32383.28
6856;24012;23899.37
2015;44889;40736.94
2384;27412;22549.80
9745;34657;27937.06
3350;15656;147.52
2269;18967;18291.37
2260;94958;6948.14
8701;25764;34487.54
9376;25873;23956.56
5563;61030;15094.86
7897;77807;23396.94
6672;11607;10489.40
6593;29523;46255.08
7155;58447;2708.09
6543;59757;43272.20
8240;79201;25572.83
5683;91844;30951.14
2881;81388;15137.25
9713;15462;48335.21
4809;41795;14099.73
6807;79806;29448.01
5883;58465;49670.90
8206;71109;44055.91
5155;60528;26821.13
5673;46230;49518.82
2409;58242;35071.48
6197;75883;10442.93
8452;11783;20285.75
9718;38390;16731.32
3172;18417;17207.25
1279;82102;38025.22
4977;27426;29217.30
3669;40750;1914.25
8825;68188;43873.65
4981;20872;14846.84
5769;58086;49853.77
6247;76770;47709.99
5427;93514;47027.13
7135;98177;40558.27
6573;44720;11038.46
5131;28079;26636.31
8189;27338;11222.89
5535;13291;12991.18
3776;84084;30551.48
8697;59393;2051.27
9386;79770;48473.23
1662;36720;45934.47
9671;23368;19044.57
9044;64313;25775.97
5218;57969;23311.31
6060;58838;44111.17
6874;18734;34433.21
6581;22197;13912.78
3014;78895;22347.59
4789;66831;21454.01
8148;68073;47967.17
8766;82925;8773.79
3364;90488;4487.92
4629;94475;44032.14
6919;60302;44835.33
6675;25624;43588.24
9872;77271;25553.74
7638;34315;32990.62
5651;27422;28172.52
1609;49137;3481.70
8940;82663;29795.79
4866;58232;690.57
1371;88142;16256.12
7998;42743;46615.31
1615;25636;15209.22
7911;20108;46991.93
7010;83634;12514.20
3253;46180;15734.97
5942;28883;31424.09
1864;54400;38083.73
2268;55999;25074.37
8454;57951;44106.96
9976;17160;2021.62
5571;65262;46110.52
6229;29929;9823.43
3237;93133;44213.09
5054;21123;20049.15
1935;38357;41639.53
7394;80496;33586.56
8891;43556;8805.32
1325;93791;45903.20
8774;71934;12283.41
4861;88886;12214.56
2985;40881;40710.80
5932;28409;5302.60
5603;65416;11109.57
3778;77982;25188.84
9832;40657;41525.55
8754;96743;7382.72
5078;58951;27387.94
2367;18752;35564.92
5042;23440;43031.16
3575;54864;46778.92
7754;59691;39234.15
2581;82035;32644.89
2986;96675;21686.67
3240;90303;5614.39
4966;32343;35489.76
8604;29673;49636.94
9320;69954;36840.66
6968;64698;845.39
8493;36520;24818.04
5103;25784;30736.19
3076;48079;34486.81
6231;54220;35989.09
3994;30491;27909.84
4744;58720;11175.78
6594;24718;47110.61
8531;45597;34836.36
8371;71217;11849.63
2644;36832;16122.87
4144;64818;46097.16
1242;22864;44375.38
5085;98378;20263.27
8954;18177;1924.98
8269;56115;2434.38
8130;66210;14203.08
7828;61954;31459.82
9362;21844;29213.89
9844;84130;31695.05
7331;23418;35866.98
4512;44854;961.42
2499;98644;5263.23
3158;85955;17980.58
6162;98075;7751.45
5039;53950;3775.25
3035;75227;32051.81
8977;22835;40768.67
1857;27533;37633.81
4823;97858;40853.82
7770;20223;33296.17
1298;20273;36769.91
8244;43519;13596.22
1923;34160;49650.47
5232;84385;9166.45
5306;58988;10732.55
3799;20348;14453.20
7578;93460;48766.87
5875;77519;49414.55
6326;24629;39746.74
7582;59056;31456.59
2802;21273;26007.93
3657;50416;48531.34
4346;17894;34784.18
3949;56073;47237.06
1941;55693;15834.37
2907;61466;16695.40
5837;34343;42737.68
9105;53095;7501.25
2243;41174;47296.93
6696;60801;25378.64
2466;82436;46321.43
4957;79336;16846.27
2966;52926;35800.79
1375;82590;24148.93
1262;48827;31343.91
5362;54775;25223.58
7502;51201;48356.11
8833;39373;34608.35
2893;37525;12573.44
9106;82651;45484.75
2652;40486;14708.55
6540;88604;18586.54
4892;28640;5115.16
1599;71455;44999.33
5815;46136;14312.74
2912;72425;12953.29
9792;66539;46013.93
9572;91664;40278.29
5213;34942;7062.54
4637;78363;38468.53
6599;68596;45652.52
7448;91526;3934.78
9557;45255;41262.50
8382;72129;27375.53
9982;95523;33463.18
4569;72286;24647.79
8707;96437;34893.18
1746;26277;1714.55
9504;11643;38137.71
5633;33729;1676.85
1920;96623;22770.44
8008;31818;7556.74
3381;75555;41180.48
4618;63629;15689.91
9989;65438;22710.14
5443;19457;21443.25
1272;69629;38627.37
2773;43922;24062.41
3547;19820;39450.03
4164;42750;3684.68
5780;47790;9587.78
1946;98405;27581.20
1506;44421;47354.95
7719;78038;3747.14
9435;92201;2163.78
9697;72325;7835.97
7360;35600;32061.24
8657;39394;19955.66
4590;89622;41279.36
2192;46171;3605.94
2464;71526;9828.74
1390;23149;15008.32
6615;40394;31340.24
7106;24396;34261.78
9864;33324;6218.92
3560;57198;47190.80
6867;92705;17058.80
2211;41016;35661.31
2539;13194;26215.14
1643;42398;11145.68
9693;14789;42312.95
9921;95695;40913.72
2283;74967;19809.63
8680;71134;29434.49
8345;80886;12898.71
5386;34977;34495.68
1919;10129;15458.25
3339;69683;42205.50
9947;55331;10877.08
6930;44626;750.02
6402;58503;13432.72
6663;37549;9560.71
6275;22342;25419.24
1507;46417;10193.13
2436;86514;38161.86
9750;62249;12076.12
8354;62664;35351.34
5516;18833;28927.76
4622;70658;49312.63
5399;39473;49995.05
6037;10737;43477.61
9111;56647;38001.57
4715;74054;19328.96
8837;11299;37666.30
2301;73281;47834.21
8370;75875;1178.64
6185;42920;26900.36
3155;64836;10907.74
7411;52381;27898.24
7365;94971;23327.69
1692;66298;28792.67
2478;34509;27552.60
7396;52095;48005.75
9448;61524;27613.78
1441;76909;42313.14
3646;82618;15997.82
6209;35532;21910.65
7533;70285;23525.97
5677;28866;13943.61
8211;17593;18995.72
3645;19495;29929.67
9210;17837;29013.59
8933;86708;31825.40
6476;28680;17597.38
8928;65476;15798.42
3080;40346;30584.78
7089;33412;6651.76
8396;98399;12659.05
8797;40804;2115.97
1861;75206;3639.82
9346;20934;12176.73
4494;40723;986.27
1904;30405;12278.08
2269;28748;32752.27
1404;80766;3064.74
2184;56413;21842.47
9938;32354;45656.31
2725;84490;39566.33
9462;98675;15278.82
6811;27388;46241.03
6606;46523;16489.03
4956;67693;3635.05
1171;45732;49702.86
9465;51646;43502.43
3306;31021;23301.98
1421;62776;33322.16
6540;29116;33564.69
5675;82009;9732.17
7748;98271;10010.43
7103;86620;23484.34
2473;54771;45579.54
4243;38756;509.59
3181;92604;39127.46
4096;12919;2885.76
7646;33550;23916.32
6882;46524;31897.26
6982;64606;34341.10
6798;78819;2933.38
9415;80227;20935.99
9411;33212;29196.02
9456;50118;3311.62
5524;38602;6763.38
7559;27540;33185.81
8620;45829;26086.69
3774;66309;8099.81
6673;75403;26766.61
4124;81455;45635.49
9671;32277;789.22
2353;69673;32135.26
4854;27676;3691.79
9134;52844;332.41
1924;74708;7541.22
3170;19752;21151.10
6506;91548;40119.18
3395;84711;14096.46
9220;50670;31287.40
9226;77603;20563.72
6515;41478;11724.25
3670;36439;25717.21
4365;44747;39875.25
1588;39810;41626.29
4138;28302;42327.51
7663;76236;16934.51
5086;74467;39674.87
9531;44841;10616.80
5270;54713;36923.87
7019;59546;47419.74
1556;13048;697.05
9022;43290;22023.79
6452;68906;32392.07
4567;86637;35091.77
4899;39778;8812.63
7477;37425;48609.44
8500;93388;30767.12
2016;68176;8225.39
7470;22674;1035.92
3062;72402;39165.38
5321;98731;3994.44
4496;99907;7061.14
2813;43053;28745.75
7256;21957;30179.24
3313;82644;34347.49
2231;63616;19681.77
6831;27829;38697.19
3999;15837;48718.19
4440;74141;13562.04
5056;25032;35154.40
1305;36352;46424.15
2689;40215;34317.48
4917;66319;34058.66
8080;84642;11196.39
9611;51247;26761.16
3936;53048;28130.52
4862;85532;35009.48
6649;76714;49841.10
4261;45319;1691.85
2819;26025;3270.98
2342;19780;3906.72
6560;32706;37151.53
3226;52916;6826.33
2079;85503;31126.37
5206;40856;16240.20
7280;19179;22871.42
8235;48623;10791.00
1813;27587;43306.67
6089;33733;29311.65
3031;98306;47228.72
9514;13975;28734.07
6911;88455;6204.16
3653;85138;8551.81
4340;55463;49453.81
8876;52154;36281.00
2141;85676;2473.44
9558;96706;35192.01
3897;38830;20614.53
5041;82126;15367.35
3038;56745;7711.50
5270;40609;41996.80
5683;27401;3201.43
1494;37729;14498.87
8116;55167;15326.08
2784;67391;8053.66
4510;68171;25414.16
4786;98096;595.01
6266;16647;15055.77
6428;31106;46682.14
7681;16015;15533.37
7893;31506;18029.36
5658;34067;23663.52
8082;12056;28089.05
7869;39328;40437.35
8607;87712;9524.16
8669;62832;43588.60
7219;52771;37879.89
5534;96805;36135.29
6979;56515;4349.36
9890;74538;1091.82
2312;78650;29704.69
3962;88978;43158.07
3938;50151;29226.23
4197;11629;10669.61
6296;93463;4535.09
8204;99432;34982.83
6730;38155;36091.30
1126;28288;8634.86
6602;60588;1419.23
2191;96951;20420.09
3639;46085;29140.11
2366;21251;35303.06
7453;35574;40499.15
7671;19623;30530.77
7683;96472;5552.92
5539;64715;34132.26
9876;16123;49208.99
3887;13061;45280.17
5086;49095;43584.73
3261;69618;15115.49
5180;38451;37541.90
3841;91897;42556.66
7040;91443;33919.53
4560;44814;12535.58
5758;95141;47692.16
1626;86868;22546.46
6014;47832;6498.98
2375;19445;5497.80
2181;43490;32379.47
6708;39767;21891.11
1490;56057;4733.25
4729;90746;37020.82
6974;99695;39968.27
4534;83100;36273.53
4296;51043;10121.02
2940;96755;34491.88
6014;37946;546.03
2882;46587;15262.56
5908;13364;19947.09
3987;79854;41763.99
6585;66088;19525.81
4159;87015;573.36
5530;17398;17623.80
1681;12452;24951.22
6254;97208;47450.75
2073;43193;47052.30
3387;89401;9051.89
3693;35345;9265.48
5340;95895;8177.44
3156;84335;39448.21
8966;69196;311.04
3580;33053;6367.59
8257;93220;26902.60
3159;15015;12385.63
7772;18657;4626.90
2627;61116;18000.30
9219;31951;13717.64
8080;36521;25560.10
2985;64431;48961.89
9488;20731;6223.99
3181;28744;18642.61
3296;73094;46599.93
8164;28423;43844.88
3597;27568;19719.61
1901;57411;34950.67
7060;13934;4401.97
2677;86945;35629.93
3881;18172;48643.16
6622;37358;26879.03
9052;76313;24929.53
2378;29763;9374.06
2248;58673;31693.07
6650;95997;29525.96
7079;77975;32600.13
8036;17804;1313.90
7487;57594;27440.69
2058;88748;29750.79
3048;97189;10384.43
7115;97507;10424.56
5248;77525;13818.15
3476;83404;35588.96
5603;34604;30317.24
4553;32135;42289.67
1220;47918;14789.97
5818;60849;45604.28
8192;40847;37187.87
5623;53774;19756.63
8349;70709;4772.15
6618;20680;12856.61
8209;65037;47838.84
5576;68914;15525.07
2871;36309;16501.75
8915;20349;9487.55
2462;85079;40344.46
6521;70820;13789.46
9536;84996;16519.61
9236;44553;20723.26
8813;38525;21692.08
3068;15948;20572.93
6753;24498;25192.15
8237;28991;40727.50
8016;69790;40966.06
7191;17660;39917.67
2514;36245;5065.23
3598;10238;39985.94
2001;29920;6021.39
2033;56659;6244.94
7899;84874;47393.66
9465;52517;40971.70
6051;85885;27625.00
5476;56350;43749.76
1478;87179;49468.34
1515;38274;30536.00
2191;55013;30648.79
7297;49913;37723.81
1271;55819;11614.63
9334;92168;8364.57
8778;87857;37981.44
7008;74910;17251.79
8987;33485;6762.17
4332;12860;15750.74
1787;59875;17938.26
7222;24919;48261.73
1622;83947;34901.01
4841;19586;26547.51
4676;61986;48443.97
3572;99848;45157.96
7915;33055;25604.92
6033;44890;45284.92
8788;73081;20221.19
6214;38807;11528.73
5712;95920;11641.58
1066;57177;33119.15
8533;78625;25058.51
5616;24242;32950.95
2140;66317;34306.94
6730;49978;1125.92
8465;26433;2711.44
5471;43282;26638.56
4339;86519;9559.86
1548;53578;31630.36
8675;80207;27613.77
9264;34133;29292.16
1198;60317;15129.74
1571;75950;31995.78
1790;69612;41476.34
2174;74873;49903.58
1178;96778;41923.83
3244;72002;27879.36
5086;62508;9679.55
1734;48379;34075.48
7232;25231;46883.31
1798;97385;10601.21
8601;51163;12807.22
9979;41676;7458.94
3795;97592;36838.71
5588;95483;20334.01
8297;65535;3144.15
4084;56110;43748.75
1731;56978;27888.02
2129;82369;16561.40
2605;14752;17205.71
3933;34507;14519.66
9516;95705;22779.45
6074;51495;16858.71
8099;70886;27401.84
2490;80559;38678.13
1893;10982;33726.32
2390;89841;14729.90
4389;26146;26441.76
5239;64843;42007.91
5479;86737;3419.63
3263;92446;3924.08
4432;98567;27812.94
3371;33636;31959.37
5312;92850;10578.54
2515;37332;37263.55
7326;61434;32316.71
8088;93866;46165.23
6586;71271;8456.02
3917;72726;37571.20
6731;90901;4191.32
8686;20108;28268.97
2167;78896;27599.24
9302;52553;19425.37
6109;50880;42230.11
5327;62077;228.49
6810;13625;26013.77
4655;48237;10865.51
4793;11223;37177.50
7738;69303;2162.94
2577;75197;41579.42
3220;84693;41906.23
2030;47760;41644.97
7691;89182;7636.90
4992;67966;31524.02
1913;39024;728.22
7358;80323;42399.65
3181;33202;36151.53
4197;61524;26562.38
7040;53908;36532.27
2462;46067;4725.26
8037;19360;26437.51
5994;22941;14570.91
6308;25993;48631.25
7221;24620;42857.33
8090;30193;36666.45
8769;61559;46688.04
1687;31248;17348.70
5661;55852;45044.99
2894;15027;16268.66
8389;73410;36642.51
5922;14260;36823.48
7322;47596;927.31
4183;19012;18059.37
4797;35823;981.44
6178;83851;49854.63
4968;57027;6118.62
3716;88167;27145.12
1190;93794;39529.91
2335;35099;10071.17
9181;46992;24257.78
1378;20977;30375.36
4829;66234;8018.64
7380;57376;38929.99
1615;43978;14973.83
3330;19218;10559.04
2754;31788;27918.85
1463;30501;20521.58
5267;87989;46015.09
4158;25210;44004.33
4624;84225;24172.70
5938;55489;17969.60
6417;73721;16282.64
7004;52653;13385.51
9881;96678;27231.95
6603;50950;40250.88
3212;18916;15544.72
7120;75911;9512.80
6818;41449;23779.44
1382;99333;3461.03
3256;30782;35066.94
2412;30243;25922.73
7146;39379;24823.78
1371;47780;15029.26
6806;40740;45234.63
6565;29984;4533.41
9802;10050;43492.50
9307;16590;18841.49
8437;50205;44032.37
1446;25162;36440.79
2391;59746;5217.49
2340;23105;41578.50
3939;47499;34112.02
6969;46641;1624.77
5813;21628;6693.80
4569;52032;31785.05
6454;75029;33133.40
4150;48516;37335.11
7414;97157;36015.07
5657;11476;32979.40
7947;50800;38314.28
8943;45788;28758.53
4662;99973;13046.96
5482;36240;45619.71
5797;20922;920.52
6068;74198;18334.42
6480;68739;36446.23
9033;83602;21363.53
1983;22089;1251.47
6607;42600;3308.39
9543;56176;32435.38
2907;18167;48243.58
7924;88352;27597.66
9737;31164;25342.82
5174;95965;15923.08
8265;41415;12841.97
2990;83653;1059.04
6596;81895;13655.01
4998;89900;22461.03
4775;85829;9905.51
5645;68650;4376.53
3061;68981;35889.22
5487;84868;44732.07
5435;10615;46839.24
3644;55612;30903.76
2045;87937;2648.20
8951;51936;37045.72
7449;39372;5513.66
3681;77875;33490.71
4199;91782;38970.50
7768;71700;36295.98
8440;18109;47594.67
9633;33758;36909.93
3550;98627;34663.56
5225;23317;13094.54
1596;92298;46239.19
7054;79001;8985.40
2505;61423;45245.78
7468;35622;15640.00
8236;16800;6516.88
2551;45539;41335.88
7852;12600;134.75
2449;81054;41606.10
6953;95163;13122.97
9456;39369;44237.22
9042;26689;34577.04
3659;91459;33312.50
8509;48469;18272.32
8893;10958;2979.55
8445;70012;41505.35
3721;79074;8553.48
3925;70021;18619.21
8104;98940;30021.73
7240;60782;24117.86
1512;85519;9941.05
1215;69315;7039.41
8299;34642;6171.08
4153;89003;43151.76
8450;10205;1587.66
2706;22442;48850.94
2567;15691;9934.45
2128;48909;5525.01
4510;29504;28852.81
8867;74270;4008.50
3365;68051;30126.64
6583;48798;42532.83
5897;59330;2404.42
6718;97087;39995.43
7001;88919;19729.93
5567;92032;7982.94
3741;51716;8813.06
4020;84624;45939.04
7256;56982;5539.18
1228;37444;43340.47
9362;34734;27216.79
1294;51745;1962.42
5284;44571;23229.16
9617;25389;40874.30
7801;94218;36312.88
1918;55038;24444.23
1498;82795;43003.89
3809;55168;6027.03
5961;88082;45497.95
4779;77690;42323.60
3118;84302;35416.76
7391;21230;40896.21
1145;93301;27195.34
8942;15902;33761.37
5565;76758;28034.30
1192;37050;17777.87
6187;84586;28447.35
7637;79110;12880.69
9243;86693;22019.56
3410;29575;14045.96
2820;68940;6153.16
3964;50244;16099.87
3521;93481;42600.84
3568;24962;19060.23
6882;87332;37402.70
2867;34450;8768.14
8465;63494;21226.71
8602;55037;5751.65
4199;93040;6939.67
7103;40041;30875.64
1240;20715;30378.02
4440;31803;10676.46
5631;78906;23726.42
9274;71726;43166.68
6077;11908;8718.33
4768;47075;970.33
8995;74587;32603.24
9802;63648;2684.38
7429;31134;48997.21
4605;66143;30484.92
3173;79123;23525.11
7568;55153;21505.33
3601;12413;28657.80
3657;32555;4540.32
7080;20952;46501.65
8325;78993;31285.85
3159;84000;9207.09
4830;76686;28133.43
9313;42264;6671.49
5368;57553;887.46
2317;64359;31529.54
5493;19808;32427.68
2230;62330;29188.99
2133;48345;9182.33
8607;79617;30175.46
2301;49222;2834.98
2910;67755;30465.83
9082;18933;27705.31
9107;78207;32766.19
8970;53739;44774.83
2916;57738;42519.40
7996;94544;49032.90
3757;31883;48812.29
7464;53401;38618.26
1178;25380;47821.42
7362;28212;43365.52
9683;38174;36381.85
1060;16861;3778.46
7681;16094;2462.00
3895;61319;41881.60
1585;56728;24487.90
6823;34363;40732.19
1534;97846;15652.78
4462;49300;19888.52
5011;64808;35012.33
4398;15943;45767.18
3155;90105;4397.20
6966;52616;43075.29
8329;84329;39652.71
7957;35287;15783.81
6325;43971;17767.28
9518;66152;2332.61
5703;52351;796.87
3706;70040;23855.54
1001;98559;4786.03
9316;70616;9708.15
2104;33897;42339.89
2861;33010;28555.71
6269;50154;31685.29
7943;30114;9382.09
9320;29050;41434.80
1437;31125;43400.31
5846;60396;26171.15
4129;54846;45628.76
9081;30396;42242.98
1901;98116;36568.90
6398;48973;36706.46
7678;33574;5278.62
6529;23869;13549.09
7604;76194;3351.69
4918;72167;443.97
2067;66147;7923.89
1026;22122;44025.55
7937;53827;12001.30
8264;23335;48508.00
8118;73576;29868.58
1547;31677;11870.55
9758;38223;24861.57
9895;39814;10962.55
6338;93611;49198.84
4140;53185;42364.78
8996;86794;1321.68
2590;85675;47389.32
8776;52325;36056.04
5943;50503;4128.24
9997;29514;33535.18
8798;66196;32349.87
4791;30917;10947.25
2357;64699;37924.75
9092;60119;4362.36
4225;93324;24477.36
3460;35061;506.06
9737;19947;48437.19
3728;91080;37580.67
7726;95550;7951.02
8481;90331;17090.29
7430;42632;8036.51
4114;29352;38333.21
1616;33653;2954.23
4644;77115;42021.93
7413;53755;47110.39
2203;81988;33834.63
3565;47921;10656.14
4174;69003;18010.90
4081;90876;23867.22
3630;56668;30235.19
4161;65175;33436.47
5321;57738;27715.19
9861;63452;17572.18
7269;78323;44546.95
8099;56149;4078.79
8376;25839;23318.14
5078;12155;38780.49
6801;17019;3053.02
5151;64512;35269.71
9911;71690;40987.38
3600;96150;33044.96
7175;36190;656.72
1666;20928;9015.05
1283;58425;17112.23
6840;84134;11692.16
4565;96117;48132.98
5593;58974;32583.18
2465;57796;14855.58
9321;58743;46485.58
5734;89455;37032.30
7257;80035;14237.51
8366;47677;18950.29
4672;66321;9979.45
8382;68973;48553.99
7587;62414;25869.65
1992;35602;44803.87
7858;39692;17331.52
3121;58750;43043.47
3223;31760;2703.80
5522;78456;49104.69
4188;34085;45602.60
4237;73964;18166.52
5136;32925;38738.36
1343;15615;37615.37
5704;47083;45063.73
5823;78319;15369.68
5920;19605;23281.35
4201;54608;43251.33
6471;29192;38931.19
1888;13331;19679.40
8127;61330;42287.80
4720;59949;2357.23
3883;78382;39104.49
5212;47586;10346.23
7961;62243;14313.18
3415;68618;24665.81
4001;88311;22492.23
2738;17549;26033.30
2364;62494;27243.33
3708;97973;16583.07
1924;33958;8769.62
1151;99779;38426.38
9777;47538;20004.81
9044;15833;25296.98
1912;33386;32238.39
3321;81778;45482.80
1495;34832;35380.57
3148;87857;2282.51
1556;48930;41929.63
2552;42407;49467.86
3120;14073;23629.53
4085;27667;48479.82
4504;26035;27370.96
1156;16732;22986.20
9926;65097;16576.92
8505;13487;32881.17
8162;67702;11498.72
6523;95107;5255.66
8543;39075;1371.58
9055;81031;14626.08
5654;94217;19794.58
7250;24781;27608.31
8246;49865;14644.56
1154;18469;49203.14
8950;55167;14594.34
1996;91738;22054.36
5626;29928;5172.78
3905;86521;13038.72
1153;49599;2426.12
8853;26775;27979.84
7481;76504;37555.72
6599;85918;9793.53
2716;80687;18401.87
1786;36804;840.65
5368;42259;41977.71
9096;96284;39000.38
5272;95227;3172.07
4767;53560;18249.73
9834;37256;47764.78
6994;16125;19607.43
8216;14370;26315.17
9857;14838;17768.59
4426;67429;29810.61
4783;13134;48908.06
6427;53199;49875.15
8011;87092;38738.00
9052;43822;20221.51
4701;30113;24726.67
3349;73594;17843.00
8011;12669;49278.88
8055;59427;35390.94
2212;91617;22452.08
7965;22938;615.64
7704;15717;26028.97
8433;87818;49196.57
3511;57659;26157.81
1143;74575;9129.51
8367;89737;1114.47
4228;26289;17741.64
5582;34406;45912.22
7031;22873;49827.74
5243;92048;47268.95
3713;33461;36473.71
5185;30710;27911.55
8328;95488;29538.40
5633;23448;26954.21
4192;25198;35355.39
1300;83158;20949.47
1723;77938;33463.51
6694;60799;6089.39
4010;44961;13292.11
6555;53007;41801.79
1067;75470;45188.41
3506;62256;26955.02
2537;30739;1591.46
1397;94054;46349.41
6680;68186;35106.19
5825;36547;20707.26
9747;95823;29922.96
7048;61431;21494.44
4661;35476;23272.31
3941;88411;44341.63
8067;20686;8062.60
6091;27536;5192.42
2601;44062;146.41
2480;58216;15706.88
7230;35041;7379.21
4276;41653;11007.07
7447;31673;571.84
6499;20367;11367.50
7273;29629;16642.25
2299;98636;1588.06
6818;82190;30399.13
7701;35063;28444.33
5994;29322;4860.82
8489;94546;29754.54
9269;22693;49932.71
3831;19241;47224.00
3721;39778;143.52
2532;22651;39770.96
9429;35966;17686.73
6253;19275;3191.93
2996;55606;14806.20
6311;11658;16093.61
1277;82468;26166.98
4089;24248;33057.58
1523;34437;37455.29
5275;49727;12302.69
6365;28201;16095.31
4122;51150;15426.00
9167;99891;18143.22
6190;24999;49982.82
5575;16376;38899.39
8727;61673;48749.77
2797;13476;34658.62
3131;79902;20319.47
8322;87994;19493.31
7500;72878;24434.17
1815;30615;20849.32
9634;21164;41418.03
7666;49316;23255.45
1142;78560;14787.76
2410;39559;38745.26
1534;72968;42722.48
4364;76800;21027.24
2032;19047;33393.75
4342;54985;2949.64
7085;82123;26477.95
5500;16577;2258.61
2172;93171;1469.25
5517;13870;30650.11
9007;44094;15173.74
2641;65329;37129.43
1471;19217;44805.17
3940;93138;6978.16
9738;76141;36228.90
5726;32343;25730.85
8670;60822;5614.84
4723;23003;32583.11
1363;69538;30477.25
4309;42089;25786.94
1545;63595;46324.30
4240;93197;26058.77
7665;92318;49525.85
2936;40029;25466.35
1882;89023;5801.44
4840;61324;23528.86
7923;61962;9124.61
5611;49042;29860.70
6204;97601;34659.68
8288;86380;23427.08
4203;94859;4894.17
3244;55957;23437.38
1018;92864;4081.90
1641;53739;34109.48
4083;48733;39520.51
6200;55389;48119.39
9521;39715;7448.62
1865;49116;26625.69
1773;66922;28381.19
5732;66251;46124.60
4518;71794;31367.56
7795;27580;7284.03
7984;10823;21823.20
3567;17084;32741.58
2674;87991;35017.22
1739;20607;43155.07
2545;92455;9033.55
6127;94930;47577.59
7947;86355;2966.38
7620;21969;49188.27
5555;73059;42889.78
6645;27333;33017.04
9943;87236;36752.43
8124;46668;3643.87
4732;21945;2083.58
3283;56526;5097.27
9669;57717;4377.12
7998;69426;27373.59
6413;94166;10780.04
2269;98896;43011.68
8868;88349;22292.97
3603;14601;34778.57
6961;22930;32647.13
9569;14333;15999.45
8557;80935;12165.95
2680;27839;17129.39
9433;61337;39834.95
6682;50204;29317.98
9084;30195;12684.40
6367;37848;40894.14
1069;99229;2747.42
4924;50854;34962.18
7200;60998;21960.65
3007;77390;36567.21
9992;41558;46373.79
9119;12985;37504.20
3779;71794;22103.85
5920;53585;7557.27
1755;94814;40319.49
7495;50264;23040.67
6935;43326;3774.86
3330;94816;35955.58
6705;69261;14599.68
9301;44022;2453.92
2016;25667;45138.52
8347;28065;24160.22
9216;97191;14055.24
5938;20006;35822.16
3838;81819;44296.26
1737;55076;25.35
7200;78861;34395.73
9371;60393;38352.91
1231;13143;10504.27
2917;67505;24486.30
9534;22417;4473.40
6918;41300;37340.03
3623;38896;42374.33
9646;60629;5418.25
7401;37606;40824.85
8072;49916;38580.79
3276;71330;17352.20
8393;17551;34517.57
9787;66422;12.41
4874;77782;46590.56
5530;75391;27523.66
8164;73411;31020.74
5497;83185;33236.32
8933;10888;28072.84
3135;67135;42839.63
7727;39424;30488.99
2565;51559;45388.92
1308;21075;29120.76
9534;32699;8564.41
9627;57972;45678.99
9368;19950;34084.56
1138;15413;34964.96
1193;49305;49274.23
4257;13569;3769.08
4235;76778;21435.34
1942;40085;11962.38
5620;86023;31525.02
6720;93845;40342.52
7353;46163;48315.87
5957;59592;22735.26
4381;97151;39313.05
6839;67333;45853.41
3880;18039;34169.44
5887;18198;12144.20
1545;44354;30396.63
2927;13824;48497.90
5152;60420;49377.82
1004;99535;32121.57
6533;13436;44350.52
6378;50857;10025.46
7233;26057;12311.47
3663;11310;47644.85
4326;85355;6770.42
4659;88993;9563.41
2131;76013;21033.22
5763;70022;29483.32
7737;18906;30194.82
6092;19868;14605.88
7022;28546;46031.49
4159;82855;45755.84
7159;43149;19609.48
8318;77381;21720.25
9445;33684;35127.83
6307;39858;33153.16
9520;55330;19121.03
4044;69204;20718.07
6636;35293;17408.47
3892;66869;11776.90
6288;14629;22912.34
6812;15704;34324.84
1654;11776;37100.92
6481;67255;38945.89
1759;58281;18742.85
7782;41236;38234.15
2798;76780;335.75
6159;11333;23857.73
9446;79205;39697.28
6262;93120;31505.94
4823;60946;23708.42
2876;65333;32235.65
7154;37277;45348.23
8787;60606;28323.43
5516;11933;39991.31
4734;43514;49037.33
6972;99893;35281.35
7639;72958;28670.55
6356;16827;1883.92
7380;40844;18730.15
2008;10792;28276.48
5314;49695;39862.36
3508;93187;21910.86
5758;52510;48003.31
3682;49137;13596.97
8311;94610;37230.91
1989;83410;20957.38
9446;92212;24304.56
5711;49632;40127.08
7479;46790;14817.80
7964;93568;4849.63
9075;40885;26017.58
5452;75214;26444.44
9447;86544;39860.42
2007;54870;48416.28
7496;58110;2774.48
8688;15171;29588.56
4908;19589;34067.11
3803;28077;49290.21
5379;74874;47130.08
1098;82246;35625.41
9388;95772;26094.25
1877;48227;8084.58
2868;24937;19214.99
3665;19754;29260.27
2388;35688;36262.77
3415;17048;31773.62
9761;32568;35709.00
3637;85019;21463.33
8242;27545;36384.09
9613;92949;7195.63
3883;55217;8137.69
2204;58122;8149.98
1544;43746;44544.34
2223;18709;3810.94
4172;35358;40077.40
9959;21023;11686.21
7450;38756;23426.81
7520;73175;45798.67
1654;64281;29301.00
7821;59289;10513.78
3446;68097;14211.66
6892;86681;46023.13
9412;96728;21362.92
4666;57259;29353.40
5277;28839;23002.01
5402;37410;18928.12
3569;21447;11171.72
6515;96569;34312.71
4985;85665;35914.92
9167;23907;13751.51
8448;31637;39452.65
5310;48196;42728.21
4019;32369;46034.55
4681;12589;8069.01
5196;33560;15203.14
1572;13034;43019.06
5753;10169;9935.02
8082;13239;183.39
5002;13415;43542.66
6629;95488;16329.21
9417;86944;20730.73
5200;13484;22322.24
2997;63987;42415.25
9963;28225;16901.23
8422;90459;44615.07
5524;71104;30850.79
9625;30936;26369.06
4407;49612;16287.47
7731;94946;12193.15
8795;49952;31206.68
3793;68945;22350.24
8334;97399;45526.70
3911;15380;24587.02
8952;60298;25594.63
3415;96246;20842.00
1250;90821;39465.26
5951;37260;21247.71
9098;42879;13474.41
6289;26143;43102.92
9102;59744;29845.44
8257;82949;29579.60
6565;41578;30545.00
7437;90262;35944.80
2173;67331;15660.27
9624;73815;1701.88
1835;81519;40531.55
3262;29178;6453.96
5567;85857;36093.77
4815;70197;4124.94
1246;46366;18771.64
3429;62955;3160.67
6287;51911;26115.46
3607;93422;32660.26
6930;63619;8579.94
5022;54296;18587.66
5784;32791;46512.67
7617;18301;22125.03
4151;45779;40129.15
6580;46894;46359.97
8054;89618;48717.55
8706;59250;44917.12
8619;80994;15877.09
5573;51770;48129.02
4491;32300;40621.64
1706;78235;41860.41
7997;39485;768.50
6233;50285;47712.40
9945;76555;38906.73
6755;42471;38400.70
7960;58671;4085.42
9779;30270;11636.10
2334;98151;48113.46
6588;23698;25038.85
2847;82265;19898.92
7851;49729;41998.64
8211;21171;4376.15
8865;89483;20852.93
4317;70684;18791.28
7811;65165;17499.07
1164;59948;15391.54
8060;44725;10511.65
4057;29450;8653.81
5428;23300;32023.90
1402;94600;45970.55
9605;14441;25447.49
9236;29332;14905.75
7349;30115;7966.42
5157;97404;41508.87
1867;51997;48574.89
9210;96151;17464.28
1364;23615;14554.61
8467;24732;30078.63
7571;35367;38768.70
1579;52738;22775.59
8674;10981;31507.36
9737;72881;35830.29
7468;68609;48030.01
5150;97090;8260.22
4039;91666;49869.15
5137;94351;19613.91
1452;18566;36162.78
7537;81885;28624.99
2381;20728;24338.56
9154;93911;34906.79
2467;97350;19793.73
3738;46214;6314.24
8572;67935;24449.78
7747;97081;26100.57
1880;55588;10103.09
4149;28953;46781.61
9276;78408;11381.51
8892;84904;20467.29
5144;44103;7754.94
2168;80949;26794.47
4129;59264;15388.80
4645;30156;24468.73
3526;23423;11238.60
4516;48062;2698.22
4367;52805;38963.54
8338;11987;32057.90
4555;72979;17043.56
6111;47597;2384.24
7752;93905;43280.10
1445;37868;8498.05
7364;86970;46537.80
4626;73805;23934.98
5016;90084;17025.93
4875;26636;37090.56
6497;67467;43843.20
7238;27007;18541.97
1261;86864;20373.11
5992;13389;21663.58
5025;19458;46116.93
9283;78481;34631.27
5222;84888;12389.83
5175;86022;9258.13
4443;51400;11526.08
6011;77628;13185.56
1693;61857;11516.87
9347;74367;32928.74
2812;46527;5805.52
6724;80648;19374.05
2407;26937;31256.43
9032;47672;14550.09
2410;11112;3273.07
4497;45545;4100.38
5372;99017;6307.08
8394;58355;41793.79
1551;85561;32896.60
5332;44082;3235.48
1997;70482;19559.53
5076;89098;13936.47
7099;21304;28906.23
6555;66625;26145.07
5052;82551;24061.39
6303;54885;15732.47
9118;81246;6898.61
7102;22588;37121.40
6490;30967;43994.04
9564;97440;47208.10
6616;34256;2940.36
3248;68348;36998.04
1848;35052;36327.91
7354;90972;47356.01
9695;97351;12653.20
9070;68479;37111.53
9894;90732;2740.77
4625;70200;31565.97
1314;93625;17548.88
3376;93140;38447.78
5378;12506;43166.58
9449;30709;18247.40
1574;68535;26284.05
6585;54840;5879.03
6492;70587;20851.18
9949;69321;18046.41
3810;53202;9164.34
9134;66588;44724.99
6670;13090;7412.91
8715;69231;31790.61
7567;31552;44508.23
4459;90227;45599.31
7117;43741;39664.05
4992;31661;8815.30
8837;51025;40873.40
1203;16092;13835.47
3775;45674;46120.68
2992;10570;35457.24
3243;22084;39265.53
9498;75843;4260.77
2687;70752;29142.43
5109;79278;41058.89
2860;10765;43080.90
6176;34198;1441.30
1722;71201;46958.57
9971;83271;2176.50
9720;91738;30729.79
5893;57199;34672.44
1343;21377;5376.19
6398;89833;2410.11
9400;18036;39247.76
5736;50364;19239.68
4406;99905;5364.55
1919;47443;38135.76
6819;11663;42459.66
3044;49244;29373.44
1418;68391;8070.23
2749;87564;770.97
8378;95359;35043.12
2099;25077;27511.48
4392;67849;32543.35
3772;29631;40661.10
7784;62652;21717.05
2545;77446;6234.53
2070;43500;46999.76
7522;29897;27267.65
2850;68915;30768.55
6053;47377;46671.24
3939;86670;46579.87
8194;36897;28609.01
6851;57280;14887.60
7673;67320;49855.71
1678;82592;34044.05
1988;78289;20427.75
2502;41941;27996.24
2789;24234;20797.54
6281;85172;44416.37
6027;13376;24130.14
2425;40783;41178.18
7654;51249;42010.41
3440;53025;41218.37
7856;26447;36112.21
8367;95865;42745.34
3594;26713;19367.61
5689;14858;5742.01
3436;61115;42124.29
6517;95008;24913.44
7310;69834;6377.53
4539;92060;5774.47
4483;14539;7970.53
8371;73983;37551.15
3241;28857;35545.73
7378;15364;10198.90
3765;75985;42347.70
5911;69169;14071.93
1403;96366;39651.35
4382;31078;24445.41
5163;47574;36580.12
8630;10869;19075.57
1087;72624;17363.56
6816;50075;42069.57
6470;13659;1774.76
7276;46370;48737.10
6739;68185;32412.50
5273;89921;21629.84
7523;53751;31406.45
6003;72758;6145.82
9038;94873;25707.48
7606;15131;49254.93
3064;11358;11771.12
6315;67371;36116.68
1317;92307;21754.22
2502;89139;32626.38
7130;26246;10252.31
8419;27216;23528.54
3042;51209;49004.83
5598;52987;9772.40
1118;30577;31825.89
1709;52320;28784.13
4557;21301;28256.93
4250;85051;30760.01
9061;10891;25116.88
9609;31972;856.37
3603;60457;45005.84
2101;64435;41350.67
5421;30932;8716.64
8857;14192;20669.53
9177;26128;38529.74
7082;32836;49003.32
7658;34837;47557.34
3261;32778;44968.97
9021;53130;7927.11
1508;26708;45724.61
3379;34232;43923.46
9879;67266;18853.73
5752;49412;19732.18
6495;14782;23000.85
4209;71196;32812.22
8398;36315;13049.17
7743;20052;1157.19
6648;29521;7070.06
6171;79434;22011.39
8890;92755;14107.31
1324;79690;38228.18
4557;45546;5343.44
4587;89345;45874.09
1151;35972;44767.41
1954;88059;45438.75
5354;74385;36983.10
8160;32030;5358.93
1687;50376;21912.50
9501;95641;6578.95
4127;99831;49385.08
7763;87400;16658.59
4395;88412;29270.67
1845;28055;38971.86
2164;97508;46031.60
6904;35493;37779.83
6360;84861;33728.44
1354;46775;23304.43
2872;61057;30273.95
3024;95909;4717.25
3817;46253;44197.29
4832;96717;27193.43
9257;61884;2016.35
3581;86497;45995.91
3486;27705;24470.21
9418;54676;43430.77
3443;89045;42845.83
9919;17101;40789.42
2036;72495;3079.54
9684;14743;12360.86
8435;18951;43778.64
2548;17014;44950.56
6065;46180;22908.86
7496;66977;22007.67
7183;69534;8765.28
4957;73209;48420.86
4407;51908;10664.79
1639;60918;9554.93
1172;18219;33039.84
6666;17163;12149.79
5354;12470;46939.19
4959;26543;555.24
9708;29276;297.61
9714;46881;25248.79
3886;88950;24408.24
3164;17749;8176.57
4945;34182;24731.03
6235;87450;20588.94
8746;90543;44517.57
3590;31383;472.60
8754;88578;48813.73
5934;35412;31223.39
5076;23181;7600.65
6185;54898;2347.53
2093;69630;26909.90
4880;13405;11752.16
7559;20862;15065.27
3785;64679;12264.16
7065;38688;32512.11
7539;58017;27680.91
2574;22939;3907.94
6676;49585;26331.06
9060;32942;39561.58
4990;15272;4068.92
6210;54134;44488.05
5845;34265;28919.55
2189;58192;47531.72
3689;38668;7415.58
5095;91560;49678.31
2875;79283;32217.20
8768;19297;28379.04
4406;74005;25768.83
4932;68434;1192.48
9240;74749;46982.56
6408;11607;32203.28
4861;69183;4590.41
8406;96994;1057.40
3833;66305;2548.67
6285;37973;30473.69
8645;33117;30704.63
5777;91986;24988.37
3735;91071;15345.22
9273;17645;26591.82
9278;52238;25819.93
7368;79694;980.58
1821;51773;14130.64
8525;26786;2668.74
1162;50693;45008.74
8777;36578;36263.91
2932;56408;49805.80
4535;79702;15115.54
6956;94845;43925.51
4446;25076;30156.68
3790;29377;22661.74
3707;19278;11136.43
8959;74808;36922.22
4933;43539;45208.00
4385;21440;11773.07
7636;36245;8777.76
1922;32097;34814.13
9089;83703;48848.89
1564;77092;37500.26
4258;11151;14236.19
3500;31698;21003.57
5566;27601;19222.04
7881;36807;42606.23
4636;55302;38570.83
7030;95864;29452.88
1223;18039;13755.21
7297;57427;46900.05
1350;81839;32669.23
8314;68049;48524.13
2928;29053;29010.05
8743;96298;41061.43
9540;99147;40657.14
5732;65413;16873.07
2017;75958;48201.40
3226;41275;1106.85
8206;36597;38437.86
8170;87521;48278.20
7207;78908;16952.02
3419;91619;32409.05
7240;65188;28115.54
2893;44710;38077.75
6322;85486;43310.23
8718;59050;30156.20
7878;59249;40797.07
2125;44247;15621.16
4117;80162;11437.07
5161;36408;21539.08
5042;86313;33890.05
5433;80683;9370.47
9638;15443;34020.81
3658;10079;19710.74
4483;48345;39780.81
3944;22901;1851.42
8210;77759;33402.45
8653;52732;32494.62
9787;89304;47047.36
2986;27507;35671.24
2074;91785;39817.13
5305;45391;45230.50
4007;44171;33755.85
1969;61730;14514.78
9772;17485;43489.99
3824;47748;37381.43
2211;13878;21227.64
1229;11949;35529.35
5284;95380;43385.77
4185;30881;48782.85
1501;61306;47618.05
1048;97150;16273.14
4566;99364;21090.47
4055;19958;5485.73
9880;69185;12384.74
1386;18697;44122.24
1969;97160;18048.89
6820;25493;31031.43
4052;52801;33301.62
8397;31199;39093.65
3302;75792;9148.17
3283;44488;15247.61
5366;40493;22422.33
1122;59002;18248.40
7799;33731;49145.43
4727;17076;41748.69
9450;11071;23989.54
5958;77602;43964.64
1524;51410;17389.17
9399;64327;39293.56
1148;71072;11191.54
9001;51041;38618.38
1437;63326;22828.11
4749;48549;5383.89
9186;63096;13670.39
5453;65578;20119.71
6336;56390;37467.15
5551;56052;3658.41
3823;53167;32980.75
6728;64587;35803.52
9677;71292;32699.53
9391;85419;38035.88
2982;52139;8916.65
7996;97753;29359.30
3311;20707;47057.84
8225;23140;30543.11
1604;21093;30570.70
9175;92036;36824.62
6785;82043;16666.88
5597;15830;35026.79
8759;40608;45812.53
8532;57287;554.66
9740;43427;43506.95
1838;94042;10938.73
4815;38395;22801.60
1847;27970;42618.87
5709;80218;41197.37
5507;86475;44597.45
7575;84362;47021.44
5773;33371;22363.38
5468;99895;32821.63
6192;29266;19530.02
4320;29195;17542.33
5698;37315;21585.45
5311;93804;37156.38
4673;85246;25077.02
2564;51581;40704.84
2840;55537;37263.47
7058;89697;1033.72
8131;85265;31515.61
1726;32184;21834.19
7697;33279;22836.88
1282;36570;40920.47
2081;53030;27384.92
4885;72245;44282.23
3881;65467;35643.15
3970;45133;27646.47
7985;88731;37729.35
1947;53805;1927.07
5760;53998;1363.91
1066;27238;4176.63
9828;91088;21883.89
9505;78264;11780.15
1564;58245;49213.22
4670;33557;27119.08
3251;80474;33124.16
1804;75667;13948.22
5631;95513;16096.63
2235;75074;16779.74
7720;68204;34939.80
7906;35575;23690.57
7016;90263;25889.01
4549;86024;29604.23
8938;30069;38442.89
5141;34400;4527.58
7966;34146;38845.93
6335;16846;28166.12
6077;50352;33458.08
6611;33694;16384.31
9089;31740;20475.25
3892;59438;11565.98
6577;40996;48965.21
4618;73874;24855.18
2559;69682;49803.89
7683;54200;24494.40
2507;32970;10995.37
3063;20895;25377.55
4642;48071;1989.38
3000;62268;45239.44
2294;32258;40929.33
5065;98890;36293.77
9014;67300;30495.24
2603;71915;28995.91
2322;18444;49836.44
6956;85147;13907.09
3441;86064;38986.42
2098;76535;29074.42
6073;13760;48794.27
9488;46884;41391.88
4787;97477;49926.27
3096;36022;29420.37
3208;64504;10235.15
6988;53130;25189.31
1175;53881;35558.45
8169;72399;38720.28
7014;46451;35.49
2667;61413;25256.30
9867;72278;11769.38
2823;39639;43746.84
6147;44621;7653.74
2356;23079;33326.15
4072;16895;13310.45
4259;62142;17833.54
7199;22552;47028.56
1546;58821;12030.00
6231;43630;4759.19
8965;80063;3473.55
3083;22247;25235.71
3040;27603;32089.16
5534;55564;16371.41
2752;10527;34516.08
2849;66521;3061.08
3642;78458;42868.16
2600;15849;40830.19
5402;60314;49274.96
4799;55724;46825.88
1618;27230;17816.30
2132;82495;19969.78
6491;52730;37300.78
6795;95203;6712.80
8633;13323;15707.60
2487;10445;5935.86
8848;92945;22749.77
6009;19963;27604.69
3113;60511;10565.91
2044;25437;1341.32
3431;26855;35970.60
8979;91947;1010.06
2582;20847;48670.40
2308;13236;11088.15
5917;71897;33198.37
9793;23487;21743.24
2620;87384;2993.10
8503;72423;23614.46
5766;23155;25842.86
6362;21255;42735.61
6192;11979;36620.13
7622;31305;3974.33
7093;84543;10466.04
7704;45094;15601.27
1100;45098;5829.22
7657;99566;22850.38
6875;43770;49215.62
5271;19734;25735.49
1237;81984;37096.69
8226;49605;34150.06
9032;87932;42497.07
6218;65619;10794.02
5025;37881;37693.77
7073;73401;44068.95
3542;41177;8583.78
2537;50122;17346.64
1754;45297;48505.39
8396;46680;39041.58
8823;93452;14136.72
6507;61044;28201.45
5235;54084;20222.26
1540;44189;24503.36
6510;23510;17764.76
9461;32152;13973.76
8926;94738;33741.40
6131;36445;38929.31
9697;86688;43699.12
2129;81153;7774.95
4145;11195;41144.55
9553;69949;12747.49
4720;35433;21372.55
5067;15305;45073.17
5195;68860;22730.64
8281;83613;9861.21
3509;58648;8001.83
6016;73090;23654.46
7533;52113;38135.99
5727;52642;49860.29
1681;43062;39372.56
4932;81633;43851.83
6560;51604;37394.14
5016;16678;44772.80
8339;42121;3823.91
1719;58503;46497.28
1074;96940;19826.34
5157;81279;46081.50
9511;26494;3795.88
3149;54185;35765.00
7713;19678;36787.08
5207;47632;49845.58
8141;56235;38445.07
9652;11648;19134.86
4936;91213;27866.86
2075;98301;18333.88
4876;77917;9808.97
5615;26489;12432.63
8265;87281;11108.31
7379;15818;27445.28
5652;43149;45308.97
7792;37312;45637.20
8456;47124;2747.64
5674;11316;4004.17
1541;80990;12263.50
3161;70046;12760.42
3251;88643;4753.51
5569;79610;19429.28
3744;96724;29390.39
7041;74042;28912.33
5675;33102;27176.05
2560;41957;16940.21
2164;22872;35325.72
6419;60094;41325.93
3722;57719;17320.25
1470;83885;4285.91
2468;29693;14823.55
8925;60478;6877.06
1808;53677;23373.26
9363;70012;7805.20
7719;20760;23147.61
6073;21584;11057.93
9012;12106;36939.17
2645;23669;1388.14
9249;35223;27741.77
2129;70666;8482.72
2353;45706;59.58
1767;78019;43461.31
4895;71585;33579.67
9874;37482;4956.15
4454;70369;33206.98
8329;44143;30586.25
2790;34240;23673.10
1885;20015;20968.71
8734;92164;44354.62
4906;73023;12264.95
5492;61500;19921.52
3073;73925;16462.48
1312;90596;38562.34
7269;59631;45824.10
6317;86190;42490.59
1810;73652;39887.22
7841;61087;49339.63
3032;89789;34860.26
8129;64909;37555.18
3705;21565;49140.30
9788;37597;359.47
3147;75623;31706.08
1615;19432;36951.19
1947;84300;45892.17
6677;75714;44193.38
5651;59314;42099.61
8866;51965;47290.11
3013;94268;26873.59
4697;77957;355.94
1490;53715;562.61
5350;63450;27236.51
3428;96062;21769.26
5987;71902;22567.74
9733;38317;20026.23
5920;76753;45887.11
3926;45242;17964.93
8282;10929;42812.78
5376;23580;45144.21
5868;30742;24980.09
7986;27833;22352.43
7862;81347;38053.42
5423;84155;35401.50
7870;99791;16433.47
9159;23527;5136.38
3073;68139;13249.97
7170;79585;6560.12
1701;51057;14743.67
9113;77439;13098.46
7825;54261;31889.19
8867;80912;47725.26
5264;10042;34290.33
8968;32769;46333.20
9146;77113;39208.77
8776;87918;36396.60
9558;32449;20708.96
9719;48653;16246.48
5886;38859;42315.41
4935;18576;45270.61
5619;55874;22599.61
6191;87199;463.06
7875;46345;39628.63
8856;80780;14260.59
6401;79428;504.29
4022;14321;40251.38
6738;15776;25875.54
6984;26119;34263.69
2770;40569;45735.34
9989;48596;27063.28
4215;62967;25164.67
7694;43063;14540.20
3976;32340;15266.64
4737;85723;39829.14
1752;65430;22456.97
2392;16668;8184.68
7789;90880;4735.49
1677;18195;23651.28
1105;92097;23253.10
5753;67995;32676.38
2946;97834;23558.66
6544;48250;7182.35
2095;26076;25395.07
7985;25376;45340.40
2782;65839;7980.48
5541;74723;34490.83
4257;53442;29697.02
7213;15392;37431.80
5869;37106;7538.51
2561;89845;47080.85
5006;34809;31052.11
4981;10693;42355.09
6682;69821;12337.87
6782;84159;36973.25
1943;84710;39053.72
5550;21352;19877.79
1600;62196;19203.83
7376;81066;32893.24
2524;14992;4679.45
4766;63076;36783.85
1250;33354;2153.91
1078;13312;9537.61
4123;55833;33210.55
8064;14318;4925.20
9417;76003;48592.39
2209;37192;43421.13
6153;99199;31318.85
5898;47489;40954.68
3178;50309;44380.13
8610;38273;12981.19
9895;57553;42472.09
3544;39473;9747.74
6522;71410;20672.98
3370;23679;27917.40
4281;55310;35697.41
5710;93406;1516.76
1328;70683;14532.57
6579;35992;30429.87
5228;39433;17874.86
7794;86574;38753.50
1120;35933;32586.09
7749;55020;11727.73
1964;39236;7304.99
5224;68735;31456.06
4675;19770;22528.86
6694;79285;8456.16
3076;45271;16325.45
7865;83391;15159.31
6643;33439;5415.52
9524;21101;27349.98
6249;92319;38184.80
2316;54917;28777.59
2196;93459;41316.31
4170;90562;6387.15
1355;51196;21786.24
1028;33569;30474.66
2013;51887;33803.32
3024;30893;34792.36
9490;97971;36450.98
6839;65304;32574.98
6791;42399;4720.46
1754;35236;34768.33
9961;95870;36241.89
4735;59531;49674.06
2238;90570;34671.19
2906;19442;34344.65
8399;66437;25745.52
8961;70342;43397.47
5601;88179;49841.77
2460;45069;38954.45
8669;83246;30628.89
2416;48560;3956.95
8766;68070;36339.69
2428;52427;35430.99
5378;70496;38780.65
8529;74557;6236.52
5474;82752;32690.09
4071;87248;14793.24
1555;80441;38015.96
9547;58534;12026.29
2563;37930;34202.09
2040;99042;14756.70
3686;17288;459.62
3553;91122;31671.56
2779;71518;5672.32
1075;42400;32967.98
5326;11567;46281.22
6835;57878;48462.60
6057;58850;11803.80
3349;11094;40464.57
3773;21135;17684.13
3262;89044;45023.85
4229;55113;39376.60
1392;68791;3705.35
2108;19684;20362.78
5362;81727;16872.52
6188;93378;39261.20
9802;68552;20520.18
6057;18046;34232.57
4998;14934;30125.74
9864;69556;48782.18
7566;56806;46889.87
4677;11354;21390.70
6796;63046;36181.67
7363;75064;41474.71
9123;67184;44945.30
9222;12963;3416.03
8690;37424;15110.92
2400;90039;16018.30
5071;13042;21727.95
9808;17139;8471.54
3786;21226;24815.33
8169;90298;33164.08
1870;93652;24873.22
5196;48108;33293.00
3739;80647;3331.42
1940;78617;43800.61
1340;39815;46954.07
8422;17802;30899.19
5133;52230;44070.74
1659;73372;6580.99
4457;64020;39874.47
3975;93449;5966.22
1453;27465;20406.43
9184;17994;16197.69
6442;13531;29283.74
1818;19343;15082.71
5868;69066;31869.31
1012;16229;18375.69
8727;92124;43040.91
1920;98704;31697.85
5920;54789;10772.76
3418;54069;16813.11
7475;97402;42372.57
3017;19524;19330.12
8957;98074;26794.60
5792;96762;32450.61
7830;73103;17397.00
3434;18103;14705.99
3868;68581;23767.99
2438;93938;10751.90
4543;64203;14217.69
2781;25090;3113.30
7343;25915;15205.47
3263;51477;16042.00
1211;66987;48092.04
9699;63238;29490.54
7159;97047;39371.25
8027;25029;2278.41
1331;99067;5335.77
7860;63520;40728.70
9044;80053;31181.24
9169;61464;9557.19
9742;31961;20245.72
6720;36835;26938.24
1727;37725;42182.06
5975;35357;3030.00
4243;11244;29840.15
1648;77952;35854.63
6095;58061;48894.81
7614;16490;40359.93
8135;87219;13818.60
2009;15839;35481.86
2550;34992;38166.26
9995;54938;36489.48
8492;66249;41009.00
4401;54735;45187.46
8447;60734;4930.51
6424;57080;5247.15
5241;84460;39822.04
4161;91457;12626.10
5155;34260;2936.49
8478;69607;20067.45
9719;71852;40995.65
7617;38380;6336.99
6660;94347;33595.38
9624;81257;190.76
2176;51191;5495.77
8956;14930;17549.01
9592;14353;4189.28
3233;17832;42296.62
5700;59554;43204.88
6906;98487;37780.98
8860;64017;12131.56
8526;67298;26167.12
6559;61389;9217.58
7732;83306;14071.11
3513;35525;25805.10
8830;92092;36753.34
7944;90630;4741.77
8910;83471;14841.87
6649;78211;46331.80
2096;41280;21461.87
2951;21240;46944.09
8799;75092;49570.11
9804;79541;26337.72
1595;72851;14409.32
8875;16544;39540.93
5439;67981;7973.94
6972;27332;12609.82
1858;36836;39246.15
6519;24388;21687.96
8385;11694;10084.88
9636;96677;32559.78
5317;98202;36640.77
4454;59294;6262.31
2030;48769;13856.24
8906;49420;11071.63
2447;47855;18998.93
3850;11460;38174.61
9106;57646;35688.27
8151;51252;33129.57
7952;19835;324.21
5055;20910;7115.74
6402;92757;11172.64
2672;18463;13605.07
5532;23336;7329.86
5924;36534;20521.67
7085;12369;3768.28
8734;35381;37503.61
5864;95094;39388.16
2221;97905;28717.59
3860;35407;4494.35
9428;72552;44505.26
4253;45939;48282.14
4782;77576;10126.15
7957;98652;35234.94
1766;36170;42098.51
3681;81908;26996.78
8710;32369;16172.92
8482;83098;23933.15
6086;54544;25618.31
8964;15900;20037.85
3665;50733;46492.83
4513;97236;37196.72
1495;10589;12072.67
6822;70044;29282.00
3072;75311;34437.57
8795;67926;7016.42
9529;80599;17927.70
4949;95553;45278.36
7033;93910;28362.98
9328;98435;10857.72
3555;59008;6148.01
7370;76794;25916.16
5415;89134;27388.81
6959;12866;16727.38
6993;62890;31524.50
6021;51504;3443.55
3907;63374;7265.53
3914;39404;27318.23
4870;75223;3100.17
6085;10637;44046.63
7546;25828;7115.90
1395;63544;33699.25
1938;55097;19566.26
3510;42022;19995.39
5636;42202;38246.83
2649;38704;24978.11
4690;33641;36285.52
4435;47479;25264.51
4201;88771;29649.34
5179;32027;38038.12
9405;52912;30369.36
4237;81474;30784.60
4862;52692;39463.09
1058;42209;47454.85
5938;67563;18842.04
3971;66738;28860.09
9314;47242;4322.80
4345;19941;17946.61
3486;17073;20608.34
1561;47827;41763.51
4981;56225;25674.49
7261;47096;36556.01
2737;60546;960.18
4554;76457;23229.99
8095;78309;45066.87
9266;79998;11223.45
1294;96496;1585.79
9212;40268;21676.10
6330;95354;35224.55
5655;52078;22728.63
2109;11865;23004.32
4771;38887;33493.55
9563;59876;12726.90
7123;43479;37596.97
8647;50478;7664.15
2174;36401;19793.57
2164;38502;32803.85
9712;23394;41420.17
5466;19262;39578.64
6538;14487;36087.06
8111;37341;17961.23
9434;23570;6123.99
3800;67268;10849.54
5607;39605;43243.04
8262;81602;42868.00
2541;36723;47578.53
3765;79108;3808.67
5491;88206;26845.09
4083;70098;32437.67
6356;58707;35535.76
2857;59028;32196.72
1769;66921;38502.87
2422;70760;17979.98
9598;20249;8979.84
3972;77847;10237.12
2872;53839;608.81
6599;49673;17522.59
3269;13642;4596.29
6275;16338;16081.22
5749;61761;31414.22
7571;19622;44724.96
6072;58423;41981.88
6463;52873;12641.18
8450;57565;6712.82
9420;17806;9661.68
4959;10757;48549.62
2313;31470;27478.23
8847;16220;9133.29
2070;64754;42038.90
4285;89852;19765.61
9949;32505;44962.12
4095;38288;13041.25
1320;84492;19667.16
3321;29109;25252.34
1555;13497;44631.84
5939;67326;43439.18
6432;19864;28722.01
2386;97562;11096.56
5763;84310;20173.82
7854;31017;48781.90
8637;11821;30392.58
5841;60337;39057.08
4867;55485;22498.74
4793;93557;26605.04
8373;66388;21453.42
3513;20372;35149.02
4803;81333;42575.04
3327;26283;25373.10
9809;50857;24048.56
3165;61772;17020.92
4308;69670;8863.06
7452;83133;46962.99
9067;41261;15810.83
8642;67154;40036.57
7404;16107;35770.20
1992;45561;39547.97
6424;86674;46839.04
5381;45268;31172.30
4174;41608;44898.54
5782;23138;8393.19
6560;47693;31339.36
8460;93000;38616.06
4078;31248;13589.34
3983;28632;37040.28
8259;57547;38926.06
7054;22100;41561.09
3523;57930;15651.02
5581;76861;34083.51
6609;86905;15219.62
3001;63025;36954.63
2387;85876;23154.05
7552;88944;29881.24
2030;60840;20797.84
2220;29369;8107.53
7035;28460;8909.70
7523;11461;3887.67
9074;52362;30907.45
1834;38610;42433.43
2724;30995;1051.63
7598;94716;3321.31
3413;17717;22878.77
6993;88867;36888.66
5498;89472;7893.81
3105;74022;13589.85
3568;63668;11607.99
1209;61645;19958.57
5911;39550;11257.68
3220;96151;17636.41
1233;13576;36429.84
1792;50868;30554.35
4110;56380;4068.27
3166;15728;31890.91
9526;42800;23859.09
6193;20886;46728.93
2214;89614;14472.32
5419;79909;36311.06
8314;57236;36545.73
9475;55805;11082.82
1212;42532;45162.15
2658;38688;24564.25
6024;21063;33947.38
6917;33089;7301.32
6141;65942;12897.62
2794;61829;29309.49
6988;60553;15958.17
9296;43585;24989.65
6578;81739;18706.52
6551;69004;32031.28
4845;12438;24362.40
7906;33212;240.45
1378;60362;32487.55
4293;82177;21111.86
4329;26983;17091.50
5808;24026;4716.40
8937;60998;11026.28
1224;65744;11196.38
1737;67013;46769.12
1235;61039;21631.32
1711;59831;2112.87
6988;95172;6949.45
2888;44603;3960.84
8173;87758;29447.58
2259;77713;9339.21
6246;23105;24932.90
8271;77182;18509.40
1748;62147;40195.78
4551;85400;16031.28
7400;56434;22918.69
7643;36515;36067.06
9701;99298;21673.23
2823;68001;39662.84
7852;68397;33087.60
8777;71415;20532.35
5232;26960;25204.06
7519;91838;48360.50
2777;55778;33083.96
2222;40941;45250.71
8630;50955;8946.14
2777;88565;24166.98
8490;66908;45434.00
5859;74067;16137.38
9893;65696;48383.53
9118;28429;4862.90
3989;86676;45134.53
9343;24847;22266.15
2325;57191;3696.47
6127;44256;43977.28
9998;38774;12604.49
3722;19127;1122.28
5656;38205;6799.00
2325;91163;32959.15
5133;68764;48890.80
3869;48664;5581.99
2242;66795;23102.78
9539;42333;9040.02
2831;46079;37254.38
2569;94225;5911.76
8246;34259;11999.69
2918;36571;9828.33
7416;61119;27630.46
4232;18009;43660.47
4758;71829;25559.40
6997;48230;2921.59
3355;66049;28173.81
2824;46498;39878.07
8280;38820;6616.49
5060;50315;3644.83
6324;42795;9398.51
1404;95411;37306.86
2721;49191;29588.10
6316;64453;27034.33
4845;22453;12481.50
5210;60325;16618.51
1064;59490;48294.59
7382;84796;12038.86
1968;59993;45083.25
1368;55706;29030.77
9424;52817;6173.59
3242;74544;23370.95
6002;65710;47427.95
4083;60799;20934.09
9073;70964;43170.69
9880;63678;12828.87
2469;81150;28550.40
5725;70438;42194.16
5259;87223;46035.22
4622;71926;24296.31
1823;13801;31988.01
4431;51048;158.98
7528;50144;12668.63
5151;20148;13942.82
5213;92819;4683.72
8420;29861;13991.95
9989;71717;16062.89
1779;32480;48438.61
3892;28637;33433.43
6534;54621;21305.99
4306;70304;49402.84
3902;57431;7670.08
4718;98921;23807.80
1021;66172;32356.64
2500;35437;2788.48
4641;18149;35852.77
6212;24671;5002.37
1191;33119;7022.71
9587;56117;7992.88
8174;26279;46445.20
6114;78835;34164.94
5662;14803;32774.82
5326;92897;27779.12
5335;70805;14647.37
9281;28201;31048.28
9648;38634;20513.38
6494;24760;7279.35
9536;20826;34482.97
3711;96821;6487.81
8595;55775;9541.52
7273;84676;40886.79
7284;16798;33009.25
9817;76103;31553.25
4994;87160;20915.96
2678;87751;19820.06
9414;83502;34516.23
1743;61410;37002.88
1462;50888;25515.56
2568;59047;48463.77
2736;55955;47785.42
8903;11982;20627.35
8002;43864;41032.91
9856;89118;27167.96
2356;95490;25592.68
2014;49265;2757.65
2054;56313;28703.00
2764;54350;45029.89
7009;25378;39008.89
5458;79815;39317.99
1667;37924;8004.85
4370;92593;17928.89
6976;17312;11667.91
2394;40353;15802.60
9290;96450;28981.17
5070;26192;18245.54
7982;27450;28039.28
9613;15432;21930.68
6599;67225;14337.91
4650;88711;4779.22
4620;75604;44593.00
4190;20295;578.55
9789;16774;92.61
1391;22190;41341.62
2075;41286;49840.58
3650;86325;36357.87
3384;82427;773.54
1809;97513;11342.24
9047;74014;48591.42
6501;85852;40432.13
7895;65256;28344.32
2159;68630;11850.67
8574;72771;728.37
2531;61715;1052.87
6481;17466;30602.92
8548;27637;1101.38
5976;78745;49681.57
6695;46317;9177.36
9445;59766;35538.26
4548;13078;7761.44
7163;37299;27009.27
7671;13543;4039.76
6264;61052;38341.25
2231;32064;29250.21
3423;82287;4317.47
9071;90442;42430.82
5261;93632;27355.46
3908;24425;46080.40
5712;61481;45832.00
7755;87347;46026.18
4883;93114;3898.48
4515;82317;6056.68
4403;96826;49385.41
5598;60530;24385.17
6008;91099;11918.32
7222;35888;38485.53
5009;37491;13221.62
3735;42352;36363.51
5491;31676;41865.92
9593;75836;39215.33
1974;47463;13709.65
1223;58990;20086.91
5613;96544;20668.42
7777;73627;24568.73
9427;30221;8376.97
5211;95837;22628.98
1225;82843;25544.04
9183;61313;26590.13
5277;39251;40996.82
2341;56586;25871.55
5036;84418;11546.89
9401;63884;33159.81
4727;62620;39867.73
4928;20040;15975.39
3803;81677;32268.84
7558;55878;7355.43
1393;15969;17102.90
7839;23162;45462.10
9795;75435;45566.30
1581;84667;28770.48
1132;15037;35120.55
3838;70526;42702.23
4385;97914;47928.07
4770;24693;24499.42
3268;69090;28083.17
1975;12451;20787.92
8605;75560;3608.38
8213;15962;21145.95
3835;99552;39533.46
3738;26444;40246.23
5134;50443;44619.93
7833;26506;2582.82
9353;48384;26362.46
2909;34248;5380.15
2963;56162;10045.10
6153;52690;45011.82
1966;79625;24844.60
1889;78008;37929.66
4061;70309;3228.56
7461;53237;20847.16
7166;45732;33715.27
7967;18104;6678.99
9101;93230;16297.64
8379;44980;3236.74
8280;84990;32570.48
2067;49560;48544.85
5223;19554;41354.00
5607;55987;48731.41
4985;40985;42281.78
4179;58167;42761.24
5538;50428;28863.09
3362;77238;25917.43
3224;72723;20318.65
7371;27038;40906.56
2726;32219;9111.56
6791;14271;2820.68
9073;37397;47395.21
9458;84491;198.87
8013;39602;48841.70
1837;64471;36445.38
5584;72150;16431.66
1686;54227;34894.01
1356;33116;40895.58
5647;16674;12275.65
5418;27469;38547.08
7642;15446;40220.44
4391;30760;12475.24
5357;11963;2105.90
5879;86002;10214.07
6319;37262;10040.31
3739;15177;3271.37
5784;21160;36303.11
1877;17543;19004.95
3870;92162;44220.46
1292;49278;12616.03
9728;39607;22667.08
3686;95835;31954.48
1233;27221;43874.47
3374;13323;26235.81
3272;62105;18682.50
1966;86151;43352.08
1889;76968;15519.22
4863;33238;3980.39
7154;73830;22257.65
4400;83967;39256.81
9226;18330;1548.73
5542;54153;29298.25
4523;18611;29727.26
2763;23872;46427.80
4291;59455;14330.38
3488;44930;13949.04
2558;82022;22029.78
5690;72714;17852.18
7121;98794;36819.93
3276;58716;32091.19
5439;76704;37948.46
2103;10415;41003.89
8520;86441;46149.83
6409;80779;21552.53
8869;92069;49235.02
3956;98444;10790.88
8710;81435;35721.11
7017;19888;26705.13
4384;55299;40846.86
1028;68765;23843.76
9897;72714;39199.09
8756;25935;46509.13
7948;83002;36617.39
6755;90631;38806.95
4602;86729;3368.10
6062;11320;10255.83
9071;56032;48715.44
8244;87763;34662.42
7372;27907;28076.84
8105;48002;18355.15
4581;54838;2229.01
3762;48912;18463.10
1572;10552;24950.65
8705;30140;10580.86
1614;95591;8665.11
5050;58737;25425.74
1325;43367;29299.35
4740;90634;12003.50
1358;34061;29373.60
4777;90336;45017.99
6906;52124;23663.93
2721;55638;42870.93
2349;11982;46364.30
4696;45765;4628.78
4896;92606;4799.62
5260;64681;23807.45
7941;73232;29409.24
4808;72349;21299.91
6246;73474;16329.27
9384;39513;32053.30
4845;32592;114.05
3577;33618;48403.98
1091;61632;11611.63
5234;25409;45855.77
9672;19529;5459.65
7592;34154;11911.98
9128;42882;11751.34
2075;54917;49807.68
3513;92488;239.98
9168;25701;31985.51
7861;85281;43485.63
9990;99871;33616.96
1604;78225;18143.06
3979;62492;47915.89
8140;12988;44677.10
8065;45919;21703.41
5916;58426;28670.69
7800;62167;48376.28
1597;19013;49128.19
8320;49113;22496.67
9705;13574;42369.03
6622;17838;15105.99
2877;41368;18596.93
2699;42228;8249.45
6780;59711;10467.14
1716;56097;32847.10
5086;65773;25543.97
1665;38639;11564.28
8846;24823;20151.45
7611;33510;18665.44
2079;48333;49368.14
9419;14435;42679.76
9340;48418;19404.44
2069;67955;45696.69
6263;69507;17138.34
8951;61033;33398.40
2363;96089;48332.83
5508;82972;19520.04
2755;57219;33997.45
1519;44477;14803.23
6463;99780;13322.95
8233;52721;28712.09
2102;77228;48963.44
1597;25523;22662.16
4273;42326;46882.47
6781;52205;45719.03
7256;10125;12695.59
8258;76735;20096.95
9780;26375;32168.69
7554;12711;25907.11
9002;42437;4806.97
5846;38022;49684.96
5798;19182;37635.17
7605;98148;21890.32
3986;81531;30912.25
1400;50950;4387.77
3855;22920;24770.13
4412;32144;46542.31
1056;94418;44831.08
9022;12565;16875.67
2875;98909;26573.08
5543;63942;34872.20
5298;80560;17007.06
4768;34691;3253.31
6752;43799;25277.03
5833;76777;30085.77
2353;44510;302.02
5987;97919;4787.81
7597;87366;10372.46
5311;38975;17409.13
3934;63242;27057.15
1022;56546;14699.21
2209;33267;13816.43
9940;87911;43468.77
1804;97049;7261.08
9325;79939;24778.05
5416;14897;47641.71
9625;10163;31254.41
6141;62540;35863.10
5968;92915;21567.54
4671;40030;1006.41
8292;65313;32310.06
8001;39870;31599.89
3098;39482;5530.28
9444;41058;23113.36
6061;67255;45767.29
4264;74930;10262.19
6435;60500;23060.33
9493;36379;23060.55
7691;77787;40539.97
3763;33674;41230.55
5005;16590;37965.88
4241;41432;18279.05
4057;50426;3611.13
1550;59584;17480.65
6574;97663;33992.76
6411;48015;35140.30
2587;83251;48250.36
6920;79353;22687.53
6260;92990;31625.45
5409;14600;26964.15
6783;34690;7539.42
1712;43762;23065.51
6406;47499;27246.31
8990;97988;47537.97
8420;17670;18333.29
7843;96687;49005.15
3433;27341;27119.58
4301;83823;12131.04
1270;94074;9591.30
2079;27015;7093.33
6322;75126;22652.11
9795;65197;1106.10
6257;59849;22257.81
8982;25852;49420.35
7214;65361;33508.64
6006;31258;37991.71
4985;72355;5959.08
9791;51508;23660.31
9705;77784;14318.29
6991;81728;44705.94
7227;37410;9072.81
8833;19895;22942.08
3886;81942;29406.51
3653;43924;25706.91
5864;80831;41513.87
3514;22264;11580.34
4969;38038;18875.78
4284;19136;39606.29
8740;23213;26408.29
5566;87608;20111.85
3196;37431;1481.83
1789;52290;37671.74
4475;77539;48609.38
2309;95535;31018.15
1864;52747;42828.50
6389;85974;25848.62
4363;89763;11591.73
9215;79208;731.96
4003;82994;32673.38
9502;94075;24660.51
2231;79015;39107.09
8959;24887;34737.17
3711;10051;49397.74
7581;77695;25520.53
8705;79926;21364.47
1421;95571;14344.12
1946;38491;23848.30
2834;26080;43644.85
2564;44880;2131.56
8332;69965;48895.22
5944;57361;49665.43
2308;97685;29895.09
3986;90875;16583.89
1386;76890;11160.22
7131;81156;13831.75
4258;79290;2514.77
7121;26593;23760.80
5811;26167;2875.64
7574;98091;35926.53
7697;43005;18602.75
4933;75471;9976.24
2439;60728;27247.23
7169;18691;48688.23
5480;19756;34759.60
1055;46308;24592.43
4324;74079;38847.95
7777;75524;36876.45
1105;70466;44587.86
4201;19327;10241.40
1669;38520;42945.29
9934;53308;15058.29
1966;26533;47050.54
1307;54488;14060.45
3138;77160;46343.16
1109;50429;48189.90
4632;61726;7283.11
7728;96348;48725.25
6684;83065;4295.29
7499;30653;10936.20
2915;66921;22214.00
1556;23654;49679.93
8619;12108;24433.27
1104;79483;27524.97
3047;17899;34724.30
1145;23372;48414.99
1873;47682;39169.74
1298;77799;11215.46
4238;46583;15156.52
9837;39295;4890.44
7382;76113;32226.17
3511;90565;9045.21
7596;59574;12877.67
1783;74934;44406.80
5992;40066;16344.52
1370;93149;28336.67
1486;95096;19884.32
8378;18945;3710.82
4196;39418;18149.56
5287;92607;20409.33
3261;59874;44786.10
9572;27130;16229.29
1238;96257;18968.26
7843;78248;39147.01
2105;92627;37950.24
2386;91393;39916.28
2667;51394;47689.00
3691;59635;39779.92
8756;92089;20386.33
2996;27404;41077.21
2425;82629;25438.64
9023;23156;13892.92
7849;65618;15152.82
4247;59999;11199.88
3592;23785;7258.20
2490;58359;9232.68
2224;24694;3168.27
3587;46114;44423.66
8714;79549;46551.08
4064;67230;29342.65
8804;42799;42026.07
1832;21156;9186.72
3440;20304;45084.67
5795;50645;25323.01
2646;48938;3367.58
1440;66982;7074.22
6956;87614;15455.73
3367;12315;2187.44
7696;22420;15471.58
6190;28312;3005.92
5663;31395;11809.02
8062;50301;13290.83
5331;56972;49718.51
4034;73294;11784.98
4262;90853;11966.93
3107;58225;34342.58
8036;92504;42969.28
5320;32854;19358.90
6938;80780;43782.14
3747;40929;17013.70
5677;67103;9858.82
8972;73620;16488.64
5264;99590;30471.73
4133;94124;18363.49
2465;54590;33647.96
5109;82554;11854.42
3211;20621;35052.63
6539;10973;17378.44
2689;68786;22798.86
8727;47097;27891.68
8764;44245;34314.39
5541;75211;11943.30
4541;64841;41798.92
1818;35346;36094.92
5521;81980;11712.55
2124;59153;48748.98
6660;86942;33243.20
6641;15972;22626.82
2129;58063;7884.79
2702;75488;26665.72
3001;67055;8247.15
7912;74366;21480.29
4878;20931;20441.54
8232;17702;35999.78
7331;94834;9627.24
7035;31540;41095.35
7523;67450;16313.36
9111;75252;22204.99
9736;56904;38619.33
3401;62320;31273.37
9974;41000;15408.19
1539;12599;19316.28
6615;97636;15296.28
3956;94719;29742.56
9077;66165;16637.90
4722;68855;36287.63
6087;10018;28993.56
7460;10858;7293.87
3170;35992;15520.33
4391;42580;11080.16
7942;80916;19521.76
2616;45800;25804.04
7458;68770;25343.08
3756;64941;37728.64
7853;94451;9466.70
8709;47487;47324.18
2936;22943;17148.83
4091;71457;15019.44
1968;28836;34262.08
8297;21394;40277.78
4203;82158;18929.80
7499;35280;37344.88
6173;87318;44187.96
1889;11159;38342.52
9984;80162;1719.48
8382;33440;41370.17
4531;87166;38726.30
1801;62712;33467.82
9234;57656;38003.52
4349;16589;48971.48
9005;58241;21561.33
4201;33233;3370.49
1349;45011;23049.89
1583;18177;2331.22
4377;44528;14719.58
7028;71351;29348.12
8694;66831;15488.05
7196;61827;34272.91
8083;33508;41101.10
4401;64933;21027.75
4185;90501;45007.90
6285;78772;4001.15
7772;25611;42007.26
9490;32282;41430.37
4347;51003;16106.47
1788;91365;14942.77
5945;84216;15261.70
3889;21340;40571.57
6273;96643;41584.36
4272;84684;16492.83
6234;93035;29633.59
7902;28165;6955.27
8612;28260;23444.25
3492;64515;49939.65
7745;40480;7950.37
5240;62527;47378.66
3322;69789;41214.49
6298;61902;48611.01
2861;42191;8987.14
7620;69488;10683.79
5047;85082;853.19
8581;46044;36237.84
8320;59600;32208.29
2098;97457;8911.49
6247;58776;39559.34
2734;22836;14966.78
5663;84525;6758.43
6909;62648;21133.91
4416;23740;4557.58
7302;23102;13169.55
8593;90893;18572.95
1680;61334;42594.69
9163;40255;39629.51
3070;35221;22143.29
7668;73265;36231.51
9001;10719;28436.80
3191;93442;17048.68
9859;33140;36296.46
8586;65779;34178.12
9872;11069;30958.53
3846;64714;30901.60
3463;83285;34152.27
7837;22935;19233.43
5922;54035;43455.10
5392;37937;8123.77
4183;28540;44195.43
4167;83480;17120.67
3997;58702;6260.33
7521;88283;30005.37
4227;86041;18805.57
7564;87233;40776.83
3024;46907;21544.97
1329;25221;33431.44
3486;64781;15419.82
2155;17087;10480.52
5477;96998;19408.57
3185;32789;30344.32
8086;66023;32850.77
3317;43400;28914.55
4621;12199;49402.91
5491;57316;34557.60
3511;97273;46576.67
8842;62062;5905.48
9641;81609;3078.03
8848;26744;15556.63
6404;86095;6838.08
6393;65517;26298.17
2293;58865;25953.87
3465;83937;28756.61
4175;87195;37263.94
8849;23894;48566.77
9444;39160;43914.15
9210;63095;5927.18
3759;39272;16932.30
6255;64021;12798.59
9414;43645;8849.10
1002;31179;27240.80
9130;20691;27667.69
2259;91646;11369.97
9190;55311;35597.74
5323;49038;36648.39
6773;34967;1058.79
3568;38478;19793.93
2885;65775;44508.13
8060;80624;26020.73
8844;50332;17387.91
7111;17066;12691.27
3338;49313;12175.29
4758;77857;4997.40
5810;55900;40863.15
7791;51098;4342.00
8171;18294;14621.82
3731;72580;2293.33
1869;48101;39071.51
6166;35059;1973.79
1093;50626;15421.97
3987;30703;28669.14
9627;71417;20483.97
5947;69228;14120.73
7651;13205;13766.70
7979;44929;39891.54
7794;93384;48699.16
7524;43411;17408.57
4144;90522;1966.88
4587;21628;1837.92
1076;80089;37963.08
9959;16518;27622.97
7553;48491;39181.80
9297;17946;34877.88
7694;10610;45376.24
3873;79838;44292.36
4346;44311;39418.49
8024;51876;23764.71
4148;90192;15413.24
1244;60333;25356.27
3625;61298;25108.56
4849;94192;30517.67
8737;51811;9313.02
9333;80072;32784.44
1892;52974;22835.48
6487;29856;31014.04
8251;54830;11987.85
8310;91983;21725.40
3399;55823;10517.96
5640;84397;43766.50
3960;95814;24403.17
8325;77078;11256.82
2469;77951;2070.02
4374;22905;33790.18
9847;31601;10740.09
9234;97099;49479.21
8923;50955;26689.68
6122;82179;14455.96
6387;58435;32887.29
8631;34044;13768.24
8226;21246;41015.51
6108;12458;15418.72
3224;68507;49412.50
3110;16028;30261.19
1957;61901;42222.11
8146;16306;3650.05
1560;37678;17421.49
8413;22363;36876.98
2312;24066;32756.40
2821;73804;9720.21
6646;58544;17816.58
5945;10189;13179.54
6374;21752;30672.37
3651;17482;17234.97
5701;26679;15459.62
3877;10799;10376.83
6582;19934;20457.27
6390;67558;9783.17
5083;69223;48128.85
1745;94620;7733.55
9749;51556;45666.10
1941;19909;21429.37
5023;53558;18899.52
3296;89382;11573.68
1939;97793;31791.46
2610;38013;34279.55
7300;32875;23383.87
2725;21408;2794.79
9853;45607;45926.32
8187;71684;49016.65
1032;46281;21557.86
6985;37326;30686.90
4414;23601;22520.43
2156;11135;16100.76
4126;32741;3875.17
9252;21913;22808.83
2543;20101;40921.04
1271;28631;861.40
6295;82084;29109.56
5076;46870;44039.80
6902;58985;10885.30
3709;37215;9170.96
6221;72110;38616.11
9529;29215;12761.77
7722;24024;9607.29
9201;86949;18905.68
5144;91855;19631.18
6606;94982;43706.31
7766;55483;30925.99
1730;88157;20304.01
5890;20511;26724.05
2648;29923;47698.72
5228;20558;5669.60
3130;10526;10393.70
5366;11753;48126.81
2506;36248;47866.67
3158;24656;8866.50
3916;33266;7263.99
4229;74555;21060.05
7265;72995;2495.42
5136;85756;32748.63
3689;93574;3884.03
8190;88277;2910.90
3810;80377;24264.49
7152;75402;47889.75
1012;64176;21345.53
6938;51733;17830.49
8999;24418;49897.86
8219;47185;26603.13
6328;51745;18768.32
4621;63787;19299.18
4683;90123;9756.03
8872;62035;25616.03
6310;97804;21948.36
1652;75984;13547.06
6799;62462;8035.40
9812;47353;15568.83
4790;83644;25439.08
2645;58302;2926.08
5512;86979;7695.66
5759;32435;47383.39
6874;67728;27147.34
4688;11238;3181.83
8689;90857;34657.46
2379;91610;3099.53
5243;23049;36946.32
7507;67193;37500.64
8819;45584;32557.44
9593;76634;36612.91
3653;24679;4407.41
6611;44505;36341.76
7127;61341;6843.05
4923;60374;16981.90
9459;56998;47137.84
6912;86970;25148.75
6130;65701;48371.65
6439;54859;4455.23
8880;43178;23883.05
7449;37575;3129.49
2725;29329;31514.21
8522;67254;3944.56
5784;94029;8776.64
2232;97366;12948.93
9808;83662;37439.71
9338;50068;8206.47
8446;68951;42333.14
5616;97629;6603.88
5725;45171;1771.87
4677;18262;19758.32
7287;53270;48972.29
9480;30785;5526.01
2409;49469;5094.91
9205;78831;37560.81
1256;91223;15614.96
2721;55643;35866.91
2423;77657;10008.53
5953;13582;23009.00
3990;40280;13271.84
2195;52589;22581.90
5559;50000;38457.16
5365;11085;38102.88
2244;91427;25793.46
7766;25600;46419.31
6302;69801;13196.57
2306;71739;12023.16
3402;84181;30694.18
1496;51596;31068.64
4399;80410;2336.54
1909;89303;30392.81
1372;62188;18728.06
7236;36825;37374.65
2344;20913;40407.20
9515;91751;27612.17
3431;94269;95.23
5670;24332;31821.93
3784;64895;37446.58
2695;14432;12456.67
2907;98095;23237.65
5814;36570;48286.67
1780;16103;14912.80
2019;25900;11165.43
2403;68415;10550.63
2426;77567;27944.45
9855;72713;47489.86
6868;93169;30438.42
1010;68639;15173.12
7330;98728;31932.10
3825;95476;31245.87
8464;18988;29850.29
4003;88488;7979.72
8195;12977;31731.99
7720;64641;21513.92
4088;11268;939.42
2789;64431;26992.83
4036;26756;49463.44
8377;30764;17493.48
8598;69912;48278.31
5838;50385;4819.33
6872;25032;36625.18
4653;55702;5725.36
5299;21885;13685.84
1973;19796;28546.33
8083;42863;29643.06
6494;91014;38762.81
4406;42117;30769.42
6150;30753;29684.80
4129;30325;45618.53
1104;17021;22613.52
8433;90721;11271.04
8689;63096;8097.81
4567;81404;20005.73
5348;23071;35640.51
5390;74649;2136.75
7811;18041;6461.38
2181;92051;5314.61
5644;50058;29266.66
6873;58263;12150.80
5394;54470;8321.31
4534;97826;29642.61
6844;38223;38067.88
6939;43575;16614.42
7475;55799;28914.45
2774;31661;4915.24
9283;91975;46760.20
1446;46432;16851.44
1108;41147;49875.31
4239;39114;48929.60
6931;16030;38943.38
5053;57429;1013.15
5537;57743;27178.31
7361;75615;4350.95
2245;57577;44757.95
3720;12966;39483.92
9469;13728;48617.30
8741;47304;30423.06
6105;59277;26113.42
3922;10947;25953.50
3513;88101;19328.55
3801;91380;23439.82
7981;76130;31774.28
9221;31414;46648.05
7502;92060;29798.26
7038;29439;42857.23
7229;68220;43140.37
1364;56785;25946.45
2800;46973;17380.01
6958;97091;31982.30
8436;83318;22299.41
5793;78196;4081.23
9160;16089;18896.68
1179;80854;49703.67
4873;72235;2435.11
4960;39400;34836.38
2186;25405;42061.02
1773;62763;32439.81
5460;40209;28491.71
1352;83598;35380.65
7943;27424;21472.84
6202;99523;4577.17
6344;30556;48118.96
5507;29330;21620.72
5830;91266;33272.81
1117;13236;26570.21
1481;79216;2743.11
5287;40312;47637.80
7802;31191;39628.94
9298;93457;7463.40
5477;46640;49082.63
7533;72293;36847.70
1243;46688;23621.36
8012;81229;30572.39
1865;95802;5345.77
6329;34122;28024.97
1603;51224;3692.32
6756;16331;27247.31
5018;97102;27639.26
6192;52262;43723.19
3015;96314;36255.62
4380;69592;12485.12
4770;43926;44422.42
6829;96287;28666.40
2613;27528;30322.91
2879;10068;8457.38
6372;79253;42890.10
5108;90754;46548.95
9978;53968;38751.78
1148;58623;47038.22
2754;52129;15121.97
8378;71321;43057.35
7681;21526;24449.77
4756;36709;8204.22
6392;25063;33443.34
4052;14723;34209.17
6692;14213;14353.36
5218;32797;1384.39
5803;94946;10000.36
3377;98918;19994.88
6086;55217;8386.47
4182;78283;9709.56
4160;33655;19575.62
7576;87990;48089.71
9903;22587;38214.53
3586;32555;15994.22
3648;38071;47580.69
8313;30239;32285.88
2717;59151;22777.93
6308;12203;23420.33
8407;23635;20543.12
1870;62571;11657.27
4574;11144;19337.74
6827;42699;26399.54
8986;94619;26406.09
9462;22213;38089.23
9741;26944;17946.30
6769;76723;35842.73
6733;78669;28908.81
4240;78947;48092.65
5893;44457;19270.39
1886;45191;45061.81
6854;82264;41033.92
6318;67924;31886.84
3258;43744;32729.18
5382;63424;4241.65
2785;98417;47511.73
8727;88337;5355.73
1295;86084;28166.03
3597;42886;16510.24
1680;94963;21498.30
5890;10972;30513.05
5298;16621;45443.48
1324;59738;22883.78
8952;67694;49386.60
1986;64777;29644.68
4118;24530;8036.09
1760;17354;9508.56
8758;56529;35808.39
1906;61714;2529.39
6499;98759;24022.28
1364;51232;7419.47
8769;62079;21666.60
4413;22550;37498.37
9027;98196;22946.06
8939;70385;8180.92
4081;74736;12603.75
6448;40268;18383.30
4258;14290;3487.36
3107;65034;29221.04
8928;40138;30380.61
3933;81982;3116.97
3829;23432;20121.54
9633;77058;20705.89
6006;68175;16697.64
2559;43329;27891.41
2741;79076;17304.41
6830;22328;20826.30
8523;44247;39878.20
1625;16677;8113.85
2690;71810;30959.54
9282;60357;25284.66
7310;65812;15260.53
4006;51616;36379.46
5302;71284;27563.91
2088;59741;23873.30
7007;63478;33386.79
5611;64056;40116.49
8928;55534;48633.71
5490;89056;31471.22
9378;74162;43723.25
2597;54711;64.57
4747;32805;26516.48
3670;30143;10740.23
9431;85828;4718.68
3580;72473;26603.23
8432;26017;37343.86
9330;73202;20619.50
3506;51423;33508.67
5725;51713;24491.07
5300;97856;21859.92
9759;84310;14519.93
8002;12205;19135.85
7131;63266;17496.28
9831;22342;32312.90
5537;79563;5809.77
3335;73190;4640.89
5321;91863;33004.05
3985;31200;27319.44
1559;17188;21515.70
1713;12808;7630.62
5593;23851;20557.25
4988;90890;39488.69
7203;74928;44482.17
1256;25058;35131.80
9768;24620;3005.01
1037;62755;33523.78
9652;72995;12056.87
2832;46681;15769.41
8600;74509;9801.70
6167;93339;38790.03
1432;77703;32433.62
5151;77680;30595.63
7411;77703;33401.95
2751;52136;11846.25
5997;98456;22237.77
6720;93086;31666.35
8616;46343;31833.34
1256;28254;39594.67
1671;71273;14362.33
1489;69611;38519.10
7889;70002;22014.82
3096;95683;33511.93
2682;22926;22791.41
3460;74264;47431.02
5529;99527;8973.32
6121;37563;33753.50
2975;40688;28830.98
4216;44130;8644.82
5515;10925;3309.66
6692;61595;39959.23
5939;26321;7880.99
6563;20769;9333.47
3963;46748;48921.93
5529;50028;35865.87
7786;26151;12531.84
7200;86133;29551.54
1976;44187;26710.25
8345;53835;42225.22
1045;10059;36468.74
2193;95717;41587.74
5512;37235;10583.21
5943;77114;32014.56
7282;55366;2021.64
1246;91583;3456.34
4219;42160;35679.22
9983;15277;1230.76
1636;11780;28992.45
4775;56579;42021.85
3421;70750;19003.29
5183;66902;2251.57
1712;90198;35695.23
6845;42161;46485.03
6323;54499;35861.40
7032;41886;28926.58
4644;18800;11509.14
8773;59460;778.63
3108;80975;34736.66
4614;79843;11559.00
7957;12364;42909.55
6279;26568;23323.54
5332;48092;26536.47
4900;81019;37699.29
8939;72679;38973.74
7963;75781;32136.12
5568;18430;46922.21
8838;83719;49115.10
2845;48692;47344.80
1382;40086;41210.72
5112;59671;35284.20
8069;23901;33169.66
4810;13907;5196.47
2509;38604;13581.50
8573;47869;294.35
2578;24537;6879.12
1879;22501;21967.08
3162;47371;7335.36
8714;46821;45084.15
2359;98732;40286.90
5431;16073;3589.88
9148;71005;12453.20
4960;86097;40955.40
4811;28101;40154.28
5242;41426;47273.07
5217;17313;49877.41
1080;40773;48813.74
3732;38003;20512.80
8833;69668;12523.92
3709;81250;37922.93
3422;52294;14970.65
4641;23582;40321.95
1667;23760;26702.40
3496;81791;39698.42
4499;92158;13801.24
9080;45983;25406.29
7823;50309;28205.55
2189;39715;47155.97
7604;46415;13337.21
9650;97328;46835.05
2025;98260;40244.90
8785;61581;36547.39
1071;13652;39345.64
6546;36297;30275.20
3685;24028;12211.56
8372;23803;9482.85
2848;16307;43318.41
3022;41325;36259.72
7338;68616;10668.08
4741;70483;30758.52
2298;41574;22382.85
5102;94798;7941.17
1904;77071;26597.54
4026;24932;14083.14
7709;25749;4821.24
5711;18727;23353.25
9021;65406;29509.53
6969;27332;2354.85
3620;20834;20110.62
3646;30325;12890.52
5865;19213;1542.22
8345;11403;6291.87
3289;66971;6960.32
8370;64030;9151.88
4872;83042;40170.84
8690;17591;21980.20
2440;22996;7362.83
1765;62485;5023.85
5092;57830;14904.04
3666;44370;39902.80
9655;67572;18229.35
6968;89008;8003.27
8641;39098;20211.77
3181;71561;27770.02
4888;12196;1488.91
1840;21091;31385.81
6899;90576;19761.09
5118;75254;496.20
1565;59262;33697.73
7005;16023;35622.26
8226;30543;31445.70
6890;70029;17103.09
5311;52337;26484.95
8736;50409;19364.01
9848;80540;35034.08
3982;19963;29183.17
7083;23796;4099.14
1556;50972;32158.25
4019;82613;34365.05
3580;88062;18541.40
9146;13261;43790.53
9243;27046;42152.29
5019;23397;8766.57
4138;70436;45214.27
1671;35757;22049.21
1777;25299;36190.25
5927;11902;40706.71
4022;52399;25260.57
2860;58330;19961.11
4139;56308;45773.41
2074;13846;11550.37
7763;22359;12855.93
2986;59376;18087.40
7327;78056;42974.69
2046;50832;46940.03
3176;30098;11011.19
3338;59962;43194.87
1500;98672;12917.57
3233;45885;48532.36
5608;31157;29874.42
8234;58372;364.25
8972;29674;1716.15
7610;42357;7382.75
1600;22578;9386.78
5284;12251;38383.28
5483;89049;11146.07
6901;47429;48457.39
7129;56871;31809.24
2754;96526;34628.95
3464;35499;10898.65
5482;16421;44636.39
8400;62204;33394.05
7806;34591;43221.64
9643;70940;47824.49
8396;96371;6290.79
8338;22202;4838.40
6241;29290;40172.36
8394;28130;43307.64
7437;47077;29192.23
5695;29396;18306.37
3588;70848;32634.96
2782;93488;15290.15
6947;70530;11926.90
7594;74274;24412.38
4520;37122;10815.53
4218;39381;24190.34
4757;55435;47830.76
5016;33267;41990.80
3837;71978;47082.13
7000;17088;40318.39
8034;22822;17744.00
8309;60216;40604.14
5239;46589;46146.56
5428;75262;47352.32
5150;67911;34163.06
2446;11436;10576.22
7468;71854;1996.06
6790;71888;7368.54
5175;37281;48277.69
6080;98017;23110.22
1864;94403;42750.75
7860;63952;23257.56
9663;32766;33044.27
7217;31213;1216.80
6672;72239;12500.75
2502;32537;21819.10
5684;12794;31535.25
2410;69204;8584.34
4770;42324;38229.93
5659;66764;18226.59
5001;40858;40873.59
4483;52850;4907.47
5562;23018;33991.03
1598;93017;14673.48
4041;60790;39771.20
9160;91120;20114.50
7391;19850;33270.83
8287;55975;46715.92
1066;75510;1041.13
9123;75696;565.73
3750;35832;38516.26
9661;97826;32323.19
7806;34886;14656.06
7429;18418;24724.89
9123;17081;2106.36
2631;20114;9630.36
7452;28722;21230.57
1774;97508;41703.88
7107;27985;23988.56
8804;15888;29322.26
5019;79254;43688.95
1929;93845;15447.86
4012;29299;35037.96
6024;66050;43084.75
7264;32036;10138.76
8973;95421;17830.34
5729;39346;48990.71
8961;36691;49161.10
3819;27986;11169.26
7655;37846;3331.63
2184;59665;13553.37
9480;51401;19892.62
7343;83728;22055.87
1527;60054;30944.13
1916;48487;44976.14
4574;19412;16524.10
4319;91499;42500.73
2406;61473;4683.01
2241;76553;2103.32
6206;15279;25207.22
8249;85948;2992.51
4133;17712;19630.57
1798;25817;44839.94
2523;63832;12081.74
8209;66224;35301.73
5928;16624;15125.25
3888;39126;2255.55
3690;92115;27838.96
5091;90667;41744.33
8282;47462;20479.33
7249;68676;30868.52
1690;56815;45002.18
9719;98911;39486.83
2495;36093;9701.88
1892;42525;36671.86
9578;39030;25099.63
6873;54067;37300.88
5503;15207;24730.83
1897;86433;6406.63
1710;36639;28499.77
4695;12792;24611.78
3686;10420;25900.91
8188;29198;43946.33
6778;45608;44742.90
8768;56205;22682.32
6013;92951;22792.04
5512;27875;25764.20
1415;80511;25984.27
5180;31331;47519.85
5262;26893;32473.53
3515;74913;13880.08
6640;28243;26581.52
7616;25535;31364.91
1992;73203;31992.19
5370;80597;29266.86
2773;77394;8895.03
4561;35489;1689.32
4816;89214;16898.77
7633;94886;21381.83
2756;23346;3099.59
3373;58005;40750.22
3576;16773;17210.43
5184;85324;45682.50
9899;42343;7728.96
3397;84783;2856.18
6969;55963;24120.98
5535;51983;9464.58
7883;45972;46870.59
9127;26959;525.07
1734;99343;20636.86
1632;44133;46338.12
5268;99754;19227.07
5099;61150;4664.53
3901;31734;15151.72
2663;98364;24905.54
6591;27400;9265.73
4872;30002;23333.42
2054;46492;41818.80
9572;40875;43632.17
4082;35046;2472.54
9007;33664;8053.56
5261;34453;13771.75
3389;14746;29747.34
4553;99509;18056.13
6138;23217;42203.61
1544;73184;35836.43
4663;98898;5031.80
3239;51835;31231.63
4773;19133;5659.50
3627;50533;12759.23
7618;15404;8901.75
7780;43339;8661.37
9015;38725;30823.61
4130;84332;28184.61
1096;55380;8809.65
4858;58073;49508.74
3708;70873;21097.62
6397;96900;4862.50
7152;51341;6037.25
1456;11236;29198.85
6914;77916;48953.68
5368;24538;28601.84
5088;21971;47452.58
9399;93453;22212.20
2937;48655;21797.70
2146;87022;25005.37
6152;70784;34874.30
5299;71289;18387.12
9118;47410;43195.66
9634;61302;1473.78
8759;31703;21993.81
8953;54191;25554.48
5784;64112;30355.54
2461;21399;13810.83
2159;22685;21379.72
1386;97777;24232.04
8192;14487;34348.63
5775;22018;38679.47
4409;40825;36893.99
1689;17750;17085.74
8028;68956;49972.53
8262;60229;42434.78
6664;93220;13008.57
7766;53118;9763.34
1952;69615;15707.92
7142;89946;22622.72
6967;67290;42541.46
8205;25105;38920.33
3484;28913;42563.79
2854;59515;13605.14
4231;57342;29677.13
3597;62184;14169.62
8829;93247;5460.07
9186;70506;34213.05
4983;34967;7158.45
7963;46023;33388.21
7684;64288;32401.74
1656;36622;40514.32
8743;55201;6986.33
7839;85033;39176.17
7312;26350;49963.83
8938;64820;42553.61
7176;58709;37593.09
4285;98232;33111.65
6559;37470;21094.86
4563;40889;36527.70
5584;20224;36211.66
5817;15465;31578.60
6041;92418;39815.96
7182;65214;22443.71
9026;12944;6071.42
4244;34336;27957.80
2040;48624;13259.53
3273;75206;19227.81
4629;54764;880.57
3114;55420;19145.70
8364;99758;40441.97
2677;75671;27140.69
4094;25773;499.93
6873;36447;23497.49
3284;14033;14579.67
6052;65852;23882.76
8062;30497;20240.59
2589;89714;46599.64
3520;82082;2068.45
5648;83932;34182.56
6729;30978;42552.82
1694;22882;47962.34
8807;26945;8890.03
4683;97320;26569.93
7704;66485;2189.04
8368;78850;24964.18
2971;69870;6281.65
9055;28595;41896.45
5218;94291;5702.36
2868;74038;25669.29
2671;66126;26059.59
2728;45449;48582.81
8632;28639;32752.48
7403;55370;14399.14
7092;84628;12047.56
3142;81918;6421.13
7184;52710;37828.17
7010;64051;34540.93
1253;70639;30497.76
5102;13159;2051.61
4542;81192;38143.82
3775;76988;32097.96
8678;28706;48194.80
7212;19862;29364.23
5637;20219;15204.56
7034;99017;19082.21
9457;44536;8800.28
7476;81632;36148.48
4148;87391;35389.01
4359;72886;10040.49
2004;89996;7932.88
5717;43937;3859.48
4271;31094;45599.67
1209;37924;11661.16
6539;93325;17214.73
1153;10123;14032.42
4593;63149;20687.09
9606;81445;35705.30
2284;41854;43531.08
4148;70796;9138.11
1768;79432;34323.75
6607;68968;17634.58
4202;50834;49026.55
3787;27111;14952.97
3210;82575;369.58
8399;34099;25786.84
7338;79206;7545.05
9733;60293;2234.28
1358;25029;34916.48
1849;41811;36615.64
8498;25793;23040.34
5522;58106;33847.51
3544;95662;26916.59
2831;94764;31493.76
2472;94131;29839.23
1329;10972;33294.48
6851;10360;9989.54
8032;12632;13442.64
6266;45958;22003.76
5354;90882;22311.94
7435;28008;38722.84
8978;87656;18376.01
5238;40283;8133.63
7112;60908;12580.78
5722;17818;10744.53
2388;80655;36585.68
5185;40579;23522.28
9911;65178;35434.45
4235;67584;20816.82
5576;75020;44487.88
2100;10975;49176.18
9864;73479;33495.43
9708;26265;43191.99
3532;73518;25401.58
8770;14318;46731.70
4670;45081;41581.01
1781;68649;49589.01
4523;53069;31158.46
7131;88670;38962.54
5782;86377;27147.98
5995;22427;12963.41
2501;50251;17744.21
4080;35165;44701.33
1502;77285;2806.84
4885;74927;29578.08
9009;83170;18630.48
1623;86150;19340.76
2050;34866;44229.71
8385;20282;42692.58
7081;30319;29946.13
6484;46726;13653.21
4772;25412;23778.06
4916;83586;20420.59
5018;34583;17687.37
2329;93577;5148.25
5114;71922;27160.26
4367;16185;15098.55
9095;96348;33043.79
6141;66389;15967.00
4951;27423;21563.86
6084;61268;2627.50
2573;51644;49626.98
3634;46786;25385.44
3768;85525;1221.64
6302;93744;27066.12
7250;98590;43519.00
2211;40477;38629.88
9967;13571;35048.33
6955;29576;6981.84
2160;72703;32890.28
6977;19680;38317.26
8041;35706;28625.23
3383;89854;44638.52
6876;96195;13856.72
4540;74527;12114.81
5635;80565;43479.79
2095;58436;31273.66
6901;12774;82.35
9215;26972;17663.04
2079;24048;42894.22
9370;90225;1375.70
3847;92273;172.36
2960;91550;14070.15
2473;97354;45700.86
5888;86680;45074.86
5979;67602;25942.91
2212;76403;27666.31
6697;37182;16607.08
1419;89876;12194.40
4659;87373;40762.94
6283;57059;5323.68
2340;18787;24372.85
6137;10393;31723.52
6189;71775;5192.98
2361;69454;25985.16
1591;22056;28880.29
1526;71483;37127.38
8855;54957;11749.45
2292;38429;14673.44
2654;55909;28480.36
1187;62906;49156.49
3758;96290;10882.48
9720;54389;49295.33
9625;30905;35719.98
7431;99619;41305.84
7037;63730;4491.17
9494;67557;15028.01
5182;96113;2896.24
7973;76199;18583.63
1437;57301;49064.67
1832;94752;5272.60
9988;57259;28123.02
9751;84801;313.47
9953;14574;35637.01
6794;98291;9867.66
4574;66776;6487.93
4785;98212;16857.52
6220;97097;38554.50
8750;34737;5339.59
7818;33390;11499.65
1684;62330;433.14
5233;81082;48421.06
1577;63642;29611.36
9007;31280;35997.78
1227;31037;32572.64
3328;50576;7226.78
3731;38564;29751.05
1430;95439;6579.47
2709;99928;20067.81
6782;38087;28452.47
2234;97829;27948.47
9493;86213;5962.48
6205;22803;1731.45
2420;56002;39913.73
1768;76761;36298.86
7034;81310;4100.13
9635;88579;6379.50
4104;26163;44630.26
5355;78380;38458.75
4305;82883;49808.05
2538;61885;12706.83
2331;96340;24395.27
9168;46764;11830.61
7939;72126;31143.78
9261;77224;5779.56
6558;57055;6370.89
6944;61599;3603.68
8126;92787;34682.37
1480;88040;24708.69
6263;49720;30890.38
5094;54484;43966.26
7167;48852;37019.02
3793;23219;23091.53
3892;58865;49217.96
2198;64457;22818.24
9011;46817;5631.41
3372;78993;49632.81
2892;62380;1150.81
6790;60400;27498.68
2883;46258;15461.68
6467;91006;25182.57
1797;58957;27940.06
9209;28281;12012.39
9235;87264;27847.37
1154;61331;37805.49
5962;55680;13332.83
5080;48723;19177.47
9050;20162;13419.45
6947;61095;41029.78
5320;21338;36251.86
2892;97832;43561.11
4424;21675;8510.79
3015;99606;3688.25
7673;30080;5977.98
7032;23936;8059.31
5833;20019;26658.80
1565;77282;48545.89
8412;59681;17868.20
3018;98304;47925.83
3314;83861;1919.66
5412;14486;46344.34
4883;92021;9065.82
9216;89864;45624.62
7739;29112;2820.81
8902;61697;47411.49
2189;65998;10047.91
8156;36576;15142.68
8342;60100;24552.21
7884;91238;19042.24
4157;31320;33379.72
6520;93973;48740.64
2741;75729;30325.26
4688;94879;36077.06
8485;39144;4409.38
6369;67326;31394.34
6644;87148;22697.95
5023;29307;44290.26
1716;70598;19416.67
4967;29623;33975.91
8423;30249;11415.40
7450;83765;12976.03
4215;82131;18812.36
8825;48377;15210.14
1390;62365;12701.40
4037;44551;2492.94
1232;52926;41838.95
4131;97750;3224.43
8634;48599;44369.40
1233;32593;6282.01
2391;70334;3272.43
1889;69893;28154.61
8902;52636;25127.07
1745;79225;24566.82
1427;50363;28729.47
1731;65959;14359.96
1799;90223;33150.83
7507;95917;25125.09
8025;99125;16743.83
8624;11120;41326.77
9326;26491;36388.78
6383;53638;19686.58
7207;49062;42382.41
3538;15193;46013.71
4718;99144;26847.94
9232;25213;10755.47
4367;89766;45790.45
6008;93959;9482.09
6229;27187;2430.68
8388;20040;16381.08
3415;76302;36351.05
8171;39949;46164.47
3949;13527;31867.91
5261;86557;47592.41
6145;93408;4627.62
4466;87294;3047.08
4088;28757;30213.56
2115;35412;48306.15
5578;24312;25141.04
3590;32119;2585.25
8372;21804;11068.72
4573;63986;12247.20
3978;56545;16899.48
8313;86519;2189.73
8022;39999;45245.59
5975;49758;25783.04
5925;79519;33549.83
9047;13768;3367.97
9090;11504;2715.23
9051;77986;29327.52
6292;86772;44365.93
7645;18002;26428.82
6403;85427;43892.18
4430;48787;40551.45
2995;23898;3801.93
7030;20472;10105.85
4891;90800;32888.96
8145;93227;22180.63
9498;42632;14542.08
3102;43743;20937.51
4030;88538;22265.53
9524;53386;45528.51
9107;53388;5181.88
1242;31323;13993.74
2884;79269;26882.87
9015;51319;34917.36
7747;77759;31535.56
9494;26868;47082.72
5330;12080;39782.49
8863;23776;27858.27
4109;76231;10741.99
3186;65452;22549.20
2550;63812;34672.18
1646;73271;41899.73
7144;87585;47987.21
5656;68542;30276.58
9904;25628;26350.70
1537;18265;894.42
7572;34671;3614.23
1234;22460;7813.69
7539;13477;2747.45
2374;12202;20049.15
2909;99410;16850.56
8218;21850;31871.33
1080;30809;26787.90
3083;80886;29802.58
2690;12806;23604.14
1756;17163;13894.08
3670;10185;47641.74
4751;34718;4329.59
9659;87081;46945.16
6261;66202;15568.79
7852;35215;25637.95
2494;38325;5451.03
6740;28458;3555.84
9055;26006;21482.98
1901;42969;37087.45
1672;86820;13475.55
9630;37655;28121.77
1444;91234;13939.73
9655;19102;19436.77
3198;77107;45323.25
3287;31553;42793.42
5008;94079;25805.72
1496;89570;11912.90
2463;76865;9667.26
7828;51420;47704.83
5253;35382;10143.80
1493;79235;40410.33
6065;48795;18454.82
6430;61425;49283.14
2426;67402;18414.11
2793;72539;17582.32
3723;86203;31876.81
1658;33459;48076.23
5761;59649;48810.72
8630;82495;35363.24
9741;56384;37732.77
9834;81746;28174.47
5350;88053;37791.23
1207;66278;42990.38
5190;88156;24309.90
2883;46744;30996.91
3886;98340;26870.46
1477;40568;28127.91
9953;27991;44503.50
9381;18912;17787.29
7854;42527;10417.12
1755;60426;22819.44
5931;30407;10412.18
6724;22344;24925.04
5150;12355;45176.37
5060;64733;30875.50
5765;76285;42773.09
4612;94971;8317.88
7553;55733;45044.67
8378;66915;30093.34
2689;62716;1597.67
2316;48526;31659.62
8130;28088;47570.33
4186;75377;3967.56
6789;54405;29126.98
2145;48842;45774.78
5394;71788;494.66
8942;61529;31549.34
8548;99939;23750.37
1560;62383;17356.00
2912;49177;31380.55
2864;49056;2644.58
1296;98249;37655.62
3409;76421;233.93
8630;43632;15353.72
2461;49685;25202.89
5292;87222;18857.34
3268;78590;15380.72
1994;18977;41543.45
7554;58967;46742.28
1007;84072;43686.90
3515;25070;26126.34
2417;92473;44209.37
3316;31500;46043.87
8358;20011;20467.83
4932;58039;14179.46
7204;18896;4922.28
2287;90118;23959.81
2118;49958;47315.38
9744;51912;28049.77
8637;10814;33381.43
1660;85276;5653.06
9907;34719;7184.55
7922;30150;23229.02
9104;80494;47563.73
7337;13825;18045.62
3529;60368;43875.43
4970;24800;6023.23
4407;85535;30854.69
8416;96390;30034.64
5760;85017;42995.14
2897;58505;175.80
7364;67899;9504.68
9464;92782;10992.18
5087;32601;47498.80
5374;20677;7693.15
8607;39552;1857.75
5019;97858;26727.73
1815;77891;26432.64
8255;84693;42203.91
1922;43292;47443.49
5867;76097;26931.89
2264;83703;46500.41
4724;26184;36260.71
3722;99336;13235.31
6355;71046;46421.75
3550;76741;33375.48
6319;71377;20710.66
7686;22039;34015.30
2673;55161;20071.63
5587;45006;5718.05
6353;27544;35951.75
7857;22987;41206.14
2666;15239;36443.02
5511;54785;11463.44
7172;33358;47832.18
2384;92674;1272.48
5403;66450;16640.94
4954;98520;13012.02
7305;38428;2415.83
9252;19096;20292.43
8238;57582;31159.51
7981;34536;44128.82
7026;67395;49484.59
7609;78157;40406.40
9664;79484;23439.34
1958;11287;36187.98
9724;64510;42182.75
1493;33902;23270.71
8042;66188;39254.87
1081;31164;24137.79
7999;91204;19330.93
3970;11772;26309.28
1011;63054;33795.98
8824;64878;36346.83
1761;42238;17843.25
4185;68293;28570.30
1025;91298;45494.44
2806;17213;48815.88
7651;24941;11370.13
6664;25964;9649.63
6154;36855;33837.51
6824;68769;20740.05
4659;93504;1220.87
2525;11046;17349.62
1760;24909;40339.17
1594;89114;39873.37
8192;33368;24739.31
2055;81255;23634.17
4083;91496;28979.58
4675;99142;10977.64
6957;25624;26306.92
6255;20352;562.21
5228;90539;23783.22
5181;19223;16809.19
2830;88254;33746.73
4395;76851;31921.30
2203;60044;19047.99
3810;97089;373.58
4092;95000;12621.16
4044;41419;31671.06
7071;23767;3627.94
8272;82002;5391.04
5673;41028;32355.28
4514;57953;37790.81
7192;67965;16084.27
1144;79776;24488.76
8507;41459;47286.11
5857;92331;47277.72
2377;34689;15382.06
4146;90446;40501.29
6024;77982;29701.26
1793;13346;48774.47
6756;55179;23885.90
5414;50517;38737.60
2110;79678;38409.18
6672;91606;24876.67
5053;82623;39783.55
4937;99288;13059.41
4963;91171;6121.43
5942;68916;21263.94
6897;97754;47182.10
9974;58575;25042.22
2116;55039;31766.60
2750;59955;31211.88
5027;90260;6637.32
6745;65871;19520.94
6064;70678;35349.88
6938;41351;48599.79
4397;70693;8409.21
9265;41433;20527.99
2359;84797;4763.74
5853;89015;12126.40
2941;25804;18844.20
4148;55101;27036.76
8933;70115;11536.04
2285;88363;11385.86
7474;54700;38893.72
1770;87576;48132.46
2843;29477;16187.41
1073;26127;34402.72
2660;96718;12911.44
5349;36049;46398.33
8102;22473;33648.39
9000;92245;40135.82
4818;71836;2477.21
1331;52464;29929.31
2421;23714;26385.34
8512;70878;14656.92
7890;44208;13128.87
5931;97104;29005.44
7025;84683;35327.22
5408;91803;1668.31
6113;51514;28374.41
9419;15136;8531.27
3881;41516;7026.73
3865;86982;31159.74
3575;73878;15550.40
7185;55099;22049.60
9656;23188;18006.34
6741;61188;32420.33
1277;15560;23511.29
1065;46397;48173.30
5262;87193;17625.61
6704;48082;37016.81
9594;94376;12872.06
8989;51430;25442.57
7255;60522;27632.96
8441;50397;16462.17
5692;86860;23594.31
5419;35247;13971.14
8960;93094;309.98
7078;29943;10790.26
2437;49460;35006.21
9620;51986;38550.44
8032;54514;14017.34
6731;90908;20408.07
4378;62385;1877.91
9584;22631;11860.77
7347;77008;38963.17
7401;36955;30303.25
7629;57367;10296.47
5541;40802;12879.53
8876;80408;40841.93
9533;53341;10462.12
9324;23691;16714.54
1264;14753;33221.29
2434;11833;28060.01
6327;18645;23048.90
6097;50024;44988.06
2660;90598;10993.33
6692;19635;37073.58
3354;30064;7961.60
9457;19940;30790.53
7461;45169;43532.47
8044;88647;22900.51
6497;55200;36217.48
5549;66329;41021.46
7334;61158;6809.96
7010;39739;35294.29
5926;27793;45992.85
7065;93682;28822.77
3179;43677;9314.25
5967;76296;6355.86
1634;33022;12994.17
4631;81148;5184.63
5677;37265;25674.57
3218;10530;3494.54
2389;19551;11178.00
5276;38394;22001.12
2249;52987;23701.00
8640;58984;28274.27
6712;78096;35283.69
2245;94097;2370.96
9245;80639;4040.24
1442;34090;3052.35
7976;93457;21163.28
5675;12781;2101.98
8953;27330;37306.60
5377;15257;11157.78
8058;68642;46961.23
1822;64249;24325.32
3939;61663;22321.82
8096;44956;39029.13
6765;25615;35660.57
2031;10881;30369.38
1562;11847;46757.98
1340;61127;21118.74
5567;97646;40428.50
8862;47336;19010.85
3296;91850;41918.90
1234;49931;12981.14
6202;53924;14470.46
2291;32966;33896.70
5727;54023;10643.54
9720;21320;11465.42
3939;67841;15270.07
6435;75125;33949.65
7981;77752;44470.51
6392;99937;33731.64
8972;71858;41392.43
2233;68714;27182.59
3800;21780;3455.47
3775;86230;5032.31
7044;80345;27724.05
4487;92098;16396.77
8383;11929;11036.20
4850;24244;23318.18
5997;21116;33328.17
1890;97954;19255.75
6920;91243;40129.09
2188;93301;36928.78
6644;45895;36748.39
1740;88636;49259.63
2369;33867;14768.55
3000;11208;32239.83
2471;54085;42775.36
2536;75572;28980.43
1318;75234;39477.21
6153;93748;20728.46
2894;21252;29528.66
8991;95261;2792.76
9592;17006;49288.52
6935;99595;40002.92
1723;80883;43441.77
3329;42171;34717.77
3770;38517;9310.64
8545;34274;1561.11
5846;43577;43234.18
1267;37648;19822.57
1569;79654;13200.61
2973;27910;28088.03
9737;88619;21050.72
3822;59647;32586.78
5460;88723;24194.82
1270;10424;34864.68
8641;61899;42672.63
9930;36641;9785.89
7680;44750;16478.35
2257;91454;21846.41
9250;33154;48103.30
6370;58166;18273.03
5858;21992;19061.18
9581;44001;32677.09
9910;24546;20965.79
7999;51524;47561.68
1120;78555;44724.49
7908;11304;25675.30
3303;59284;32242.31
5861;92368;2910.95
3911;98327;34789.57
9991;20022;35362.97
8236;85886;17966.37
6565;87354;10991.95
7531;43617;45754.77
2109;79498;21340.98
7929;68824;32688.77
2250;80390;1676.11
9177;44307;20709.22
2649;78480;40864.77
8351;32327;19384.92
6911;13244;30162.03
3956;32720;10500.69
6828;35090;20832.12
5994;74277;46382.61
7436;58536;28326.92
9676;17855;45097.55
8614;11601;45101.94
9994;41952;47207.95
2715;60374;44770.63
9150;15690;174.02
4483;22521;46701.40
8675;86019;6881.60
2757;18058;2005.91
2809;23704;2778.87
6539;68933;17452.32
7048;81101;31044.00
2151;53856;20121.54
6492;47256;1287.46
7711;67352;23829.37
7302;40615;22112.12
5747;11927;37844.89
9402;25512;13987.85
5681;18301;10884.38
3507;96849;12804.39
3963;83993;15193.95
4428;81028;29962.25
8494;78759;23581.56
4955;98047;16851.36
4705;96991;18721.96
5038;73058;18552.47
1713;74926;48620.61
8260;33434;11657.52
8011;40341;40904.90
9879;25007;35413.46
9521;36799;288.44
2746;65820;49658.88
2207;25674;37824.40
1784;25426;34125.65
3696;82631;20272.18
8073;54791;27764.60
6036;99640;12671.01
8127;13255;1783.82
4718;43826;41802.72
6775;98568;44825.26
8910;14944;8131.91
3693;47826;39354.93
1625;40497;37060.22
4708;37723;8926.97
7859;45287;21097.22
9953;21845;21143.67
8692;99833;38000.61
7398;78106;41884.67
8252;82986;4747.81
2555;95807;28152.83
9867;65569;38089.81
5187;91434;39311.67
8767;89925;7408.20
1036;35463;26280.00
2787;10744;42879.36
7283;98340;15932.74
9060;46282;21261.59
9065;62082;40219.88
4880;64689;4475.08
6932;86407;42976.07
9328;89072;15564.72
7333;98633;82.50
6759;74766;11715.62
7485;75711;4484.14
6067;13217;4628.32
1661;90642;34644.86
8973;40359;10706.68
7386;63509;46737.77
8887;71970;25827.06
1414;32357;23010.31
7850;52354;21719.83
9534;48570;34632.46
3729;17034;22618.62
4897;26263;6438.73
3169;52180;44009.81
2878;60099;21425.48
7454;84312;3709.49
5570;85348;26473.01
2515;95275;32370.87
1574;36925;13786.37
3867;29575;40019.02
4544;32231;33492.09
5477;86935;32520.56
1071;57731;21047.04
3980;33100;48096.15
6492;20768;13716.72
5759;69337;28889.50
9084;60697;15459.67
1039;21357;37242.79
6373;76973;2399.10
8565;34946;2304.23
2900;96424;40544.94
3217;81038;21719.07
5796;65149;17065.59
5606;15566;30380.27
2283;51576;35097.95
9775;63318;10068.06
9650;79550;9279.71
1815;61408;47907.96
3511;63506;29487.32
1246;89149;19511.92
5825;50167;40074.07
7516;43699;26262.70
1416;59545;12090.72
7702;62429;10344.70
4717;97350;19848.99
1107;33386;42996.19
5513;69273;3081.78
2421;51585;10934.11
8283;17509;44658.66
1255;97852;6095.51
8248;86607;31484.99
3962;88764;10683.43
3282;87150;30297.28
9744;85837;19161.38
9372;73305;5092.83
2477;52851;29127.93
9762;86910;34155.31
5952;44407;34016.83
6880;56606;31855.35
6592;89518;25016.24
8091;55652;25978.44
1591;20248;31785.65
7277;20515;34516.07
3260;20830;32747.29
1347;70631;29351.41
9357;16799;7800.39
6032;84083;10538.72
5443;24328;13018.60
9774;22679;45983.89
7869;31058;37972.16
6696;56696;27647.81
4038;95442;12610.33
3845;48872;5553.47
8864;64971;44938.97
7609;92083;44634.37
2265;33306;5543.67
3274;38210;39862.86
3470;55693;22337.79
3577;38239;16205.11
4660;78917;36957.84
2068;17447;30720.33
6591;95904;39003.71
6974;30271;3725.70
5829;75875;15936.17
2950;95510;15972.65
9283;66843;16494.36
4093;36221;25128.97
6311;74388;14157.86
2387;66467;22224.74
5274;83269;18395.20
3285;80585;36767.45
4206;53086;30179.00
3924;96624;32684.94
8045;91144;10537.09
9471;10638;16281.85
2618;83245;1068.06
9562;80679;5427.65
6896;72934;13260.06
8843;76760;3282.53
8063;57234;30135.59
9495;71049;49906.52
2348;73843;5049.75
6556;58047;41063.30
6289;19741;5949.62
3422;73004;33499.00
4628;71489;32161.45
3428;32991;45136.82
4033;36081;5706.14
7157;67304;15779.07
9860;25642;4548.08
9691;85103;20375.09
8813;27399;45580.54
2414;43103;39078.34
7708;25330;36147.78
9721;26464;26656.04
7635;12134;44175.45
4621;59409;22477.60
6315;10184;7492.79
1754;59274;41880.89
3347;82799;13989.12
1726;65810;2691.14
5923;88727;6310.64
3649;79050;30456.86
3815;42734;30358.03
4279;81613;13016.56
3984;60546;36361.74
4807;45120;38684.27
8876;58484;46025.93
7099;70563;29251.03
1607;85036;38973.37
7169;90528;37657.45
8790;65113;12897.87
6573;63096;15518.19
1634;20133;23929.33
2074;16405;961.76
2914;40269;14876.91
1588;92410;23699.40
4231;27085;5412.38
7351;45702;6322.53
4838;89883;23167.20
2973;23502;36550.94
6044;56479;41689.11
7103;89384;27320.23
7683;97957;23742.70
6837;24426;19220.19
7783;80231;9655.52
6594;25860;7336.63
4822;56865;39596.90
4389;57404;23255.68
6914;67423;39518.11
2780;84379;35207.11
4688;41152;9702.86
8211;91109;25520.26
6037;40737;22206.39
7319;64325;21199.44
9640;48767;27133.13
1081;51705;49104.27
7278;12002;40646.90
7999;92159;45186.58
2406;70237;1491.68
8410;65713;7025.41
2480;51815;4247.34
4598;74997;13168.92
8993;70859;22100.21
5183;73236;32106.24
4680;97787;25046.56
8644;88243;45160.16
5310;99653;46993.40
2758;32743;8184.41
3599;66739;42647.12
6616;86326;24091.29
6813;91132;22671.94
4853;40339;39249.12
3292;44121;4666.09
2501;52995;44125.83
9422;62032;33546.46
8550;59831;43764.33
5250;51446;49723.93
7991;55678;25905.04
1114;30698;4672.18
5406;90252;8334.53
3347;93404;16187.68
2041;57918;5186.61
7927;67235;40768.94
1011;16125;14850.42
8980;57511;48794.55
8871;39046;35132.55
7375;98296;8679.78
8098;20114;23807.37
4676;10637;23349.54
7109;48634;24630.66
6397;98713;26789.20
4065;45776;1568.34
3036;33600;34318.19
4046;91787;24364.72
1540;36809;39550.36
1076;33756;40769.33
4067;69469;11534.45
1023;48368;2430.66
6134;87185;35164.66
1675;86902;48888.36
7668;21880;22338.43
5267;93319;12988.04
6988;67155;7842.03
8652;97762;14379.41
9680;75316;16402.70
2485;80856;21199.50
4659;18727;32773.80
3419;87260;13665.42
8740;49211;2558.33
8143;95469;18670.20
4495;88930;42782.92
1756;51417;24922.59
9448;94658;48239.54
2779;72827;25186.04
7487;41437;13802.18
1258;30519;9673.77
5075;17983;34729.28
9498;54656;26823.70
9014;15635;30203.91
2118;29622;37758.79
8631;84975;36297.91
4017;70666;2177.73
5341;66005;40130.57
2658;21403;26639.84
9378;70477;19591.51
2797;75035;26880.60
1784;42903;30626.45
6691;17311;7483.82
4196;60611;20876.60
9532;30615;16785.95
1562;66808;17526.94
5746;43580;4575.83
3999;67052;8000.58
2193;52898;8099.99
1068;33952;18667.50
6679;92790;44725.63
3428;25227;10309.31
7200;23760;20815.46
6396;18826;15587.35
7993;89475;39371.29
4598;93213;2515.82
1573;70432;9835.20
5214;83996;10539.97
8636;68204;49648.21
2478;18673;28543.04
7127;46158;6956.52
7676;84989;13617.23
3196;25904;8399.43
9166;25396;6238.98
9846;97469;39861.13
7050;64039;24792.67
5650;14334;31564.19
9484;37268;16569.25
5526;74636;27689.22
5412;32068;12885.88
6443;38247;15408.73
9787;75121;32615.37
3593;98670;7526.00
7852;26285;30864.92
7629;96903;42613.22
4869;34136;6029.96
8971;70378;44874.09
8822;47787;3981.49
3989;34425;17451.97
8062;28961;30529.36
6340;43443;27975.14
4823;28823;4828.59
4932;85409;39947.67
9554;81123;48657.93
3429;35852;9069.60
8444;47535;44757.60
8147;17004;27844.90
8631;37823;46797.33
4598;64086;8812.54
5329;17131;39603.15
7718;93232;2998.48
9218;35649;44160.99
1092;14099;33711.23
9500;60806;18519.04
1051;41571;9531.44
1318;40580;40828.49
6688;91118;30166.03
8018;36469;18027.19
8210;75179;22197.35
4956;97938;41328.87
7057;34236;16952.97
7875;35110;4490.74
5431;33430;45565.00
2525;54407;19373.31
8043;47948;17425.89
2278;93299;10227.94
9705;92565;44872.15
7125;67367;10883.09
8874;48180;31837.28
7900;14652;44039.44
3500;82370;1755.33
4464;98023;41441.30
3259;17084;20535.87
8496;55630;32902.15
3659;63276;18626.50
1255;90228;34778.86
2502;12655;12722.20
5656;67752;1106.31
6430;57670;47389.90
9598;15272;828.22
4176;10218;41206.72
2860;47471;8465.19
7158;58762;19617.09
6806;31515;41126.39
5354;44307;10304.55
1722;88681;43286.72
8579;27986;24892.97
1613;94624;18314.01
4331;80600;33125.26
6790;64888;17076.07
4116;97732;17370.95
1330;21603;36678.98
3212;78024;15498.51
6493;38897;10046.62
8232;28802;40384.23
6614;26411;40270.50
6913;70399;24884.31
6913;70692;26337.51
6611;67676;34806.87
1319;22770;25468.62
9085;83513;20857.83
5200;47429;49744.76
5791;69429;7390.54
1329;80085;29640.47
9851;30337;44294.29
7742;96181;34363.88
5916;34507;44047.36
2793;69596;16823.37
7457;80509;13606.93
9125;18436;42565.11
6703;20086;19711.79
7170;93276;35487.02
7644;29851;7395.95
8420;49732;37794.35
5155;24842;27453.64
9411;11745;13437.90
3611;22697;24730.25
6691;13879;34850.21
3593;95697;604.20
1095;28499;31876.98
7041;98177;27084.12
6063;45035;11022.11
9437;28651;37651.52
4349;85224;15180.01
8644;86524;13850.28
7560;99006;23566.21
6247;47249;33810.72
6356;33849;46443.01
5077;83309;7076.45
5898;39076;19829.44
2417;80123;3358.81
9846;43124;37929.95
1110;25787;22392.17
9281;63462;35349.39
9954;95984;16116.50
8391;81035;42217.42
6132;13841;26746.06
3504;54890;47180.96
9289;35402;3949.94
6239;98591;25718.70
1292;76201;38325.10
2734;33237;30011.63
6120;52988;1169.48
7393;86310;48617.21
3196;10553;14920.20
4466;23860;12471.40
2906;17045;24288.14
2721;84916;27112.48
2816;66435;38316.74
9444;42261;19669.75
5227;88879;22003.62
6775;12853;26752.65
4849;85664;19725.41
6228;58022;45728.26
7849;12736;42564.09
2058;43724;22754.14
3322;21440;19.74
9378;80716;45047.72
1948;40284;6225.59
9179;21646;12233.18
5359;94565;7626.54
6660;95694;8998.98
8254;24342;40145.85
9401;75620;28979.28
3093;74261;47805.20
2563;11935;11580.36
9217;52376;24286.89
1174;84798;48871.64
2334;87140;41323.91
1321;52481;36433.50
6698;98669;9456.87
6604;65721;38472.58
7742;12838;17384.78
8436;45330;26531.54
9524;88976;30461.97
6674;46994;30472.09
6002;40384;36328.91
1910;55378;33088.49
1949;42643;3427.86
6425;26926;22872.78
3514;48977;33204.44
8701;33652;14806.69
1100;73295;15659.70
5646;20270;6237.13
7945;92804;20936.56
3400;71630;49341.65
6801;46417;14273.11
3343;56894;26576.53
1352;66042;37164.43
3955;73253;684.73
2018;58841;45022.97
2179;62723;19333.64
6193;30317;43457.11
4536;65008;1956.99
3502;46434;7291.72
4819;56125;16133.25
7855;90984;17279.63
1979;85449;42391.23
1976;84102;569.94
3280;91141;32059.18
6897;10557;6574.31
1107;54383;41162.55
2626;16040;38930.88
9895;56652;25001.05
7229;70941;10642.23
7877;97340;31728.42
1874;84828;7821.35
6543;36110;9509.29
4809;15349;31338.23
3107;40374;49561.51
1559;94545;44554.13
9308;52591;29659.44
5969;10057;26931.45
4046;84039;49919.26
1043;74578;27374.38
1508;29121;21011.62
7107;15493;45478.68
4439;77818;11716.87
4928;98706;4885.32
6411;11431;31708.16
1916;70469;4801.52
1798;72241;18663.70
5971;55294;21184.63
2760;96127;27381.43
4275;21351;49583.06
1818;42483;11056.88
6040;41195;18794.06
4065;32735;6620.68
4259;25203;30384.60
1906;13974;36386.38
1602;95222;24109.02
5295;49713;12299.11
4527;22636;31048.20
5543;45070;26962.49
2811;39123;8567.57
8963;41812;20290.04
6249;38760;21765.50
5615;14966;49131.06
9916;93962;42465.80
7766;89698;36721.20
1802;26058;44439.96
3582;51482;36776.87
7445;12998;45171.06
4837;71265;2737.11
9718;76445;22808.75
2665;44648;37347.45
9651;70623;29168.96
7975;88033;8766.56
3552;94480;17031.20
8475;17527;15895.54
3808;13072;13074.73
6633;22018;17163.35
7096;39652;25747.52
9823;14476;42744.90
3456;37482;37104.21
6423;72513;41764.13
5317;96411;44181.35
2556;26219;20813.36
3205;40448;17307.85
4955;89903;2890.59
7805;35120;46525.28
1404;16855;3300.49
2620;66553;37059.36
3952;78633;18911.63
9080;54585;47439.55
4118;95425;20985.91
8380;11084;40832.25
7630;31944;14139.92
1565;43921;14961.44
5799;71282;29780.02
8670;97393;49899.15
3868;61397;25883.45
9776;28070;46816.07
5327;64987;39314.63
7413;66690;39795.26
8614;71134;21803.64
2245;97755;19333.25
9243;69439;9604.17
1537;41489;48197.42
1540;33178;47970.09
1814;89019;37355.92
2415;67956;14819.66
2652;57802;12266.53
5062;72778;49430.63
3356;67719;3336.48
4810;43573;42179.78
1185;43688;17779.35
2551;56475;20949.30
8013;60697;41600.56
1761;43978;4539.24
7163;39677;17714.94
8635;91540;47601.69
4281;20272;34956.30
2536;16212;37749.41
7201;31071;37877.69
4164;85236;3037.90
3770;27297;10168.35
8399;61932;24568.25
4845;66884;18413.83
4435;38625;20551.51
5710;38831;39074.55
1561;66478;743.81
5717;72909;33027.99
8623;39367;15.51
8187;55813;3162.30
3180;30121;20420.22
2960;45547;42049.02
4879;73642;7258.34
6153;34914;27735.52
8035;27178;33928.48
4270;77258;11484.35
5687;89421;25621.39
1582;70563;45571.25
1288;60050;25616.30
6664;72607;7874.58
8979;75638;31394.44
4859;23262;29614.09
4060;17453;1357.47
2183;55174;4538.81
5335;87760;7847.50
2446;16172;6823.09
7679;86788;12980.69
7213;27918;22710.73
2903;17197;18592.10
8894;23677;44533.59
3377;21039;30609.35
1847;37785;43808.46
8370;14570;26356.70
7341;82242;4502.62
2239;21655;23169.74
6600;57907;41103.41
5791;19449;9713.25
3365;34630;4569.80
6055;84658;16478.44
6622;56371;19451.00
1372;20991;15319.82
8783;34887;6770.69
2949;23859;12549.48
1244;33640;34117.30
8795;58339;19302.57
6772;63235;31631.15
1124;12512;26819.83
2919;90982;27457.16
1530;31912;12434.99
8849;45515;26081.94
7929;25416;1189.50
5349;82816;21592.87
5756;86510;28635.41
2801;53746;9107.96
6156;53775;12835.36
8856;22227;10984.36
6461;23031;3537.19
6302;43000;17399.39
8432;61253;48948.50
7189;77564;17700.48
2142;28313;23032.23
8076;85186;32657.83
8614;67751;32428.40
5840;62492;47495.25
2629;40364;42879.63
6062;28361;39699.59
1762;77949;47581.85
7905;41070;11545.96
5889;32409;30856.54
5839;39854;44360.97
4957;39655;31210.67
1557;19952;48871.25
5621;46365;5026.63
1839;93298;21972.13
9194;76156;48868.37
9348;66724;18984.61
7998;25455;36980.42
1510;97746;1529.84
2137;57673;34744.91
6606;10974;46731.99
5666;22679;19141.49
9906;71791;1074.78
6434;37429;1405.21
7446;28073;44602.25
3654;80207;36128.58
1990;40365;5343.25
8820;65928;2738.97
3160;84453;40243.22
6740;17784;40494.93
5457;22291;6034.89
3063;94462;15083.00
2977;36154;39003.50
9567;35650;26275.35
9933;78741;47829.68
3667;46201;24058.32
5919;49479;33851.13
9609;82920;25494.07
8642;92797;47148.85
9798;60243;19938.97
9759;78595;11497.52
1543;41734;16338.43
1883;98927;42640.23
5798;91451;24901.95
9040;52568;17719.07
6718;35793;27217.56
3068;62204;6670.15
8478;56746;277.91
9120;41989;14036.43
8820;59465;30254.24
2786;71383;35586.92
6715;26767;41332.28
9269;48652;46333.91
2308;93732;20611.50
9839;94244;37028.43
9744;23383;3742.90
9473;80784;2885.92
5861;70089;6248.65
3776;36440;22433.97
2596;62443;10571.96
1479;66325;14353.38
4312;96766;32397.53
7156;65919;17932.52
8919;26611;27873.00
7744;73483;20626.06
4898;32457;8456.77
3072;20256;3710.26
6624;64856;11819.21
1938;50533;2894.45
9176;38281;30934.41
1761;77275;39787.92
8254;11525;16993.64
2669;26453;19361.68
8128;16251;40811.39
4862;29507;11138.42
3685;89396;5966.82
7634;96644;25060.89
2931;37906;32313.05
8308;83185;29986.72
4939;23193;35696.51
2126;91449;2846.99
7021;74042;21415.80
7437;69516;11936.14
8039;91165;37958.47
6373;40692;43637.80
2203;80490;14073.97
5135;43512;4769.95
9711;20719;12678.86
8904;65427;5209.38
3283;37649;16127.88
5558;22402;26914.55
6347;19216;48684.31
8867;41050;19974.52
6944;60093;11009.80
9674;15050;8348.42
3477;56716;8660.26
4093;12438;9637.96
9534;57431;38115.73
8207;26760;3060.78
7227;87614;49870.16
4535;26473;26139.09
8004;53815;27218.15
3913;72460;17884.62
3340;19257;34515.87
6289;97986;23578.10
1597;35634;16459.77
9836;70403;13264.27
8145;56573;46283.30
3902;38648;14556.57
7645;58980;21825.30
9955;20296;17523.57
8694;70197;4318.08
5830;31959;9304.86
8546;24570;9483.20
8368;45423;34685.54
3160;90263;20335.20
6878;27899;39100.56
8663;45785;35450.46
4749;72806;9610.57
3922;66963;28150.22
7486;87875;37148.01
9112;44341;31655.82
9771;15597;30004.83
4804;20244;36983.15
5878;13796;2848.47
3368;85589;36573.78
9093;38528;13640.04
4932;28648;28597.89
6608;93967;12122.83
7635;10535;41942.49
7395;58469;24033.16
7101;74912;32150.63
6531;54493;39706.16
5970;82417;44766.81
7344;55785;36605.78
9408;95017;7446.94
1375;76561;42728.07
8887;40869;30932.71
2609;75094;30476.39
3939;40192;46067.81
5062;79157;12449.09
2613;96483;11986.99
7578;89941;25664.55
8851;67544;37545.64
4679;14403;22367.56
8540;46091;31698.23
8074;62510;22631.71
4996;98061;30523.26
5786;15017;41114.89
6695;49203;9032.03
7998;66473;34771.97
3366;62123;39373.41
7764;58260;22361.10
9976;55938;16168.45
2614;67929;687.08
5555;95265;39857.28
3416;47372;16403.65
8288;63252;17871.90
7862;24628;16806.95
4653;22501;24941.98
7639;40131;35127.95
1496;99102;38595.44
1504;99360;19634.61
8699;78348;33158.47
6733;19402;36037.01
9055;65956;14852.90
4216;61920;4840.11
6688;36000;44734.34
5364;99795;33859.03
7042;77462;32409.04
2477;76392;2954.54
5960;15988;40895.47
3397;84279;28307.05
9301;66999;42395.74
9841;79674;48728.31
7194;91618;47855.45
8570;63426;42805.91
8730;68824;557.26
2499;84399;44287.50
8235;70659;3762.37
1595;47790;42561.19
1978;32118;14015.90
1730;62025;30507.32
1056;69938;1913.03
3243;15149;38561.37
6879;48079;5594.19
2701;12484;20540.30
8229;65474;40874.13
2286;58601;34770.50
9303;53809;312.07
1947;30791;20157.59
5121;79343;2105.96
7553;36648;33678.26
1757;41090;48447.74
6651;27857;32766.51
8273;72327;11226.38
4535;52967;17768.10
3293;63709;48832.76
2104;77948;11210.38
9853;58861;28080.84
1908;78718;20028.69
7539;30948;38418.08
5617;43782;43370.79
8069;60756;17048.46
3311;92789;33023.21
1789;78388;27456.89
1171;94528;13929.44
8989;76809;13604.32
2885;17649;26936.20
9667;39002;7708.60
2049;44723;40542.39
5129;84314;3459.55
2161;80085;4737.78
1815;91399;17117.89
4766;21809;5913.41
9945;68169;23790.24
5661;18302;19989.80
9653;18100;36093.27
4239;78447;47650.68
9272;87627;37680.39
3804;84635;8980.64
9031;65020;46776.71
1869;15663;19612.75
6526;54649;23714.73
8741;57136;21084.60
5694;46104;14034.55
9998;49137;44753.26
2934;12534;16618.62
6172;77762;28934.04
1703;62445;12009.28
3523;19585;39870.79
3639;86438;38712.19
7159;46392;14822.64
4909;94267;34080.89
2164;93324;35196.64
1619;41126;28129.95
8982;52485;30033.91
4066;55798;28726.99
5872;78310;4102.40
9638;19017;33516.56
3337;35700;23494.05
9400;46507;21928.48
6594;57679;43001.36
3460;99938;1171.10
7820;47232;12573.23
6546;99661;6078.96
4442;34020;1776.70
3711;67172;13791.09
2291;23746;49423.93
6374;73537;13518.76
3655;14094;33188.65
7513;78466;5923.76
8394;40755;30096.36
1704;21552;49224.23
1825;69491;14598.96
1376;29779;42405.30
1972;39000;49878.59
5213;95639;29431.82
1443;63953;15476.96
8519;67564;33679.83
1754;24102;42243.96
5735;11861;8575.80
6396;53574;22631.26
4465;42682;15966.19
3711;88819;14175.12
3407;87972;43042.45
9814;75185;21088.48
6588;84426;16960.43
7104;58120;30179.49
6747;48297;10977.88
2723;18299;11502.38
8224;51348;26019.23
2919;51384;20469.54
1918;86693;14756.17
5215;42687;2707.02
1581;74577;26043.50
4881;70047;40832.29
4909;20191;42570.35
2999;66884;11779.64
1400;64911;29986.06
