Agencia; Conta; Saldo
84810; 24592; 763.04
37048; 42098; 10772.14
97530; 23434; 33673.32
72482; 21395; 29319.87
5165; 13905; 4231.61
31495; 76237; 29901.95
74563; 36062; 35658.99
92924; 81426; 20685.75
59878; 87236; 13548.63
1851; 30926; 34756.04
45597; 46421; 7351.71
45118; 23396; 4183.67
13676; 57052; 42298.47
80131; 44671; 40259.98
96647; 70217; 26579.52
50615; 20328; 27378.05
83397; 91070; 44215.31
48400; 85674; 9210.57
10116; 16006; 32893.80
38930; 20458; 42693.54
14238; 59823; 13537.67
84320; 57819; 7714.03
47566; 37460; 33343.85
92988; 99593; 32225.79
80840; 93227; 8142.50
96568; 42087; 7751.83
50735; 45382; 49470.93
84886; 83000; 10590.57
43504; 17331; 11066.93
5207; 51347; 19758.82
9675; 37653; 45613.37
75341; 51245; 10237.64
66435; 61856; 44176.50
85259; 70142; 6715.02
19301; 42325; 37121.94
71644; 44438; 37224.20
57155; 86484; 19669.73
29746; 28131; 25231.08
12915; 16175; 42985.70
21033; 92240; 7579.09
90192; 65333; 29618.66
51432; 60019; 29592.37
62348; 79352; 12196.41
73512; 11504; 33854.31
16014; 99353; 44181.82
99419; 44973; 38314.24
45587; 24621; 14321.76
21730; 69470; -336.11
95646; 44522; 48580.35
24416; 76542; 45587.71
82959; 49117; 42004.30
67540; 89818; 9545.01
50009; 31174; 26738.64
70514; 10074; 29746.70
65042; 12552; 5149.32
48576; 50306; 11592.34
32571; 84364; 47320.95
12226; 73699; 40709.17
70822; 26483; 5983.77
63296; 82063; 7838.91
70163; 89507; 20868.47
28760; 80686; 37640.89
91422; 36365; 35503.92
53296; 98039; 32318.84
58422; 77839; 22300.05
33493; 39451; 2733.31
3757; 87110; 27473.04
78128; 38864; -136.86
93778; 92719; 2473.13
9834; 14117; 42911.59
10287; 77391; 11519.23
88684; 73624; 10318.96
18342; 84847; 28598.69
32850; 71993; 40278.60
25957; 22363; 4395.01
57498; 56438; 20890.72
62213; 17100; 33504.91
85696; 22899; 2560.94
96448; 54473; 39929.92
15322; 42591; 9175.30
71292; 68800; 6579.21
25050; 46509; 22862.72
10880; 68082; 40305.12
73132; 22833; 2054.71
71855; 11934; 48434.31
99771; 40982; 7898.71
64653; 73092; 10294.24
53565; 17685; 7814.17
1282; 61173; 12892.75
60638; 47388; 20861.88
96748; 82845; 32924.50
64788; 30289; 9089.84
29534; 17665; 28748.60
72066; 17989; 37272.77
8492; 16572; 29000.97
66909; 79615; 7450.35
67562; 20500; 42492.80
9981; 87992; 2932.02
31828; 62923; 5554.27
75668; 42271; 28735.41
6209; 91183; 3640.16
87163; 86503; 28043.96
42467; 44179; 9815.09
94872; 51180; 11553.64
52876; 27154; 33420.36
40321; 69929; 15466.95
99548; 19508; -29.57
82416; 83792; 49802.87
10602; 80468; 10264.29
35760; 27361; 46629.60
10016; 42018; 18161.12
21676; 67433; 41604.12
93214; 49651; 30389.73
86717; 79329; -104.93
73692; 49240; 46553.68
14577; 27601; 12855.53
15029; 82512; 7350.12
37930; 89276; 10136.80
45942; 36685; 34218.61
35600; 76244; 24170.86
7658; 22097; 31531.36
37265; 15778; -320.94
18146; 93507; 48979.80
22178; 67912; 27359.86
57057; 83519; -11.68
10862; 29536; 27052.31
49393; 86350; 27402.52
57333; 26704; 1612.36
48795; 15229; 44895.69
28535; 99399; 12101.25
14473; 56357; 38895.87
54264; 91351; 37348.62
32029; 31299; 48798.40
24206; 64040; 751.71
97542; 53540; 39010.52
54964; 97806; 43135.23
33527; 44970; 7539.49
92917; 24168; 18818.36
6075; 71694; 10732.90
61332; 55830; 14912.14
30831; 39219; 695.05
26313; 62227; 16077.23
10099; 46585; 17232.88
67768; 62386; 33815.66
71282; 53404; 46931.48
16118; 44237; 8517.67
35795; 15014; 4974.33
57959; 55309; 36291.53
42114; 67199; 30113.55
68033; 25157; 18952.37
76574; 34914; 12363.49
93901; 67154; -414.59
71575; 97900; 9450.27
57531; 19171; 47418.16
44279; 91678; 15352.74
17334; 49363; 25109.69
88410; 63528; 15972.24
92384; 48752; 27497.83
26144; 65108; 33078.94
50695; 98777; 37280.80
23810; 90676; 28239.82
54225; 81819; 41603.12
40829; 47606; 10114.23
77019; 89516; 32562.63
61946; 67905; 21829.07
29010; 77000; 23395.90
97463; 32241; 32771.96
38196; 77561; 33024.62
82167; 53933; 4216.05
99453; 40784; 33476.18
30444; 36100; 6941.38
7057; 42092; 49188.77
81120; 19545; 22498.52
83544; 85454; 9318.98
92272; 60328; 24466.05
32979; 29342; 32630.93
1726; 23970; 38810.23
29683; 33053; 40107.55
92214; 77889; 22959.77
74060; 42662; 45832.24
16906; 69829; 6233.62
61901; 97500; 26322.16
74259; 88047; 15523.55
99992; 68008; 30438.94
95276; 76162; 21050.41
72810; 68446; 44809.01
98472; 72216; 22228.52
99536; 42406; 41913.08
37347; 78327; 23972.15
32358; 45992; 21713.57
94525; 47450; 11341.93
45020; 51904; 44597.86
11561; 28136; 7116.95
51205; 30028; 35174.17
9418; 64377; 20083.77
72121; 71069; 20496.60
28110; 65069; 19168.58
77556; 12560; 42764.97
76456; 59857; 23587.48
47105; 49139; 37550.49
55921; 80545; 37249.54
72582; 89069; 44839.47
64993; 38760; 13283.23
64654; 13804; 19137.29
88670; 99016; 39806.19
95919; 31632; 41945.54
17728; 91560; 26473.24
52645; 87580; 28001.80
4552; 21003; 31958.86
18786; 70515; 8677.32
35099; 59689; 16031.31
60598; 52840; 16543.78
50692; 46471; 37476.50
56255; 43065; 41663.00
62644; 12540; 37325.73
7826; 55870; 10823.22
9993; 95426; 1533.04
5067; 42411; 9567.71
3671; 91439; 7195.31
17544; 72070; 33307.67
74920; 38569; 22984.22
34586; 58351; 7973.35
80593; 25012; 38778.49
22465; 50768; 4958.99
4365; 50888; 28577.73
50192; 61990; 47044.27
26995; 19961; 29400.94
83213; 41830; 4646.02
40529; 99687; 29820.79
16866; 84177; 39023.08
46508; 79827; 21133.09
49571; 19038; 25051.02
45725; 11658; 42403.57
65251; 23833; 21392.93
48472; 93307; 44524.54
61258; 30052; 21492.10
97180; 78386; 48256.42
36400; 90728; 40314.06
71539; 73372; 22976.13
96817; 87656; 13053.97
33177; 21359; 13585.88
60087; 41963; 37399.05
75691; 89997; 33243.52
45092; 13761; 24462.48
43600; 33834; 24121.27
47507; 43862; 16687.11
79139; 46211; 27567.45
68715; 35042; 3823.45
95381; 63271; 24173.18
32499; 72402; 32118.10
65332; 68743; 39543.11
13196; 48566; 10690.62
91673; 41890; 14963.40
77225; 58368; 23399.65
70588; 55056; 20987.94
98771; 82140; 16204.96
93124; 69473; 13181.28
33951; 40217; 5593.12
26242; 51359; 5537.51
71236; 34267; 9172.82
97810; 73464; 13463.23
78278; 78765; 29637.93
14176; 35443; 14460.45
48301; 33519; 14764.51
93801; 80010; 5892.44
6965; 17146; 27444.63
92411; 26551; 31712.42
99669; 74340; 4680.68
2607; 85243; 13859.14
63746; 67733; 16705.65
7734; 43092; 47023.71
63616; 24953; 41016.84
53521; 74454; 3241.15
83502; 99974; 2207.26
20555; 83772; 47430.84
12164; 42530; 5481.80
55548; 89471; 29604.41
82057; 39581; 38672.52
50856; 69049; 45379.47
39974; 87139; 49496.58
41026; 84531; 30861.88
80905; 23006; 47353.31
28235; 91987; 10156.77
87563; 20641; 7431.38
23782; 82350; 3290.78
1350; 63545; 22250.44
78832; 71592; 14208.59
31340; 47762; 35201.27
93141; 69510; 3094.58
31595; 44675; 39285.32
82927; 87304; 32889.74
26928; 65723; 5296.20
30466; 94886; 7023.96
35816; 28643; 3106.20
22747; 50319; 29549.72
75607; 47828; 21677.25
62433; 49857; 34836.55
36683; 75597; 26769.07
58377; 20543; 29700.85
57626; 52247; 29987.54
4390; 21970; 11060.68
89381; 85392; 29149.71
3719; 98117; 40981.77
76529; 15273; 38037.00
23962; 71669; 25707.67
58963; 46458; 8665.20
77720; 67132; 31556.63
65451; 21959; 23235.52
54523; 53687; 15713.44
14710; 31079; 16155.09
91921; 74942; 14055.00
53488; 82102; 1353.21
12542; 51224; 12246.14
16194; 62976; 43177.98
1150; 96200; 43403.06
61552; 64165; 2237.31
68952; 57419; 30943.01
66338; 91973; 21823.07
7764; 36680; 12986.34
18172; 47752; 21624.86
92521; 73532; 5632.02
83578; 89806; 39865.34
94032; 30758; 15192.88
2792; 82384; 20103.53
30451; 24871; 22803.12
16396; 94896; 41523.23
66323; 48254; 25198.04
36838; 64459; 41653.56
62894; 41946; 22567.72
19958; 60277; 9125.82
79561; 76616; 37187.77
18892; 19150; 13450.49
55387; 54548; 46679.54
67550; 45018; 40937.75
38072; 49132; 41792.53
77011; 96499; 24226.84
20476; 68529; 26698.32
46236; 53573; 27371.83
72228; 59441; 22494.90
43176; 34727; 49029.12
32300; 84946; 18840.03
54841; 15720; 15567.90
62993; 59968; 18996.98
87991; 95461; 49031.32
65923; 14852; 5875.44
78356; 53515; 43419.87
58711; 23069; 26060.53
60890; 12011; 35983.41
54736; 95823; 48482.82
10807; 71537; 38967.03
35737; 54375; 30974.60
53098; 95175; 3555.92
44065; 98389; 42896.78
50808; 51505; 31153.36
64956; 80912; 1312.90
9968; 40771; 31373.63
38667; 39817; 37211.70
57881; 22903; 37898.67
93260; 23173; 21905.77
91964; 49251; 45122.92
7028; 52516; 39705.24
39452; 56984; 18429.48
20080; 42007; 26323.90
75177; 99364; 39522.23
23280; 32946; 3487.90
51140; 91226; 33998.30
66230; 86435; 6727.44
61443; 93611; 12325.86
34466; 97404; -25.43
61981; 47700; 33719.35
21706; 19681; 21807.35
46293; 87014; 14607.29
56615; 42780; 22570.21
40599; 36111; 49968.37
64335; 23979; 11478.89
75963; 57049; 28528.00
92655; 48696; 607.95
87275; 61879; 13361.26
75177; 99889; 38804.74
7428; 89482; 37131.19
38512; 40162; 30156.78
47179; 38705; 31649.20
82381; 42850; 33727.11
95493; 96400; 33883.18
18927; 92345; 4406.78
83242; 94717; 1490.84
58779; 14373; 28768.48
96991; 27224; 4051.74
39680; 52823; 37247.78
24021; 36318; 6174.07
71701; 57953; 26308.04
36720; 31567; 12476.99
64156; 48684; 37201.25
45396; 25095; 23150.74
10869; 28449; 37584.65
30571; 98647; 36072.94
53089; 83048; 17971.64
52717; 11824; 12855.16
17199; 69609; 18113.58
99174; 98125; 12739.15
50941; 93695; 46984.74
15201; 98452; 11308.01
4280; 91205; 44153.86
74584; 52992; 45720.42
30015; 94889; 2692.46
61852; 49608; 32286.59
16292; 28320; 1790.01
5877; 49893; 49794.33
16220; 22739; 11357.40
71457; 27781; 19126.61
49629; 97881; 47443.73
92289; 80804; 20665.90
98290; 30253; 44213.40
86841; 22978; 41601.50
81694; 63492; 46922.18
37666; 14288; 34359.17
29477; 68115; 21957.14
31947; 57537; 4517.41
90873; 58147; 26995.53
85518; 57012; 2557.78
37160; 34878; 48394.45
60600; 22015; 32969.82
85109; 93819; 29655.87
3799; 16629; 39233.13
32925; 26505; 39242.39
27896; 18992; 41405.80
73641; 37152; 29112.35
31539; 53064; 38605.61
79116; 10371; 13502.38
19964; 27038; 26780.88
23871; 24408; 32883.41
4379; 27275; 250.45
32186; 87182; 15850.46
23838; 44782; 2146.15
98218; 65176; 26067.32
98735; 18330; 23550.42
48453; 77271; 29480.13
60245; 76039; 10688.26
81623; 15683; 36225.77
87363; 78347; 14732.33
85323; 14082; 2571.68
63781; 62640; 21026.82
15150; 74260; 35476.27
59138; 19632; 44912.97
43219; 89730; 6990.86
17540; 46046; 31028.03
77724; 81874; 35463.72
50925; 88301; 26293.12
60469; 76263; 30074.05
13999; 24996; 42566.03
86316; 82264; 35902.42
29183; 66370; 22303.52
30949; 64239; 16616.05
60441; 62262; 20507.48
13463; 50966; 21051.58
88177; 43408; 18402.20
21006; 72163; 2890.23
12188; 22219; 21309.76
98594; 58843; 40494.35
73924; 17861; 29116.49
74608; 83620; 16147.12
17021; 63845; 17356.70
88207; 65435; 43338.65
95510; 16743; 48404.13
79696; 50953; 17258.13
76748; 76507; 10243.31
87079; 73201; 10824.37
15184; 55890; 42191.36
49176; 25058; 38011.58
76248; 39643; 40264.68
74526; 91490; 30485.45
85239; 82972; 825.82
87223; 45054; 962.14
36818; 50499; 46037.64
47009; 10800; 8660.98
19776; 84228; 32695.90
10120; 28595; 36918.94
5018; 22026; 37178.64
29197; 59308; 20701.54
45681; 30631; 18187.68
95581; 52517; 38730.20
75395; 88148; 3790.33
7895; 30392; 7449.20
81981; 16522; 33535.42
36665; 68079; 32927.90
64656; 89570; 21823.23
36804; 38255; 37624.63
15918; 55242; 21210.64
38125; 98895; 33763.56
64783; 79066; 33190.19
6952; 38903; 19460.80
79554; 17180; -111.80
40507; 37686; 38251.15
34491; 47938; 16070.18
2013; 75193; 37224.21
24028; 26932; 18700.48
93231; 40161; 24763.25
88562; 56421; 3139.81
98260; 15544; 21529.09
61260; 20205; 43036.56
76465; 66267; 28456.68
93995; 93904; 20593.54
16096; 63088; 553.26
43568; 32527; 39966.77
82018; 70305; 41517.31
48428; 21551; 21553.94
14875; 41891; 21501.66
53487; 78676; 3471.68
41668; 54500; 10689.39
23037; 20011; 25279.41
15945; 79547; 25252.58
46793; 56019; 36232.64
85599; 29358; 11431.58
20194; 43550; 9462.23
79957; 30036; 37890.87
86918; 19876; 8445.88
83306; 74764; 22929.63
74889; 85952; 22169.72
74989; 94278; 31582.57
82857; 52363; 43144.47
83210; 51436; 7123.35
9950; 71462; 21831.51
40691; 46002; 29366.70
47129; 76497; 3246.63
61521; 69233; 1399.17
49331; 47627; 3374.92
12835; 90610; 29501.03
51394; 70648; 28806.64
97851; 15376; 22211.55
75928; 95437; 9006.09
80299; 72341; 24819.05
9109; 69050; 4726.84
46015; 21053; 24979.72
23617; 15130; 12011.06
58377; 67595; 25965.46
80928; 30807; 17876.85
38079; 60779; 20142.85
45350; 98984; 29693.24
83691; 94843; 16399.79
44213; 22387; 27677.14
51667; 47243; 12225.79
87057; 88997; 43600.62
44694; 20682; 28928.35
19537; 55851; 15166.70
86990; 96787; 19293.88
78993; 21104; 15133.89
50372; 94343; 39478.93
17750; 97833; 34992.96
97832; 99838; 45578.62
13249; 94675; 33358.03
67648; 57425; 420.64
41483; 33627; 47534.05
45791; 73736; 9196.26
19030; 30308; 3396.84
14256; 76543; 38429.17
97815; 79013; 1406.25
45140; 91006; 6117.98
50377; 30218; 7693.48
91812; 91885; 40356.71
22697; 67366; 1706.47
48749; 98652; 35839.08
59222; 90031; 13888.86
99112; 68841; 11317.15
32348; 50562; 48262.63
62474; 35430; 18075.97
75766; 67749; 22814.84
37932; 60052; 24896.79
55874; 31241; 40753.01
80254; 28140; 43586.60
7839; 94040; 23769.83
49655; 82684; 46681.82
94244; 77621; 42483.89
38363; 20993; 38037.40
36755; 68893; 45217.96
20313; 67340; 4131.54
30102; 69130; 44173.80
4495; 64381; 2189.47
66799; 59015; 11406.79
11696; 59140; 10839.21
42770; 22987; 41878.40
86191; 53947; 39464.72
19035; 15020; 13987.41
62925; 28191; 37821.48
62487; 68799; 30575.09
11384; 12490; 12424.16
20597; 81932; 46981.41
80807; 79176; 20874.37
38762; 41147; 14708.14
7258; 41252; 20701.19
82633; 69914; 2671.76
66513; 88215; 26570.72
83831; 77551; 28539.90
95181; 28818; 14209.24
1205; 90584; 17317.21
75798; 64600; 8959.35
88584; 21221; 25935.97
48265; 18870; 47646.89
72313; 76496; 39213.82
67535; 82633; 526.88
62621; 15706; 31601.37
49929; 43246; 37239.49
47805; 18855; 16912.53
97068; 96127; 31226.98
77271; 53583; 6237.18
47176; 81567; 16596.64
85252; 32949; 41434.37
90742; 70899; 49031.37
63722; 92802; 8705.04
18675; 18270; 35660.28
60988; 14847; 14318.85
6741; 36144; 44232.41
42365; 50642; 25526.87
72176; 72049; 12292.35
99735; 94790; 9150.72
47789; 16265; 43222.81
44506; 45811; 5785.99
49237; 67272; 44419.07
98426; 67637; 44679.19
51678; 54438; 48673.04
66038; 75211; 18051.02
69062; 44959; 39957.98
96300; 65640; 3485.81
79964; 33652; 27046.46
43101; 23447; 3543.48
87628; 48750; 14978.04
79986; 65851; 7915.56
59183; 56077; 22080.05
96265; 56210; 30550.00
58008; 45986; 31793.20
8518; 19835; 33394.79
54242; 57619; 25410.84
99290; 99051; 7579.33
5081; 28714; 42357.80
89878; 67432; 1257.35
9812; 40932; 38815.03
49015; 57467; 18834.15
75349; 14244; 30057.29
90006; 68972; 47415.59
49760; 68188; 38035.77
76225; 28047; 26237.72
53171; 51207; 32302.82
33717; 24869; 808.62
25385; 75410; 25646.14
74619; 25435; 12719.72
35116; 68493; 10335.81
81199; 47431; 34546.02
65382; 36237; 5693.19
10706; 69250; 8219.15
94502; 68341; 49861.75
90381; 51889; 33225.91
94000; 18511; 27274.86
39058; 49315; 42493.78
94298; 93584; 8291.60
48381; 76683; 10824.20
27342; 28202; 11455.18
65752; 13445; 17725.27
76009; 58353; 23103.99
73305; 27009; 30403.39
12300; 18617; 15119.18
94969; 72739; 26047.63
54665; 85353; 3224.41
42553; 94192; 3245.33
62057; 99143; 25626.68
17821; 82260; 31809.59
24850; 26912; 21347.22
8263; 26274; 25664.16
40862; 31581; 7679.33
93973; 39552; 16974.17
69012; 47230; 42219.65
33847; 35729; 31570.38
73199; 45972; 5821.10
40691; 90534; 26440.64
66873; 94015; 8016.11
77106; 30210; 8145.63
82851; 89316; 16549.79
74874; 15399; 41174.43
4718; 20646; 1795.82
85076; 85598; 12865.12
28631; 84991; 20537.63
84753; 13969; 24650.92
83203; 81509; 14128.42
40596; 73300; 11866.33
90783; 63227; 14520.41
10564; 17852; 7483.06
55476; 73471; 22954.33
45589; 89516; 6755.27
95157; 51853; 36577.09
46268; 62260; 6103.69
49567; 77499; 27863.39
42827; 41685; 23056.86
36058; 68929; 12019.90
13689; 16632; 14155.71
51351; 90658; 20615.80
21932; 52917; 46654.45
95519; 50988; 9086.62
21885; 75308; 49796.46
62186; 75373; 43893.32
66191; 13037; 4047.48
52543; 76249; 22590.15
32552; 38199; 28958.88
7377; 16624; 13708.50
79317; 95755; 33462.29
38453; 80345; -87.04
15089; 66482; 6263.71
35664; 57943; 38074.77
48964; 15930; 19729.37
75747; 83638; 9330.09
73512; 47827; 3213.35
67093; 69028; 38102.41
37663; 91689; 33860.13
16572; 26864; 48741.68
52629; 58915; 39642.31
45444; 83116; 46916.90
99954; 28909; 9552.42
67731; 62610; 24753.93
6938; 15100; 6420.34
44652; 72094; 25726.30
20521; 89463; 44603.15
19321; 52987; 46534.12
42750; 31299; 19344.21
81805; 49221; 29483.10
67494; 76809; 26383.16
93895; 83783; 14639.42
3180; 58281; 16227.60
15366; 64596; 28976.96
96069; 92478; 845.68
63205; 44803; 48337.07
76821; 85711; 10990.93
7731; 86483; 23762.66
69712; 92447; 35919.73
50832; 29369; 40993.90
32745; 14138; 28414.80
92818; 24404; 9134.61
58807; 51116; 20648.41
55127; 36724; 20224.06
81147; 71814; 43577.29
97447; 18163; 35141.65
68984; 37176; 27824.78
87799; 72701; 26036.60
42124; 32699; 22713.01
70878; 54869; 27086.80
89587; 99226; 31987.11
91873; 44650; 30308.87
26200; 42311; 13589.82
40124; 39473; 47045.02
40008; 47880; 35097.50
91471; 74094; 15510.56
46718; 83464; 46651.87
95589; 45842; 14033.36
76166; 98686; 26931.14
52712; 55237; 47707.75
20198; 48070; 1624.36
94603; 20358; 16991.36
58983; 95979; 12450.42
63793; 38047; 9704.43
71592; 45537; 46617.71
92248; 45601; 6432.28
81698; 86917; 11583.74
7653; 97796; 45211.80
30579; 93616; 11258.25
14133; 64172; 16179.83
62918; 23178; 33900.20
19018; 10679; 48208.20
21701; 63334; 32471.09
63350; 72580; 32352.20
38649; 52096; 13913.47
8754; 21725; 32441.09
31437; 80143; 36803.67
5888; 32946; 20603.19
24040; 14763; 49857.18
53034; 74930; 8908.74
99173; 47941; 43775.53
2214; 49110; 28182.07
15064; 53914; 13870.36
85058; 81211; 25978.09
18589; 76088; 23135.05
26272; 24764; 16199.55
96829; 70150; 32238.41
95188; 34405; 211.25
45185; 48669; 28172.95
26318; 33002; 30353.20
84719; 63148; 41262.99
68538; 52982; 3880.26
88720; 22502; 8831.45
19430; 72580; 15841.88
33512; 10895; 12669.66
31870; 68554; 37564.71
44204; 49576; 28914.27
76088; 11498; 12708.43
48127; 40972; 2637.28
16495; 71000; 14993.72
54138; 99925; 24877.28
93216; 50760; 34359.66
84717; 48671; 18060.97
29947; 38721; 47846.71
63676; 30078; 22476.42
80395; 58971; 20500.20
72989; 71712; 37746.20
88044; 38627; 37973.91
90173; 88094; 43593.32
11730; 78879; 22060.77
93244; 57419; 3444.19
74946; 24707; 2618.78
72781; 76255; 9708.92
71341; 29641; 7809.13
69202; 67912; 5370.12
27922; 86434; 24185.81
67895; 68390; 40338.95
60432; 27294; 25419.02
60873; 83912; 2415.71
61604; 98181; 40249.23
95801; 12853; 19495.41
1395; 38560; 28704.72
6936; 65534; 16898.71
9357; 80931; 49703.24
10046; 71875; 1102.61
54591; 33590; 38333.09
85085; 94656; 48171.02
50081; 60132; 22151.13
50479; 59236; 3552.62
87742; 80687; 6215.99
46582; 25549; 8512.92
71419; 61518; 26206.55
96401; 39188; 41658.49
3979; 49107; 22881.70
95253; 81361; 20918.47
50712; 40102; 11999.36
46371; 30332; 13420.31
96030; 24790; 1126.97
87533; 64950; 30553.62
3050; 41544; 9907.12
14224; 87849; 1195.60
79352; 98083; 35015.96
7380; 42077; 36897.32
53725; 67535; 11334.13
29477; 17398; 6576.85
38914; 40692; 40697.21
96881; 85511; 15604.64
79370; 98150; 40828.32
32051; 49552; 43751.05
87535; 78321; 10662.66
40387; 46064; 2578.36
78550; 32955; 31112.65
56994; 82856; 24528.85
46143; 94320; 33402.80
69742; 51777; 34663.57
54511; 29558; 14644.37
25101; 80507; 23412.70
30536; 49418; 42805.83
19920; 70689; 45694.43
74713; 64090; 48373.20
74044; 79467; 6271.68
32831; 43422; 9768.51
85765; 20363; 46072.42
49637; 22119; 26549.59
25966; 16755; 13057.31
89299; 89294; 29947.56
10539; 34662; 40134.86
78015; 98008; 27721.95
63835; 37379; 43408.43
44642; 49739; 47829.50
3009; 37762; 46826.57
98186; 25376; 37217.40
99871; 72773; 45679.29
92177; 89220; 35040.31
52987; 41369; 27380.00
38101; 59894; 23045.65
86029; 57088; 15075.33
48139; 77215; 44082.00
62080; 22924; 40042.24
95688; 71537; 37962.26
42973; 36624; 18220.60
55254; 15992; 27907.50
30002; 29126; 319.11
73523; 86550; 28746.72
55732; 48691; 7196.78
44236; 40149; 18681.91
33208; 75444; 27307.45
90764; 54245; 12495.00
65044; 94108; 36849.50
61401; 32050; 36505.00
47160; 32185; 6567.91
72636; 74004; 8794.41
72058; 94123; 47840.46
69674; 14433; 41872.96
10742; 97584; 1949.98
1836; 64053; 6443.32
83667; 40334; 2932.38
20795; 11198; 10545.34
60770; 58916; 2552.73
84588; 97392; 46662.14
64334; 96413; 24136.65
1866; 79758; 27358.00
2553; 12192; 26235.59
37010; 80220; 48862.71
3246; 75826; 40564.44
89346; 66436; 40211.47
24496; 24026; 45861.47
69732; 29516; 11668.93
82235; 79003; 12247.12
47457; 45038; 39644.28
11357; 58896; 47944.54
61161; 84055; 11782.00
92388; 39603; 14648.72
11566; 95686; 49579.57
86182; 14152; 4221.78
50710; 59436; 27411.42
8355; 93459; -22.77
23463; 20837; 24742.85
57873; 94529; 39111.00
75167; 22499; 44686.96
6577; 40115; 10176.56
91739; 84289; 23512.76
7102; 19744; 34063.65
37749; 81176; 27957.25
5312; 33508; 46402.70
42220; 12052; 48054.19
77943; 28899; 37488.85
94416; 62205; 46408.18
40226; 31292; 27979.89
75277; 61007; 33690.27
71852; 53480; 18884.23
97959; 28343; 39420.15
91349; 20279; 24790.04
46332; 17038; 4433.13
31427; 19963; 16699.93
81460; 88067; 19533.50
43778; 13883; 31523.21
60054; 74304; 11020.99
73487; 59207; 21308.32
90088; 86791; 32863.93
12232; 91083; 14416.66
33302; 19634; 3642.92
21214; 59807; 35439.70
84086; 30221; 36852.59
42507; 57277; 4880.82
1680; 50405; 21959.16
36358; 23399; 6191.60
25561; 66489; 22166.61
73710; 77166; 20106.23
4442; 21746; 17372.67
13198; 88240; 29701.21
43523; 60493; 123.20
55238; 60829; 38848.04
96006; 83339; 45212.98
32816; 84967; 25815.78
90825; 59903; 8059.84
36247; 49469; 13054.54
20127; 18292; 7943.97
37170; 65194; 14637.49
11082; 57333; 12210.84
33321; 91924; 24538.02
81828; 35630; 22622.01
18758; 49932; -158.25
52864; 53544; 42001.48
50792; 53193; 21731.26
57441; 95332; 48698.38
18842; 49378; 15693.59
92133; 36326; 23689.99
24283; 62198; 48420.62
39200; 92955; 24295.87
76481; 41775; 15957.25
37739; 61502; 17933.28
74905; 36188; 29407.47
72516; 33583; 33926.49
73102; 13527; 47626.73
61505; 37479; 21641.98
39185; 19064; 40857.76
54627; 98208; 24714.81
84012; 49692; 11722.07
87332; 30203; 35619.44
50412; 19694; 22177.87
79372; 72814; 28903.32
71040; 76402; 46136.54
91663; 64827; 26954.08
48124; 80373; 29487.91
12138; 24335; 38332.18
87193; 97122; 17427.95
85803; 90304; 1736.98
85545; 98797; 32160.55
99655; 53463; 48268.70
57420; 23886; 32.66
34913; 39098; 25289.15
68999; 83137; 28816.17
76397; 38971; 22011.82
52266; 70694; 38503.28
78147; 75597; 7112.62
4219; 73277; 4779.74
55522; 21253; 5361.50
96702; 28569; 17090.60
45966; 69681; 39105.63
69303; 73298; 17089.16
13795; 67431; 35960.69
60303; 51800; 2892.30
6856; 25084; 640.55
45967; 94930; 5022.82
22542; 41970; 25557.69
73339; 30989; 16214.98
56885; 70562; 11208.71
54090; 92543; 8814.81
84948; 96154; 21322.79
4826; 90492; 44096.42
59926; 87621; 21192.42
1583; 38153; 9892.12
99608; 18200; 28656.07
71371; 34505; 17972.55
26830; 69972; 5254.73
88910; 74157; 26149.61
84769; 51078; 29647.03
81125; 61451; 29143.74
46603; 56135; 42198.65
81918; 32613; 40593.78
93535; 48986; 45893.47
78354; 21108; 33441.56
42049; 25448; 11547.92
16328; 33992; 18351.96
19528; 76954; 19117.40
79174; 28070; 28527.71
56448; 34347; 24076.85
71435; 94575; 46500.09
23706; 82733; 7926.71
38858; 28388; 8948.48
60113; 91187; 2207.37
48059; 11256; 23972.75
26575; 60324; 48173.37
67248; 95599; 24495.98
90744; 74451; 20489.34
59176; 74054; 7946.30
75107; 14044; 39691.98
29905; 48284; 1151.10
30470; 80465; 14077.85
60942; 84140; 36997.17
65921; 82053; 25295.70
76066; 24969; 13028.39
72186; 58085; 26873.19
6453; 67850; 27090.84
56725; 23423; 36667.43
86678; 42444; 14534.30
5224; 68947; 12772.17
12401; 67549; 43197.17
16386; 41056; 10098.85
97680; 87060; 34301.25
94159; 89988; 31454.92
22755; 90760; 6531.37
28082; 37124; 40174.74
75720; 55982; 26380.18
79231; 80617; 8003.06
93281; 48356; 14111.33
36041; 77425; 49267.16
90037; 22481; 6347.24
99316; 63948; 45897.82
37349; 95969; 5907.85
18392; 42725; 6885.29
43217; 42447; 37954.42
89635; 61472; 24217.67
76684; 92890; 13070.22
55293; 59174; 22325.58
84050; 22202; 19843.96
99278; 46467; 34582.53
49374; 69597; 47487.83
43898; 86278; -375.11
97039; 22208; 36412.06
61089; 93209; 33039.26
47952; 18300; 39681.74
53129; 38551; 48390.49
28767; 74843; 13061.11
38171; 54270; 27139.18
18117; 84205; 42547.34
46054; 99463; 37993.83
7021; 23051; 31122.07
61238; 12134; 5773.98
21707; 67840; 22554.17
57072; 36518; 49782.55
18290; 95196; 14744.21
36916; 22234; 32556.69
33819; 20803; 18278.11
86054; 31695; 2115.26
82999; 50043; 36162.41
99989; 40689; 21176.16
12953; 22475; -445.14
63496; 20215; 6201.34
30647; 78084; 33839.13
2217; 11056; 34627.65
16806; 65353; 34548.57
63613; 19283; 11061.82
12708; 23425; 4711.68
49177; 49223; 6425.03
99717; 27451; 31899.60
89753; 28724; 2954.79
74831; 11110; 30321.12
22511; 67684; 17234.98
28925; 92323; 37287.58
54963; 90750; 34171.59
29474; 21362; 44777.94
19351; 26142; 29273.48
51335; 56076; 48144.06
42222; 28327; 12013.21
85491; 21042; 12032.43
79774; 88644; 35919.57
38345; 13515; 42318.55
87298; 49537; 9875.01
80551; 76784; 9026.65
52347; 48737; 32131.57
32370; 74865; 18987.22
32599; 75481; 31723.16
10307; 79243; 44380.59
2581; 57329; 46663.18
18299; 60703; 42971.11
75498; 65163; 17953.33
90514; 32645; 38017.66
10567; 12187; 29161.86
2807; 44365; 10395.02
8925; 62163; 25083.84
83388; 75673; 38239.06
56518; 62727; 3662.60
71328; 80471; 30610.38
37368; 20957; 15150.30
68017; 36633; 48702.83
21365; 80305; 16000.89
77865; 93138; 38042.82
86175; 99267; 31979.31
41654; 67342; 36362.90
32278; 17589; 11846.23
57948; 25202; 22395.28
80800; 17212; 15119.15
98215; 96252; 36903.24
16655; 11660; 35248.98
92946; 11487; 7773.55
46443; 78551; 25619.75
95472; 43980; 7931.63
17637; 45227; 36513.26
16473; 13847; 16418.06
57272; 45649; 25954.64
35465; 85582; 31190.41
66031; 69663; 25294.48
8266; 75484; 42897.67
22873; 58193; 7444.15
14487; 85223; 33543.08
16117; 39937; 36909.39
1336; 15772; 42863.79
2610; 42053; 1822.07
48707; 60197; 45971.44
24456; 14635; 27419.67
94588; 95944; 20678.15
43179; 42540; 20520.96
95409; 51934; 13198.53
11208; 84912; 18326.81
66803; 98254; 45048.02
24507; 39253; 40119.07
7019; 62550; 2980.79
61960; 47002; 38563.14
41723; 52899; 3862.47
60866; 11044; 18130.43
39219; 83899; 39117.61
97937; 91620; 11750.49
49270; 87554; 48578.82
26614; 81638; 37904.35
33129; 29735; -177.92
54744; 13133; 11266.39
46406; 93354; 41898.49
2257; 53911; -426.17
87154; 59319; 42374.80
96317; 50306; 4749.43
70443; 41217; 20700.70
8850; 28661; 35438.45
13193; 15754; 46024.36
69125; 64140; 34892.77
49823; 70091; 48715.02
12128; 86122; 4326.64
18499; 93521; 40908.13
10808; 87580; 28174.95
58014; 96827; 48193.02
32034; 48230; 12680.04
42288; 61505; 34886.64
97384; 52762; 15561.91
36645; 40619; 3271.72
27569; 27840; 38886.82
77638; 24283; 7348.23
22544; 68925; 23035.78
54282; 25825; 26564.19
28215; 69233; 15069.54
35735; 25717; 4066.25
90922; 49874; 41232.53
92341; 89076; 1536.66
43964; 29441; 4106.25
33534; 56627; 19510.35
7416; 98759; 14591.46
23789; 14073; 47580.88
60270; 82869; 37277.96
33748; 22415; 22833.18
19322; 25919; 103.82
30135; 27133; 9505.72
53505; 58790; 34157.41
85500; 21015; 28907.35
34924; 19828; 600.91
9450; 35919; 45076.05
59121; 26880; 4144.92
44456; 26059; 1656.16
61423; 16637; 7983.46
76220; 66774; 40995.11
52773; 75028; 988.86
90550; 65923; 8226.76
29143; 34530; 13386.58
59459; 29481; 1249.80
82156; 90868; 11912.13
39680; 75390; 20305.61
73179; 72787; 2579.44
37670; 60202; 6430.42
27143; 94233; 44174.95
69919; 42656; 31353.10
72258; 12559; 49464.88
94502; 57069; 23724.06
64527; 55093; 45590.19
66849; 52153; 19113.25
24568; 13416; 15603.32
29707; 13840; 44736.12
37822; 17679; 40337.02
62824; 79393; 17550.36
77544; 40508; 48685.98
14124; 42487; 32671.65
35934; 79951; 40722.40
97607; 17328; 38084.51
29758; 85457; 42248.51
51911; 56504; 46727.90
23768; 33081; 11445.83
42681; 57026; 45655.99
4697; 56095; 47351.72
74873; 28625; 27937.00
25672; 74517; 26877.29
24010; 74282; 1417.17
8362; 40490; 29883.97
3612; 79002; 23638.44
44481; 90495; 9673.95
18103; 54663; 35705.35
43413; 17806; 606.60
77888; 28566; 38605.51
69982; 57826; 48008.22
49967; 96787; 19477.58
14242; 54113; 14739.14
18884; 30644; 36483.78
58261; 93789; 48013.44
86089; 51586; 8297.23
74659; 90440; 39243.09
30260; 97232; 29241.98
23983; 59595; 14994.57
91242; 48602; 5931.09
96529; 10235; 47413.80
76082; 61327; 42463.23
75381; 14244; 8695.13
42709; 90134; 10655.21
75127; 23645; 46802.73
19434; 53406; 37139.84
32194; 55457; 49110.17
23005; 93386; 44208.67
12629; 97821; 31774.69
45007; 68540; 75.48
28483; 42707; 34505.39
46938; 43640; 39244.51
95426; 10167; 1931.45
58438; 65004; 48439.64
55266; 74629; 44029.42
47036; 81568; 18455.05
63847; 85766; 32373.96
91067; 39567; 7714.15
10661; 14379; 14392.88
42774; 44226; 47558.94
10725; 54801; 8090.31
50212; 31090; 36465.25
72702; 22203; 16566.50
81431; 73273; 35077.48
57534; 95673; 7832.36
57911; 30591; 2204.57
44397; 36941; 48707.12
54645; 82628; 35962.92
96679; 80795; 12895.87
37899; 48980; 11496.19
7505; 61498; 28374.38
65349; 30131; 2252.50
1500; 66047; 3925.23
87772; 91931; 29810.88
27171; 22712; 799.65
23391; 93648; 14236.48
11739; 72071; 42110.34
41416; 62096; 23282.69
87643; 44734; 4102.41
72319; 60793; 8836.50
50996; 58418; 8922.44
6848; 44510; 21706.89
35524; 39654; 41772.48
74956; 18079; 7132.10
92287; 97486; 4383.48
88574; 55061; 40313.10
55262; 87296; 10989.39
8993; 60738; 40829.46
55870; 80190; 34196.93
63236; 85066; 44023.52
63424; 49171; 3487.23
94625; 14551; 24856.12
68740; 84905; 33715.51
82300; 29326; 5574.23
59856; 32659; 47427.60
22910; 37772; 40327.27
17539; 15593; 20880.43
90538; 67067; 9696.92
83211; 29382; 41622.46
34801; 51910; 45495.63
9783; 21406; 19099.01
53082; 82358; 15969.40
37202; 78116; 22636.94
2620; 91665; 29172.59
55997; 24748; 20429.34
20424; 84264; 29190.67
14133; 23845; 27915.53
14237; 47498; 43307.50
46071; 63856; 12838.90
86824; 73646; 28387.17
63003; 14910; 8196.09
53818; 28855; 30721.35
90235; 62654; 1458.52
44449; 41139; 1989.19
63287; 45203; 44800.08
3651; 54284; 40777.99
40722; 50756; 13657.51
65437; 99764; 4459.98
30878; 27614; 14674.26
98481; 68079; 38588.56
43056; 45313; 36304.37
80295; 94614; 4008.99
58896; 37707; 45628.36
54368; 73499; 37854.41
50009; 17367; 25521.12
21836; 18600; 15211.72
67426; 62872; 6350.32
69719; 84537; 961.88
26265; 36309; 41767.32
33701; 14334; 22550.66
48235; 36097; 13335.86
61846; 76207; 19545.59
17236; 99282; 1043.44
49819; 74066; 29499.20
24276; 72204; 29137.45
46843; 55121; 7757.44
34903; 21847; 13896.00
51667; 16507; 7726.82
76007; 38091; 42784.11
85853; 39505; 33723.61
36269; 95404; 20180.11
3628; 99417; -50.65
18342; 94852; 8246.63
2109; 39329; 12245.72
41037; 94245; 13406.62
50345; 55706; 22679.40
29601; 71171; 14758.33
69241; 91737; 19556.20
14410; 10963; 25331.44
87816; 59051; 27853.58
78826; 89829; 13775.18
90707; 24169; 23827.79
45077; 46239; 31850.03
37291; 44229; 32634.04
86389; 49163; 9012.18
68802; 41496; 44934.20
79647; 62965; 32856.78
90228; 28340; 35924.80
86904; 75191; 49872.19
35003; 64862; 19932.24
97564; 14629; 28942.70
75978; 34892; 16829.94
94502; 39145; 34159.06
84665; 72355; 45279.59
89063; 56988; 25119.40
23280; 96194; 43762.99
24741; 48506; 4428.95
17769; 43902; 36121.93
74273; 33995; 47319.63
44992; 95778; 4009.64
47567; 39272; 37082.60
41250; 65112; 39298.57
44426; 58717; 12658.24
39541; 70786; 42486.30
62674; 17035; 43252.87
77490; 86062; 47187.20
10334; 71894; 44416.02
66598; 25704; 43308.64
51026; 79446; 14566.97
8086; 29762; 6436.95
27253; 54914; 20164.19
75632; 69974; 6732.82
94804; 33639; 38836.53
64908; 53598; 31367.15
24176; 51079; 31542.20
1617; 69251; 13313.16
23099; 85534; 38106.43
65169; 21539; 6035.00
57847; 93032; 21185.19
57233; 72573; 18857.48
5944; 79963; 9570.42
49903; 11845; 44546.32
70603; 34979; 404.76
1540; 92141; 36546.96
30657; 55134; 15260.66
14462; 60272; 24918.49
41123; 31891; 2796.99
6992; 49085; 47397.40
60759; 78195; 29616.68
45280; 66841; 44342.69
18536; 54922; 49805.02
65248; 57087; 37380.84
22611; 62873; 465.80
30402; 27197; 10165.11
3872; 87292; 24983.99
17143; 58049; 35411.06
5897; 59177; 43765.48
34526; 80088; 30968.31
78846; 16286; 32929.48
86664; 12587; 1935.87
16176; 64627; 21937.87
17199; 81733; 12263.28
92995; 30070; 9877.49
90881; 92616; -30.12
56164; 96725; 4599.48
69197; 45386; 30951.29
92845; 27978; 20650.70
14751; 77054; 35797.69
16431; 47054; 5257.63
14928; 75239; 9531.66
27181; 44471; 41490.69
27433; 56913; 35023.56
39712; 31020; 1489.99
66058; 37222; 34254.30
64001; 53332; 11342.52
2671; 98032; 3994.64
15474; 85255; 33285.61
20548; 21807; 38866.07
10836; 23276; 45191.36
85454; 40298; 22565.94
39800; 44619; 22946.01
14082; 32898; 43644.09
39085; 57214; 39980.60
41987; 65836; 36796.28
13451; 16014; -11.55
19139; 96947; 32183.53
44078; 56861; 44673.64
82501; 45167; 43863.01
13183; 58840; 40655.70
24969; 24920; 19739.26
60839; 45629; 41703.27
91426; 72684; 39894.90
86045; 31860; 5209.36
92248; 17686; 49069.24
21892; 23593; 20509.40
78430; 73265; 40014.37
89918; 67430; 8653.66
50774; 57002; 30373.60
90714; 27125; 23895.52
64979; 24802; 44323.49
58761; 16025; 2698.47
86848; 51187; 124.19
89857; 78788; 38260.20
76582; 84057; 10811.24
88797; 54341; 25714.53
91209; 91033; 4309.73
87732; 42581; 23837.45
87993; 98643; 31890.92
20484; 83183; 44549.13
81335; 17152; 88.07
21568; 76265; 42366.70
65990; 31679; 3280.69
65441; 52026; 11665.04
37458; 16599; 25099.93
73154; 94320; 18621.20
31801; 20332; 22684.28
76108; 68733; 3945.00
66333; 68598; 15461.11
66191; 95638; 397.34
53879; 64046; 1309.51
72971; 10022; 41208.39
80194; 91142; 31695.68
67628; 83706; 9945.99
89011; 69796; 47492.93
48624; 17113; 40737.73
60566; 53512; 27787.62
82232; 88636; 23393.25
87136; 57617; 35653.63
15945; 22771; 37845.66
30064; 10287; 16738.53
84055; 48270; 27158.37
50006; 23935; 1811.79
22516; 74542; 6592.68
94959; 63636; 4901.56
81065; 35679; 8970.94
52497; 38257; 22580.82
25979; 54293; 4942.17
55325; 16094; 46294.64
89098; 87176; 5722.57
60048; 69950; 32752.06
67086; 27647; 48174.67
1568; 79515; 36678.80
73512; 66729; 41860.21
64298; 76628; 38944.62
24226; 85832; 8269.34
17827; 23573; 19063.98
79714; 89450; 44076.14
67074; 60418; 20642.57
80822; 42537; 13316.59
45939; 48557; 22368.71
18481; 28111; 20343.65
92752; 77147; 14595.11
92946; 81802; 42965.73
94306; 82559; 31445.46
27330; 37487; 31020.46
39086; 99995; 16937.33
89129; 27389; 49057.44
86208; 33306; 24946.62
92004; 93476; 15780.26
16126; 56168; 27895.15
77389; 84794; 47105.02
94077; 64719; 33549.30
70979; 47477; 43812.60
56363; 11673; 25897.86
4312; 59921; 6839.00
88851; 17419; 9595.07
99328; 31094; 49168.39
90573; 42841; 6894.63
9130; 48684; 9802.05
71932; 14234; 17613.46
60322; 23432; 30613.50
89542; 83647; 43174.50
98309; 94819; 27844.16
32142; 76967; 39107.51
92242; 47701; 34493.27
7157; 60014; 19071.51
90803; 50980; 48274.58
8051; 11699; 37055.33
27619; 91338; 43376.92
59073; 39563; 45530.06
93357; 94886; 18070.93
78120; 81645; 36791.73
26751; 35362; 14355.97
24255; 99477; 3260.68
23779; 77350; 5527.37
6326; 66165; 13595.17
35634; 27048; 7626.91
34425; 10739; 16193.42
94020; 30290; 1517.00
43287; 88234; 2068.20
82968; 90689; 42078.57
40472; 74297; 39390.36
73110; 56934; 3180.48
93757; 51662; 26032.45
25100; 78236; 2942.91
67209; 30889; 20504.53
71390; 62876; 4143.25
29992; 37964; 32998.39
44393; 57290; 14325.51
99652; 91039; 26290.19
74575; 95105; -55.41
88679; 55351; 22006.20
85182; 90439; 45889.67
32958; 15226; 33968.84
43065; 59987; 45754.59
15860; 60577; 12457.82
95892; 47070; 747.64
68746; 59146; 25472.61
67680; 68400; 24083.64
39854; 95397; 9221.88
68357; 20793; 47384.70
22940; 80513; 26426.89
83173; 18581; 10144.46
83511; 37941; 43180.02
56601; 23621; 9881.77
93109; 67047; 32151.34
10452; 99921; 7264.61
61191; 53478; 1413.26
10600; 17113; 8488.60
34018; 83149; 3057.33
30837; 43901; 20085.46
60129; 92603; 19924.63
42471; 12213; 19169.84
16506; 80101; -202.10
95409; 91048; 2693.50
98773; 86756; 1798.60
10514; 56884; 46366.41
14911; 47989; 39238.04
40498; 89503; 3868.51
58367; 59992; 19453.22
87602; 14039; 23436.38
70922; 38818; 6387.26
52248; 81529; 14396.41
84105; 28884; 14551.85
96594; 94926; 18343.09
2461; 82551; 43675.73
19530; 26152; 1609.54
76067; 88204; 19401.13
72765; 21157; 14886.90
99080; 55069; 10192.72
85663; 77181; 6693.98
25116; 38939; 30652.69
34127; 35470; 5288.44
88946; 84356; 42538.68
99440; 81939; 22793.89
73045; 19587; 14177.96
9829; 42858; 4459.22
96104; 86099; 24103.12
44365; 56810; 5974.86
86914; 40740; 4552.28
82201; 19149; 44955.99
42652; 73682; 22257.62
81785; 96431; 14936.61
77568; 29974; 28060.38
48774; 51462; 47912.28
23103; 10633; 15317.35
30035; 93995; 21524.27
48118; 27603; 33818.80
44458; 72908; 22873.84
48020; 50038; 24092.05
15264; 33038; 32100.36
11744; 46780; 42865.04
19350; 80597; 9419.81
97147; 92132; 3361.35
10882; 12441; 42404.16
83788; 14088; 40538.44
76877; 63101; 38344.61
28886; 14804; 27355.50
72233; 80736; 23341.25
20481; 57948; 19321.17
78280; 48141; 6261.00
66683; 76900; 4072.98
48692; 75820; 34.88
32310; 90482; 34050.16
68388; 28398; 22034.13
24480; 84233; 47409.95
87430; 29162; 36663.95
64373; 57028; 1541.20
64916; 40375; 2674.49
49422; 40673; 1661.83
28102; 77880; 45340.17
48349; 60868; 23218.55
60591; 16086; 1515.19
86003; 52476; 4712.86
69337; 93042; 41397.18
98243; 44513; 28720.89
75732; 32786; 18521.31
50613; 57880; 29177.78
11202; 77720; 12205.11
30215; 77681; 19995.03
46224; 73813; 39529.20
80195; 10864; 24842.77
19214; 67658; 7863.09
11104; 77441; 31995.59
28723; 29692; 8938.74
48477; 88908; 35723.79
16509; 96652; 11132.49
44283; 24855; 23816.59
63759; 72786; 10140.55
22134; 94837; 41584.93
3942; 41938; 1678.79
76168; 87640; 7637.02
83515; 77193; 1479.14
76008; 29249; 2323.56
34850; 33597; 25590.35
54143; 88558; 48446.81
84574; 12440; 43864.70
96417; 96736; 40975.82
12239; 38389; 22184.77
62789; 73133; 8113.62
54840; 88753; 6706.96
77368; 33839; 30972.19
67952; 44671; 7969.95
90861; 54914; 46078.77
79188; 87410; 2976.57
50572; 60523; 6176.77
3170; 36522; 25896.92
67107; 99701; 20699.65
20603; 89365; 4363.08
63373; 90576; 29790.60
70655; 75972; 37495.35
13214; 73208; 32799.33
80098; 80685; 41289.85
89940; 95096; 21290.59
56139; 58546; 43678.63
92441; 79444; 21162.29
64192; 59969; 17201.15
98175; 85513; 4434.70
18548; 43360; 23595.63
31475; 20986; 13804.97
72267; 63562; 12519.15
1716; 10932; 28688.35
16444; 78126; -136.70
86792; 36924; 34232.22
42405; 63588; 17794.62
21287; 65846; 32404.58
34244; 44249; 42676.33
56517; 84012; 17965.03
37118; 99208; 19571.43
27698; 64162; 27381.30
74080; 73238; 8525.34
74281; 82733; 23929.89
41193; 85713; 16889.99
93470; 62183; 36657.01
87413; 25608; 37264.62
59536; 31206; 4564.07
67629; 62502; 39197.10
73165; 90481; 34701.40
93640; 16822; 7617.27
84345; 10693; 40120.65
20048; 71822; 46256.02
58065; 21552; 2736.06
30067; 58606; 3542.01
5948; 60374; 46499.59
53513; 90473; 32636.85
38548; 88311; 2401.88
23973; 93924; 24465.60
2403; 36438; 42453.67
68915; 47487; 9334.70
79579; 76918; 25548.59
31365; 90634; 8058.89
5726; 57151; 11582.46
1037; 30636; 3885.56
37167; 62354; 17332.95
52792; 63143; 29097.05
68861; 12014; 36714.74
9993; 21818; 27254.43
96176; 83284; 45707.95
46625; 55544; 48146.03
37242; 39661; 30121.35
26496; 69606; 46450.55
76354; 10609; 12685.93
54363; 76353; 4876.48
10487; 75951; 14359.72
16336; 77277; 47813.82
71504; 85352; 12132.15
59034; 59424; 27940.01
32886; 54520; 48042.56
61142; 99337; 22766.38
77916; 13584; 23839.49
34792; 18854; 18825.00
29885; 98724; 34909.39
42383; 64057; 47750.01
68699; 80208; -8.98
35517; 42539; 14008.12
53288; 98302; 37313.80
45825; 19965; 27504.85
24394; 72463; 15350.58
29647; 85197; 13088.33
98800; 99536; 46477.89
25925; 75404; 36724.17
31783; 41726; 43573.50
28102; 40042; 9739.71
33728; 91080; 17479.38
14983; 25712; 45969.50
89580; 96956; 24379.58
1868; 80972; 47878.65
64214; 58653; 30843.71
65532; 85303; 43372.83
65330; 33969; 49211.93
67995; 46735; 19592.91
99326; 85584; 5976.42
69909; 65466; 23655.16
71879; 14268; 24875.00
52605; 99959; 38683.15
60925; 25776; 34761.35
61302; 51373; 34305.13
2549; 98356; 10143.00
77153; 23205; 15934.53
81318; 44039; 8951.20
35452; 41082; 13105.12
81358; 54970; 17979.17
66374; 65567; 10131.89
92843; 58799; 17936.44
53506; 46651; 22261.81
75895; 27188; 48953.26
90916; 39958; 40616.63
95478; 45382; 40106.42
73789; 66651; 42743.59
26698; 29116; 39901.89
97802; 29601; 23385.84
2276; 33148; 20786.79
18625; 92660; 25608.85
95445; 51383; 39159.31
40326; 42895; 27887.99
75427; 16253; 19619.30
91510; 31409; 2531.84
34330; 72460; 41868.07
13622; 68963; 37101.96
35048; 57312; 17695.48
74071; 43779; 16879.08
54970; 25890; 17230.07
90074; 89374; 9547.38
76483; 95179; 32281.11
23877; 47304; 17433.01
89236; 76904; 24118.43
97537; 68580; 44426.44
50947; 90434; 13969.44
83799; 28985; 43347.01
84962; 54222; 20801.73
81256; 84925; 19941.02
10351; 20369; 7680.97
30912; 51088; 15502.35
39188; 45058; 30071.94
52833; 45553; 44328.44
48600; 86928; 25807.25
60020; 64262; 7949.56
4027; 26389; 36252.51
87772; 42983; 46992.09
92841; 20494; 10133.86
53041; 23501; 4325.46
63021; 81884; 2218.18
53037; 78679; 38132.32
11911; 23622; 12753.84
21352; 21050; 32569.05
52097; 50549; 11082.48
97677; 47247; 21879.60
17569; 27206; 26100.49
23361; 13744; 1275.33
47771; 52624; 43144.18
62235; 80855; 46710.31
72898; 68306; 6323.30
92438; 80685; 8440.35
79326; 69840; 31367.90
84342; 83922; 21466.36
84858; 93824; 26456.10
46504; 73131; 26753.24
12738; 67915; 15047.34
55028; 44053; 7363.74
2383; 10012; 25927.47
18865; 55073; 13981.49
71136; 11090; 34232.38
65478; 72530; 14630.33
57418; 48393; 29648.69
1946; 81855; 18369.02
54967; 83472; 21573.87
33754; 31400; 35604.37
85671; 61081; 41335.56
29913; 44469; 3500.09
82962; 41399; 25588.81
81375; 99737; 13229.19
85994; 79722; 40344.84
55120; 34641; 42600.84
24908; 27907; 14124.56
84478; 69682; 30695.34
36669; 91625; 24345.80
43027; 12542; 7183.54
71119; 12900; 8889.85
14405; 46977; 13094.35
94742; 67464; 36218.91
31514; 21822; 7109.53
65694; 38467; 16766.60
41838; 75325; 49897.15
61776; 14159; 16177.56
99378; 29148; 2329.94
52435; 19356; 26931.19
24803; 35191; 44732.80
33778; 60014; 41326.73
16985; 42631; 18932.29
59059; 42396; 36749.76
5392; 36106; 22772.15
13315; 78306; 33133.40
28321; 71974; 19150.71
41908; 52344; 7509.88
96451; 15529; 37108.59
73034; 78278; 5668.15
64075; 93692; 14590.06
48241; 16827; 43114.71
29545; 24801; 11416.27
57906; 52534; 260.92
37188; 86637; 5542.30
32862; 11170; 48426.16
77162; 72294; 34264.53
21315; 58679; 38425.25
33600; 30669; 24745.92
90908; 91087; 16590.32
82937; 17871; 2518.64
85485; 30174; 34917.07
15076; 26492; 24136.07
42515; 83184; 39322.37
46523; 67503; 36526.04
3798; 59514; 17587.46
18659; 42859; 44882.48
64609; 67344; 27730.75
72137; 74237; 9083.68
25461; 81253; 17057.07
96997; 71393; 13403.89
79470; 82682; 7597.34
70617; 30319; 22193.90
35517; 80989; 18039.19
1094; 93627; 25050.87
97161; 34318; 44088.08
82229; 57720; 38688.84
32298; 52034; 35910.68
87283; 80642; 40862.01
25886; 78690; 34002.82
73281; 30202; 30458.48
43283; 63713; 31865.65
15478; 22616; 25921.63
9739; 15737; 41677.26
18009; 33414; 43611.39
27486; 24031; 24011.20
13943; 14170; 28336.12
51934; 96235; 24240.44
82785; 87371; 12424.90
49018; 38930; 30100.66
10289; 11715; 46475.66
28359; 95950; 24315.98
11480; 71349; 39951.51
8956; 57307; 27680.00
55519; 58374; 39609.60
8641; 90862; 12923.69
6328; 19225; 41640.05
11215; 38298; 48009.63
13729; 23267; 36121.18
70685; 60506; 9067.75
69969; 96098; 12062.53
82962; 33448; 27700.39
74156; 64419; 37178.47
84705; 85571; 17577.15
61125; 97194; 21067.29
14644; 31864; 39519.31
73085; 62632; 24986.99
87184; 30732; 26461.97
79632; 68066; 46642.76
42307; 82100; 49568.88
43553; 58722; 20323.34
84000; 66438; 41220.83
43395; 89745; 11656.49
72516; 38039; 18440.69
73120; 43303; 17680.43
60297; 68654; 47971.13
1025; 14543; 49139.30
79087; 12136; 25639.27
40562; 10860; 14666.87
30083; 38157; 42713.88
3844; 46170; 45915.16
68013; 82918; 28318.74
75922; 30278; 4261.50
61341; 56616; 7383.41
35732; 58114; 44426.08
33749; 40539; 12440.31
40361; 22046; 28309.60
75588; 38499; 36580.43
95841; 52558; 39541.66
23662; 73999; 41198.11
91386; 85527; 40885.52
13499; 88018; 31933.86
5898; 85534; 18768.08
8329; 53829; 17070.48
57925; 64594; 46477.43
16799; 39716; 37257.77
79944; 11498; 31511.30
83862; 60133; 2233.46
69731; 15397; 15625.49
75044; 29605; 16005.00
92457; 38940; 7236.47
89294; 61495; 48537.53
99676; 88005; 28550.37
12807; 39109; 21312.75
52684; 29400; 6175.55
11819; 72371; 28357.75
7463; 81847; 19659.16
12151; 62235; 24842.07
92471; 27088; 37982.66
64035; 83308; 9504.48
52815; 95491; 28352.20
74553; 90739; 49852.48
69714; 42275; 11736.91
35898; 66369; 15832.29
76499; 21743; 5182.76
55209; 65514; 17946.02
25967; 52039; 16898.51
86905; 13172; 38368.91
23184; 55838; 30619.16
58961; 91681; 6863.83
6882; 40603; 9584.10
49997; 30446; 37765.56
12247; 24728; 36848.87
32856; 91396; 46299.85
38707; 11800; 16835.20
15585; 49992; 22228.11
3981; 53499; 10054.98
71517; 37770; 9791.97
69585; 43902; 27214.40
82663; 28526; 34601.09
88590; 12410; 18518.64
87969; 79048; 1695.84
23324; 17878; 13842.68
92295; 90997; 13199.71
61943; 95820; 47231.41
9729; 60940; 32848.83
87898; 96520; 17691.07
15141; 12500; 14271.03
86119; 60662; 11174.02
50899; 76655; 48818.90
14055; 51347; 23975.44
79263; 79672; 3945.04
27066; 75621; 48322.96
74490; 12816; 1507.50
70391; 49967; 16345.27
52563; 30578; 427.80
90694; 56125; 17446.60
40626; 40959; 49797.72
66700; 46159; 40500.59
83023; 43774; 43873.20
4862; 82737; 47430.38
30567; 29884; 16760.20
52491; 96105; 6431.66
96668; 60096; 25796.25
89866; 90274; 43571.42
90983; 39809; 20575.33
76090; 30021; 21036.48
41944; 89346; 16128.88
72071; 27271; 9941.24
19163; 86156; 26838.37
27517; 28102; 15104.42
93423; 78656; 45432.92
57369; 29025; 32639.70
75035; 30715; 15533.56
74051; 79856; 47404.38
16517; 34134; 15538.68
20073; 13864; 38154.47
55269; 63903; 14819.08
98728; 93472; 46629.13
36887; 29917; 38844.95
14994; 27241; 8829.70
81213; 90864; 12976.56
75323; 90263; 11161.02
31432; 40266; 34212.58
48089; 20417; 34251.13
63469; 27575; 24867.39
80260; 71441; 35456.97
50015; 34114; 42532.54
65414; 72108; 6444.39
26330; 39658; 1127.59
2967; 45370; 47485.00
30170; 97993; 49406.29
27812; 18668; 8442.45
58577; 90879; 24242.12
43584; 69971; 44323.14
57040; 63066; 38698.84
80682; 59856; 35870.15
52662; 90151; 46926.53
75964; 87831; 26576.05
85068; 15047; 25792.78
60193; 69886; 41264.01
6559; 42207; 25694.48
52853; 15144; 27663.90
68649; 92660; 48110.91
25884; 48165; 21697.47
40918; 47475; 22798.03
56372; 48590; 30463.28
8149; 77760; 45135.62
61762; 94685; 22310.75
95718; 75622; 5215.17
77735; 81618; 6332.99
55206; 52396; 22269.74
24445; 69464; 29310.93
94406; 36467; 44068.70
12820; 42778; 15865.78
86010; 31495; 35777.92
17193; 21952; 5265.33
59903; 93109; 17828.64
69657; 60343; 36207.13
68065; 90225; 47462.57
50634; 82134; 18720.65
23398; 53934; 28057.32
87445; 29672; 7687.27
19953; 33444; 38342.42
7725; 64995; 15057.14
96703; 68491; 14083.42
24684; 25408; 44876.37
27588; 10463; 30939.30
34175; 11600; 22661.45
66358; 81237; 40276.46
80689; 74679; 11512.86
78183; 96438; 23523.46
54759; 67917; 3509.95
79656; 10861; 11858.02
72741; 46452; 30798.18
74079; 37215; 1970.40
20432; 17217; 32490.48
5813; 29054; 42618.38
88424; 85771; 41819.73
40117; 53399; 45979.43
7426; 24272; 20556.32
24363; 31146; 33440.57
81096; 96628; 34421.44
78983; 85010; 39259.03
24254; 69682; 37341.41
48210; 14697; 4202.88
40229; 52312; 18112.76
50668; 18869; 37801.32
73151; 18509; 14288.05
18635; 25993; 34578.28
36968; 53150; 26116.16
69766; 37504; 34639.39
81223; 17626; 5019.76
96646; 92441; 26211.80
12491; 73394; 36065.74
80269; 47642; 21066.21
42482; 44034; 26032.26
82689; 56380; 46318.82
81516; 83745; 24568.04
96575; 92818; 24635.93
24580; 89876; 11252.44
39074; 35369; -420.16
4143; 70933; 31085.77
16456; 37175; 39878.00
55346; 64269; 1797.36
46829; 83454; 40205.20
28831; 11480; 31851.22
91441; 46913; 12348.08
9891; 50340; 14664.34
73088; 52457; 38235.15
15920; 99893; 16330.79
52910; 84569; 30607.66
4816; 33020; 9297.79
45294; 98142; 23694.97
63193; 14660; 32105.44
64110; 30366; 31173.62
71381; 53923; 22854.74
55257; 17342; 41672.84
40235; 84048; 36110.69
42353; 82768; 26562.22
28297; 85680; 34117.41
47346; 18678; 48465.47
37760; 14085; 16627.20
50183; 92118; 26480.80
22753; 84839; 30087.30
25560; 88012; 5400.65
99505; 50407; 35115.94
42222; 14145; 13210.62
12376; 75149; 43790.96
49704; 69232; 41387.60
40666; 38329; 26017.57
23939; 24710; 18397.89
5901; 36489; 45624.37
59166; 76321; 759.21
64263; 75543; 7280.93
45579; 73369; 36488.27
69632; 50679; 38664.43
19781; 22878; 41018.00
68652; 98698; 49632.38
27894; 14791; 22698.10
94543; 78464; 5349.72
41760; 15771; 34196.14
78894; 21413; 16331.13
7047; 23513; 25789.17
87374; 50957; 635.25
41913; 93735; 44552.85
43058; 36287; 9223.55
37261; 79766; 15617.06
58817; 97965; 5441.37
20571; 30643; 13318.66
2999; 91650; 27761.10
14418; 37076; 26897.70
73006; 51744; 13188.13
93321; 47128; 28491.19
23449; 19337; 15224.57
45399; 80854; 21904.21
18049; 13800; 23272.15
89538; 16613; 4849.31
8051; 21287; 21036.52
24459; 88134; 44509.43
83505; 68436; 30623.92
41952; 53559; 40780.82
94441; 97932; 40369.64
11295; 71039; 28173.36
13178; 71377; 4411.78
41683; 99715; 32043.14
62000; 71675; 11200.56
30333; 28837; 42985.36
81863; 43823; 45599.51
52390; 34032; 34830.54
88186; 53296; 39333.32
43567; 69412; 24119.09
9567; 72303; 5200.80
63737; 70455; 42211.20
37996; 55693; 30024.23
17697; 76577; 4698.08
94621; 24022; 15956.42
86124; 19296; 39517.76
70828; 70420; 19741.23
55190; 41270; 30854.18
72820; 30843; 48681.53
51307; 18658; 16706.06
91971; 87459; 21273.00
58062; 84345; 39260.00
72372; 40953; 8240.82
88766; 20209; 36838.04
94311; 85260; 41755.78
15984; 87616; 29601.81
43647; 82756; 4431.52
59355; 33091; 15055.80
54188; 19123; 29712.09
90850; 88172; 38452.84
50664; 52914; 24461.90
87529; 18058; 4071.92
19208; 86122; 45114.43
84379; 10024; 37732.42
87623; 29558; 22375.21
39207; 61115; 30586.39
59610; 35646; 9885.91
42497; 49286; 28298.96
90071; 49917; 45884.33
57980; 55123; 49509.61
77379; 11064; 30380.28
67902; 62978; 42305.66
39559; 18180; 18145.76
72943; 16963; -457.41
74404; 57086; 5039.77
37989; 14087; 11379.68
93041; 87353; 19410.55
42697; 60173; 20004.65
58041; 81449; 10166.41
23729; 72242; 6522.98
73800; 60409; 42088.05
48223; 64687; 7290.50
88826; 26455; 6281.01
10403; 94985; 293.24
95547; 73792; 32725.30
18796; 21097; 6429.62
55507; 69772; 44625.91
92146; 89223; 46480.71
82690; 33566; 22446.92
56590; 82358; 40913.61
51425; 56570; 10899.92
56675; 89242; -124.79
66294; 41031; 35462.56
36291; 63849; 46291.50
76543; 58099; 1189.82
5963; 84468; 23905.04
49310; 24832; 28803.57
91504; 20494; 6675.42
96852; 78997; 49170.74
99380; 46624; 22979.28
11254; 78597; 44440.73
12592; 42142; 23358.80
98214; 96997; 48000.76
11234; 99662; 31501.23
76973; 50959; 30458.48
46029; 80127; 38815.62
62455; 69511; 25389.49
62503; 85230; 36557.63
56183; 56257; 48009.36
39616; 47907; 7959.16
92101; 88333; 37345.98
96285; 83886; 12652.38
83483; 72018; 28696.12
76085; 16765; 32644.15
39240; 91830; 878.55
64538; 20814; 5904.48
11074; 46418; 12228.57
81713; 46827; 13398.46
34679; 11861; 36942.17
80144; 32886; 45461.64
97857; 29809; 32787.36
49466; 32989; 12693.26
92851; 40958; 23988.38
70125; 14337; 16813.82
12062; 29014; 29574.98
21204; 75004; 37514.45
55125; 60222; 11516.35
58695; 93568; 7947.80
76727; 55229; 2243.45
35654; 25203; 2152.42
61819; 62264; 23549.71
63425; 79798; 11299.90
90589; 61127; 23466.77
20025; 79526; 43449.03
2554; 47852; 46324.74
59827; 60070; 33763.92
70501; 99505; 47771.47
13761; 79637; 31689.92
57595; 90017; 45861.12
36728; 53904; 13151.47
13881; 43468; 32544.34
52269; 70438; 38544.13
99184; 41692; 36582.83
78165; 35549; 25757.59
89829; 33582; 15320.13
2386; 98185; -71.95
9906; 11567; 20268.06
69847; 23619; 34117.73
47073; 38759; 36125.16
34016; 35307; 1219.11
82185; 22050; 2372.54
78874; 96062; 44645.33
29419; 88562; 31723.19
93808; 25725; 3862.51
80257; 27027; 18485.90
85922; 84195; 40061.60
25217; 24528; 34630.51
34205; 48609; 23081.26
10924; 93726; 22398.91
37226; 65965; 34457.19
88500; 52389; 12495.50
10698; 46344; 38743.85
51174; 60933; 16299.06
8872; 43847; 47758.09
35690; 33321; 21749.03
65450; 36302; 30320.25
24388; 94604; 24348.89
19857; 80861; 38319.72
29624; 90473; 31988.58
58878; 43947; 4716.00
10557; 19229; 28352.90
33846; 68442; 447.62
66234; 29510; 32469.70
1113; 14959; 33062.59
35922; 29871; 34852.79
52292; 85319; -312.96
93747; 74314; 23646.04
53941; 19188; 26776.50
1433; 60387; 47684.84
64185; 25886; 28145.82
48044; 53704; 33932.70
53509; 17234; 31429.76
85813; 21883; 17950.45
45572; 20545; 41979.67
39005; 94907; 9757.58
73676; 15155; 48359.40
87603; 35035; 14592.95
52131; 23994; 31346.16
48089; 73766; 3785.56
83941; 67407; 36633.87
19342; 14679; 9251.18
95337; 87718; 11543.50
51956; 18256; 39533.33
85332; 50334; 24734.05
59891; 12151; 1370.66
8347; 54265; 39282.82
6611; 63150; 5468.45
86701; 97466; 25917.54
89877; 80328; 7022.16
76936; 40537; 46203.20
5833; 28558; 24189.18
3498; 71763; 45312.53
82051; 16003; 11755.47
86037; 27109; 225.44
83924; 16548; 45185.45
13752; 69793; 30366.91
78469; 18383; 40798.91
14937; 24965; 24605.75
81691; 38910; 2687.06
27560; 65864; 16535.83
97721; 98918; 19801.43
16833; 99664; 28586.33
19000; 52151; 41739.57
28948; 15975; 29450.81
44975; 18286; 5597.65
19512; 64415; 7986.57
49487; 82536; 7832.81
32934; 86282; 1555.29
14102; 92863; 30428.30
21677; 12048; 43921.16
11580; 10832; -135.19
12683; 95426; 29483.39
38189; 64555; 34521.93
63391; 26632; 9911.09
84863; 45513; 25915.89
55005; 41359; 46873.53
81024; 14931; 29611.73
95004; 75521; 30408.52
12537; 92207; 41237.42
40478; 55593; 20648.69
74100; 40885; 9191.09
70494; 22541; 30755.51
71742; 76524; 10573.44
83111; 96419; 10009.49
7955; 35391; 5190.30
20558; 99816; 42110.98
63182; 75210; 8404.35
88836; 15651; 2228.39
48735; 47363; 10084.28
33949; 53816; 30649.38
60394; 15677; 4773.27
7875; 80432; 8382.32
4809; 73577; 25502.64
10287; 40841; 35930.86
78687; 85990; 15961.60
27050; 98716; 44867.82
31154; 24435; 15969.68
13853; 41079; 36756.27
27208; 59221; 44513.94
10637; 71733; 29047.16
8122; 67129; 6819.53
80879; 69636; 8492.07
49953; 27878; 22615.88
26448; 92840; 17608.80
36349; 36504; 16462.51
5206; 84536; 2512.41
18891; 24563; 42508.39
61106; 64817; 8145.67
46033; 38816; 44263.65
80119; 30550; 39372.12
84623; 90154; 45231.69
76775; 82450; 42677.70
12334; 63961; 42777.18
65122; 38369; 29374.83
61655; 46591; 232.44
57113; 42329; 12015.49
57917; 85951; 10731.53
78564; 29525; 45644.61
1665; 64758; 48999.29
6250; 71689; 36540.55
67088; 14406; 20997.73
52684; 72818; 40390.68
92311; 22844; 22348.29
32524; 20890; 27703.59
2628; 63296; 47471.66
18394; 56976; 14437.42
85887; 21892; 304.47
88691; 49955; 7671.04
61199; 84760; 37237.98
4199; 69616; 22919.91
19169; 63131; 8839.76
49551; 92157; 22946.94
84021; 10178; 42949.32
10266; 60446; 44618.44
44634; 79588; 1152.07
56823; 45361; 34751.78
81281; 81098; 28549.08
28151; 99740; 3588.43
45000; 17184; 25494.19
89428; 57708; 44342.88
15544; 60194; 17962.34
82151; 15357; 17961.34
23972; 94957; 27718.92
9782; 83499; 35321.53
27832; 28141; 49053.21
32278; 80730; 5234.66
63717; 86037; 43492.13
93123; 37498; 37535.26
30548; 52003; 17311.94
36043; 76003; 33851.45
37325; 17138; 2700.14
46249; 69298; 24054.46
70033; 26083; 23243.27
70717; 98907; 41181.64
39307; 69241; 30858.04
89251; 18601; 9011.86
61014; 21443; 3548.61
24437; 47797; 47891.95
11085; 24334; 7820.69
15683; 29392; 24564.60
27772; 78247; 47581.29
3974; 48426; 20535.10
90443; 80966; 46551.93
63115; 55442; 20716.56
97693; 94500; 584.86
25780; 18250; 612.85
31451; 78107; 32055.94
54961; 85851; 16811.02
85679; 52769; 24050.49
88274; 79489; 42016.35
59360; 70031; 14856.16
18295; 50172; 8172.72
35079; 39724; 23954.28
38767; 16202; 6991.09
38274; 69759; 47788.80
82085; 31075; 35446.51
38387; 33891; 48646.91
93813; 97340; 39620.09
22135; 41182; 5404.33
42500; 85304; 5886.91
35132; 58453; 8817.08
74726; 14546; 33110.44
46068; 29391; 18332.20
71761; 31311; 26448.97
16923; 13266; 19930.40
66459; 29055; 47363.35
42971; 30454; -283.14
97796; 81584; 48767.85
44421; 94835; 35125.29
63116; 47988; 48465.08
99849; 85199; 33177.83
75086; 67947; 16603.56
15721; 72781; 44958.81
19274; 98867; 27323.48
41380; 13250; 19782.31
29883; 68454; 17548.37
43777; 17213; 30211.64
26578; 86471; 26084.91
37428; 35652; 638.71
71570; 68387; 33691.70
12452; 77081; 19418.39
65286; 51649; 29960.18
68050; 17346; 45376.57
48325; 62108; 6971.27
57051; 58448; 18998.69
2597; 47309; 16918.47
41381; 68402; 43652.24
12481; 38271; 36256.59
59224; 64474; 40086.12
38831; 31468; 40186.48
56552; 64289; 6548.17
77962; 88372; 3846.94
28234; 49745; 23467.96
69852; 53963; 2838.85
78421; 59253; 3966.64
54668; 93729; 45677.73
55331; 32923; 27568.60
94093; 84437; 37639.81
18947; 36117; 8893.32
51039; 47940; 27470.28
6535; 49582; 41646.55
40834; 74762; 27743.69
61745; 39428; 855.42
1320; 30188; 12765.19
84958; 93435; 23363.33
86696; 97282; 44580.67
55677; 33510; 24340.27
91156; 94513; 11859.89
16644; 46335; 24399.04
9745; 88497; 37151.06
77161; 72978; 28061.52
34804; 92312; 34138.60
91996; 25674; 18346.71
97070; 85400; 386.03
35018; 31344; 28873.55
20154; 51901; 22782.72
91869; 27759; 17547.97
7932; 45739; 17738.75
84394; 56659; 1960.10
39228; 79417; 31766.80
11069; 77353; 9287.65
83317; 34018; 38116.81
79480; 31906; 26957.47
42446; 99780; 39893.80
36580; 99842; 34747.36
48516; 22561; 26488.23
47088; 28837; 151.33
68917; 46885; 18337.22
64556; 64000; 16685.81
22368; 23424; 10502.75
66979; 38981; 41494.46
74224; 90403; 34327.47
69898; 79742; 35483.63
93047; 24937; 20575.99
11013; 25278; 40851.66
3277; 72851; 17084.60
91577; 57522; 6520.21
58925; 88335; 25917.62
45832; 32571; 35349.69
4769; 25544; 10729.07
91995; 28659; 34246.38
41295; 26429; 10096.97
11302; 65680; 34386.32
15643; 20188; 449.72
64472; 66524; 1647.11
15131; 14298; 39549.29
68302; 87748; 2492.89
16587; 43162; 1685.72
40537; 97501; 18.76
13648; 26225; 45964.95
27922; 87018; 45009.33
25219; 97896; 17252.45
12898; 29078; 42216.01
37356; 85989; 17065.75
22044; 75619; 38930.51
81341; 41696; 24997.92
9957; 22989; 40889.12
2832; 79315; 10458.40
26106; 46943; 8174.56
99830; 80402; -281.39
96072; 22934; 46173.72
67085; 72221; 18006.38
78251; 34264; 21703.12
15067; 33704; 41654.48
50756; 65586; 10320.84
30825; 63422; 5198.70
42193; 26202; 23028.04
69121; 27814; 24538.71
48349; 47784; 27635.17
6322; 20780; 16069.83
16167; 60434; 13822.38
79694; 50895; 34195.85
59190; 39605; 27472.75
39088; 66093; 9033.64
10123; 72347; 46923.64
49161; 33500; 145.69
89363; 74441; 33440.82
52952; 67417; 25894.45
89672; 21141; 5520.50
52748; 62510; 34599.37
14332; 32114; 2767.88
27094; 54385; 9613.31
53990; 26090; 11259.92
56666; 75419; 13565.18
94519; 86273; 29479.32
85388; 62459; 17482.91
88382; 89058; 47482.01
64508; 77032; 13583.98
60589; 24160; 5670.60
65138; 75178; 11156.50
18643; 13895; 4529.97
7927; 18942; 24655.81
4506; 33474; 18822.97
90024; 52854; 7213.20
82522; 91688; 4364.85
11029; 96649; 37456.29
65512; 71082; 9697.55
87781; 75260; 24257.64
35296; 81098; 16852.59
71848; 81646; 392.35
5141; 66414; 43946.35
16615; 60283; 22230.83
50327; 68006; 22712.64
5306; 33182; 27611.66
40720; 31514; 24319.72
18627; 50954; 35644.02
64891; 24336; 28227.19
65297; 96517; 27466.09
71699; 85000; 23225.83
74695; 30487; 25087.59
52299; 44523; 24481.90
50518; 90863; 33662.63
38281; 52006; 2601.91
78393; 15913; 5974.00
49026; 55727; 40382.45
77541; 13525; 38142.30
82940; 54729; 18718.96
57118; 55238; 49593.25
54992; 56041; 2350.69
33011; 42455; 11348.42
41907; 87664; 3789.56
91176; 18585; 43381.47
16003; 54249; 8073.85
71571; 52744; 1387.57
87214; 65374; 28186.49
56203; 44946; 530.31
62564; 87068; 622.94
42486; 59510; 28302.85
43260; 85043; 4435.15
65010; 23114; 34388.63
27988; 54035; 24584.94
88475; 54504; 7914.67
40258; 57622; 48456.10
27444; 75136; 31589.93
10872; 80232; 10311.05
35754; 16230; 14514.67
76172; 62694; 40132.45
82863; 22053; 35744.20
76784; 22416; 29389.17
36830; 18817; 28104.63
70607; 72294; 21068.85
46523; 20048; 32402.61
40563; 76144; 40108.40
57742; 96960; 26767.35
27224; 64304; 19816.20
82915; 77550; 22388.04
72770; 33671; 43985.28
83292; 77662; 43066.85
76608; 75431; 10254.12
98282; 71249; 13030.77
84614; 79824; 40351.14
57849; 84202; 36194.06
8848; 78454; 9632.73
61619; 29365; 11638.88
98836; 99824; 38159.27
58067; 63773; 15591.99
9444; 93090; 9779.68
55059; 44987; 41097.39
85678; 31048; 12450.56
79804; 40950; 19996.23
15884; 29655; 9191.76
33189; 50703; 22940.06
74377; 67164; 20811.97
5850; 36475; 7547.60
18882; 13819; 12549.04
37408; 96333; 27310.66
85448; 15535; 48171.24
64680; 12609; 2294.03
12000; 51144; 29880.79
9333; 63347; 44787.05
89037; 96170; 44228.83
53021; 28423; 11420.08
75838; 75568; 46613.24
69414; 97060; 41363.57
69846; 43004; 24570.78
12829; 41205; 29790.98
42079; 53160; 41532.88
97631; 61111; 40195.00
98512; 40924; 46742.75
29574; 28910; 4894.11
29063; 45985; 21693.51
34332; 87264; 2324.23
70922; 59113; 34830.70
15806; 51482; 27060.12
63240; 99487; 11940.51
37403; 28993; 17831.40
94804; 58200; 40978.95
3762; 94593; 48323.66
80405; 14562; 41994.38
87798; 17166; 34379.46
89027; 41414; 12275.64
51422; 50536; 31766.93
92831; 57560; 45109.43
90816; 25997; 26512.99
31983; 67986; 19117.79
52508; 43493; 14694.85
31862; 48983; 10124.52
22001; 67520; 31383.31
85466; 63253; 39360.53
36918; 20498; 41071.49
65447; 71746; 36715.57
44610; 65360; 43776.44
14159; 31016; 34773.35
67366; 18698; 17268.75
79920; 81791; 36758.17
60409; 13584; 37979.76
85066; 94094; 8778.85
59117; 94030; 6372.66
53515; 36224; 31228.96
42120; 85472; 3652.72
21686; 42716; 25576.48
86089; 27051; 42271.50
90883; 63780; 39528.44
42864; 69177; 23657.46
97360; 27499; 12664.33
91107; 87728; 41251.81
37935; 36039; 3762.15
49182; 33840; 19371.46
50456; 84762; 10836.60
4010; 83207; 32178.89
83133; 39977; 45295.66
61610; 35987; 12720.05
23119; 16525; 19752.26
57217; 88694; 12637.97
12673; 58224; 8091.21
75349; 25381; 212.80
69922; 67037; 38554.65
60468; 98291; 24454.53
30423; 36626; 9122.48
35891; 47743; 37195.37
51079; 27065; 21281.08
28080; 88654; 10386.11
38089; 98760; 9062.84
24641; 63546; 39519.41
4771; 48036; 48794.47
31865; 90960; 22274.32
33547; 58449; 28936.61
85834; 70052; 3829.80
62457; 27459; 43507.90
91835; 62108; 34186.05
94498; 60265; 35276.88
97482; 88275; 12439.39
13488; 83007; 2466.99
44628; 40781; 23282.09
47439; 89478; 46935.76
79411; 15965; -229.27
67131; 91219; 18737.35
52733; 97983; 18230.51
74342; 15390; 28814.59
35116; 32264; 24939.21
45456; 71352; 6161.94
42591; 79523; 21362.95
35131; 25314; 15320.12
17760; 75432; 43519.82
37831; 57263; 46274.97
38083; 44500; 30453.04
35571; 77760; 15307.02
22624; 51358; 36711.90
65392; 29826; 27561.57
87169; 93447; 39810.12
7975; 34762; 7005.35
31128; 34004; 1311.04
35108; 31437; 35151.12
58203; 25207; 49757.69
65868; 15346; 21796.74
93933; 83512; 24002.58
65616; 24744; 42214.84
20405; 26207; 17155.02
27703; 47239; 8623.08
23058; 76681; 41039.87
74825; 96918; 29076.71
77486; 10540; 26063.78
75814; 33667; 20529.16
11070; 42264; 38296.80
89723; 22360; 44312.07
4402; 47261; 33906.27
90212; 25989; 19405.58
78376; 23902; 41767.35
21155; 13784; 3593.69
93760; 96447; 23732.68
83359; 45300; 29507.32
1760; 53178; 48473.41
87005; 91574; 47520.25
43587; 84600; 6030.67
7380; 94363; 13789.18
8279; 19269; 27131.39
79943; 59989; 4173.83
34444; 33332; 11624.05
53286; 21690; 535.86
28292; 31356; 19119.40
53742; 47347; 32181.98
86729; 30202; 5590.40
65336; 66670; 36662.41
41645; 99779; 29977.44
48060; 97231; 4353.63
49163; 77194; 9593.50
59385; 60867; 23560.20
74801; 88687; 20865.06
56382; 58265; 30500.32
57899; 92665; 21013.86
6300; 77284; 16758.11
61755; 98662; 10823.63
90946; 30325; 46498.71
70111; 92517; 32184.88
12006; 48103; 23145.07
11378; 72601; 14669.86
17749; 99694; 45096.63
33591; 78562; 21100.46
75519; 16255; 27325.21
6910; 77294; 4935.42
56694; 64135; 4271.46
87619; 84511; 40547.65
47590; 43405; 29071.18
66987; 12132; 5253.74
87714; 70670; 8567.39
24882; 61505; 1785.57
55558; 49013; 15354.29
95908; 69637; 37746.39
59975; 91764; 40295.62
45739; 34535; 10158.95
11252; 89174; 12595.54
89265; 23936; 21406.85
3348; 10766; 19444.16
2743; 32509; 32617.95
61314; 63096; 43373.42
98549; 88890; 36158.53
40688; 91067; 40563.19
81837; 57281; 34378.45
91478; 98487; 19447.36
40669; 21486; 5817.02
2818; 35008; 5151.58
3082; 34670; 42880.11
28424; 73060; 32255.47
86162; 41690; 21507.32
83058; 80593; 9141.18
40441; 70742; 6982.37
56296; 12859; 5381.17
20978; 68361; 48175.28
62799; 12572; 42919.72
77706; 41801; 9667.59
75636; 61345; 2071.57
2032; 23456; 31335.70
94466; 66595; 48964.09
65972; 85846; 29589.90
73653; 48112; 1369.37
53386; 73714; 25424.46
95976; 90149; 46731.69
64950; 40396; 35571.66
70246; 12492; 20811.23
42399; 82516; 2707.28
85974; 64675; 44401.60
16327; 74852; 30946.18
85696; 55451; 22140.43
58177; 12727; 7647.34
96185; 35192; 23196.64
58424; 40422; 25135.62
78025; 99780; 16627.23
79918; 96108; 23157.60
39455; 61166; 47970.07
89225; 95524; 36596.52
62908; 31237; 30903.04
38022; 21297; 33186.35
17920; 32713; 9573.95
80396; 74511; 4595.64
55523; 74713; 14834.42
28450; 82984; 1875.99
3376; 57026; 43985.76
47798; 98726; 7509.58
66991; 14190; 40244.18
45267; 66442; 5255.45
30712; 25818; 27880.06
64748; 43793; 49679.97
47562; 16117; 38389.79
74010; 45060; 44764.04
91457; 77552; 30016.62
14650; 16608; 46294.92
58386; 69917; 48113.68
15539; 23879; 38973.45
80908; 23352; 41092.32
6501; 76493; 4823.26
83565; 25474; 43478.91
48400; 30582; 36281.64
93820; 67870; 37979.22
66325; 23014; 7291.93
48675; 53857; 40867.62
17119; 36462; 21674.98
55493; 10863; 11888.46
63084; 54737; 13981.29
23447; 21171; 12933.79
94742; 64396; 17712.49
88162; 42171; 7156.37
99763; 79422; 20796.97
30908; 28087; 39989.32
55186; 63648; 44852.30
68653; 99417; 17769.61
4901; 68009; 6852.01
2303; 77809; 47153.96
12112; 54342; 15397.63
22538; 66894; 2604.15
5861; 96530; 46087.20
20785; 85308; 2419.40
83786; 96554; 43728.57
39761; 64959; 19801.14
90243; 82562; 43614.09
95575; 51116; 45416.16
2035; 46671; 44960.53
81006; 29249; 34864.90
59482; 94394; 9859.25
72358; 91836; 39311.25
86463; 67952; 34722.28
86033; 63019; 38657.72
40522; 21046; 1366.99
44842; 61117; 36117.48
98000; 26515; 25783.72
71882; 47214; 10293.59
68065; 82323; 15268.75
45657; 93320; 7581.38
4655; 80770; 29421.43
32632; 49838; 36188.72
67227; 24475; 36465.30
49887; 44046; 31162.97
47461; 26228; 1910.51
86322; 26351; 22161.21
76030; 10683; 22383.93
31945; 86230; 28062.66
83279; 97231; 26431.08
79059; 40649; 17192.03
38294; 97414; 39131.86
94697; 85073; 33457.91
94631; 59501; 25743.17
33457; 23792; 16056.27
77332; 35238; 41053.56
48352; 69547; 4448.39
94276; 65796; 41336.10
11740; 22091; 2640.78
18047; 72423; 10346.61
11233; 58404; 33679.53
53789; 87101; 27727.91
52744; 44562; 29007.34
84422; 65498; 49823.84
91310; 74165; 36451.71
55646; 31344; 6789.48
17662; 73539; 35413.10
17958; 77264; 43095.22
16474; 37871; 22499.33
5273; 30557; 47175.51
49409; 25566; 29880.81
54558; 24461; 5603.75
75942; 47957; 1534.25
21093; 25432; 18259.10
50081; 49748; 14346.06
4667; 28726; 6678.06
78283; 65280; 1956.88
40998; 47156; 10386.86
97948; 74067; -394.67
72766; 55698; 2912.01
6856; 64732; 23799.41
41593; 84155; 22344.91
45279; 59454; 23498.99
95376; 89391; 6206.89
19156; 76160; 31641.24
59973; 97453; 22178.27
96402; 52626; 4010.41
82889; 97097; 30991.27
51755; 40516; 44962.34
45433; 80909; 1813.90
88876; 68077; 36663.60
85661; 21603; 43230.66
93695; 13251; 28385.74
93720; 50481; 27832.74
17224; 94399; 27747.32
26221; 91094; 26862.63
7930; 84743; 25848.57
99377; 72368; 24883.26
3446; 25765; 32741.85
70711; 33559; 48100.03
37039; 36975; 11886.98
93486; 85963; 21933.59
70932; 89541; 15681.77
78187; 15896; 24319.39
4049; 54558; 21569.38
55386; 13153; 42912.24
42599; 60070; 12487.48
16026; 23019; 26859.85
38401; 28878; 8724.78
12747; 30214; 14993.11
54382; 98946; 8044.15
81540; 52636; 8663.62
94493; 17667; 14550.23
13942; 51948; 6694.26
43495; 43807; 18463.41
16855; 16799; 9729.25
99583; 88250; 29094.47
65615; 76666; 37495.69
51469; 25083; 13099.02
42724; 70925; 27432.61
9579; 73461; 959.78
84039; 40636; 45643.62
3440; 45279; 27480.80
77830; 98486; 4626.23
73706; 95400; 39153.32
40926; 84481; 20040.67
11998; 93335; 24771.83
19660; 58929; 26792.21
23044; 42133; 26645.55
56542; 82764; 22312.97
1131; 70902; 48036.28
82360; 47912; 32479.47
22939; 10071; 2538.84
64201; 45822; 29692.32
90128; 59827; 49961.71
83864; 37886; 29050.54
67889; 46872; 1796.98
97886; 80004; 27935.62
40405; 21759; 19462.90
17118; 28304; 36116.23
37629; 66618; 10147.93
67167; 51720; 44138.55
45909; 93252; 12698.71
99657; 69338; 13287.16
87805; 52157; 16752.31
61266; 88579; 16087.09
91681; 27527; 32145.39
1268; 89794; 23564.71
2255; 98172; 8263.57
73848; 74091; 38004.49
71533; 20636; 39258.91
86078; 95362; 3414.92
5056; 98029; 21981.43
17176; 56267; 48587.97
50332; 88815; 17577.27
24224; 11105; 5800.58
49559; 35295; 21951.17
30035; 12592; 37800.26
90201; 56900; 9171.34
81405; 91951; 14810.52
95084; 38986; 11330.03
65724; 57579; 1358.20
65597; 89433; 10058.86
26701; 93681; 19502.35
37352; 84593; 24766.44
23344; 82323; 9285.40
97837; 84148; 33444.87
80032; 84074; 8364.21
78091; 26809; 37171.66
17702; 44029; 46644.95
30879; 78561; 36309.39
36956; 35146; 42307.19
4030; 98832; 26413.55
34150; 99218; 27785.86
60497; 10256; 46863.46
85012; 98224; 47125.25
7797; 52336; 21343.68
54330; 45918; 5646.74
68933; 71156; 24526.52
68797; 15697; 44132.02
30431; 16155; 13535.62
56058; 79784; 22167.51
1676; 61361; 9327.71
11722; 84949; 40287.48
97658; 39573; 48893.83
56550; 19757; 45808.26
26805; 31558; 16125.84
9237; 92050; 31077.38
4653; 72910; 21313.42
4148; 87664; 39759.66
44817; 42821; 11981.26
63072; 41242; 47919.53
8134; 53724; 25743.59
32030; 19556; 38675.35
82207; 67478; 38086.98
82965; 68517; 28736.19
12211; 17954; 45794.08
50465; 51062; 44449.23
91880; 18523; 39023.64
9126; 67923; 2266.84
81050; 92075; 21307.87
14346; 98809; 2317.39
7842; 48655; 42421.43
53649; 22560; 30673.75
54884; 40554; 43161.43
87471; 91789; 35.63
51321; 70844; 39655.82
82292; 91163; 4614.54
86317; 98575; 39037.92
60516; 77792; 16073.78
26228; 24156; 4685.83
79010; 18853; 29440.77
26377; 85132; 5862.07
67702; 43591; 17447.26
64097; 91376; 21953.53
32870; 28045; 39749.79
8928; 26735; 15239.18
58127; 77256; 47966.94
99877; 56890; 15215.01
71928; 29087; 6944.16
41458; 89079; 16816.47
49343; 11059; 25642.87
87203; 98906; 6802.32
32114; 76467; 40868.78
74328; 17157; 20814.09
26612; 36263; 31848.02
27379; 18965; 16748.37
88537; 72354; 34586.47
62263; 88612; 34466.90
76813; 84199; 48134.78
81753; 49273; 20644.11
22270; 23742; 22442.26
6530; 75002; 10580.00
1484; 93724; 10762.77
31182; 71149; 31007.96
32328; 73012; 36596.60
44452; 59271; 9868.48
25149; 10881; 17822.27
10664; 56908; 1015.89
16098; 28664; 14174.10
26480; 92750; 29077.16
48174; 15754; 48753.12
27099; 35929; 13847.09
29697; 44340; 35801.25
45540; 82680; 11921.20
26688; 12817; 8391.91
35313; 23263; 560.18
89795; 27988; 18635.60
15544; 54352; 46773.76
40986; 69795; 11627.57
49804; 96626; 8153.67
70065; 91684; 44024.02
94184; 18569; 5483.91
18143; 34856; 9179.91
50570; 59054; 15556.56
57300; 93380; 11849.76
7054; 90744; 29159.96
71184; 48559; 39374.18
43949; 42397; 2189.58
37709; 26575; 42500.88
77556; 74092; 10066.50
11670; 71691; 39445.36
81594; 18503; 7955.39
51871; 94550; 37432.38
50055; 75350; 25704.06
24461; 52182; 35480.59
69875; 73346; 35640.32
65853; 72096; 13050.94
53552; 93637; 46019.85
77543; 95162; 1348.53
29773; 36607; 22330.04
31721; 61891; 10538.98
56708; 59425; 28354.20
50034; 43361; 27302.87
18606; 21013; 14399.92
69002; 56081; 11123.97
6392; 70981; 25369.24
45089; 65850; 22283.14
57689; 63602; 18059.35
66213; 51552; 13287.48
4239; 33536; 21805.27
35815; 94587; 3332.37
11802; 48603; 42051.47
68212; 81650; 32004.55
37231; 39850; 4469.66
10351; 57216; 1433.21
27254; 53746; 9430.64
44154; 42771; 14787.14
90592; 45974; 9127.44
80171; 28070; 49919.46
99616; 81188; 45575.32
2118; 49252; 13733.19
46433; 62928; 47263.66
77015; 95892; 100.48
86733; 77193; 49458.37
20566; 62101; 10992.71
95809; 37508; 23459.13
68610; 86939; 39191.72
62438; 70476; 16703.31
12255; 51035; 42212.98
57202; 64747; 10084.03
59978; 83196; 1020.26
19212; 85695; 43624.39
41051; 11268; 24739.91
87356; 56486; 16661.02
55938; 65799; 34131.02
53870; 80464; 14631.68
77933; 13046; 28162.66
5221; 28236; 7261.41
44286; 84473; 31306.89
80036; 89670; 28480.88
52234; 59980; 9812.33
52201; 18350; 26491.77
25685; 72230; 4986.24
75647; 69183; 31769.67
40930; 22221; 8156.89
89458; 82470; 8470.62
91311; 89084; 24174.97
25470; 36083; 3009.30
51579; 47200; 9897.56
39155; 96451; 25981.98
60593; 17530; 18116.94
2447; 32521; 16001.99
54852; 61262; 7430.29
15515; 26926; 26590.88
63685; 19012; 19144.14
28063; 27030; 43457.68
41600; 66649; 40803.75
88135; 72230; 7518.45
76378; 50673; 29168.34
66860; 99762; 22677.30
27437; 10975; 49549.80
59422; 18384; 41141.42
80278; 42353; 26055.75
75609; 74350; 22740.33
76514; 15122; 36733.18
38737; 94711; 43990.20
60809; 55453; 34865.99
94277; 48987; 19250.06
23954; 64401; 12081.31
81967; 66633; 22620.32
87386; 34044; 34775.36
13521; 61583; 34781.56
6723; 41417; 44219.86
21700; 45884; 44069.07
71482; 48258; 33166.18
9748; 38476; 45391.19
54907; 82459; 5622.15
49330; 20031; 37647.54
67112; 52731; 20209.85
22605; 43130; 9972.29
6850; 70577; 849.25
84737; 98555; 37361.68
50958; 55043; 37170.85
26480; 61992; 1407.62
33847; 25031; 35309.53
18888; 52875; 33349.93
61849; 73538; 22798.53
11819; 81883; 32679.64
94530; 67373; 6582.92
37587; 31150; 8114.75
3367; 89559; 4576.01
39554; 26272; 26500.02
52229; 32079; 3418.06
2469; 98785; 13299.24
58757; 56935; 8485.98
94639; 14514; 44580.73
70769; 38333; 21823.94
7259; 93203; 40481.35
85018; 96840; 35678.73
14473; 61199; 34362.51
59194; 16870; 29709.37
7378; 59465; 38239.27
33728; 59105; 45392.20
27212; 21978; 309.94
4662; 11908; 16524.39
26185; 99123; 33281.95
29910; 22661; 39744.67
88046; 32004; 36062.58
6768; 64484; 25381.26
43879; 52294; 27883.73
25844; 91877; 9959.53
72002; 61781; 46915.62
16834; 40462; 10295.89
47737; 52384; 8267.89
53709; 95720; 15470.13
52011; 37887; 22668.18
9652; 96240; 40661.79
86189; 91777; 18133.49
9825; 38647; 20260.39
79494; 75480; 49146.68
14344; 80278; 39458.62
75606; 32473; 12222.98
13418; 88625; 15879.89
83689; 60930; 33733.98
91927; 27423; 16268.35
84277; 51676; 48890.09
88342; 73193; 2909.43
3313; 89761; 45561.21
59839; 60118; 25306.82
98231; 40464; 24922.71
93357; 11742; 11246.60
81786; 26260; 15096.86
97719; 66164; 37740.91
82233; 20405; 2526.11
50089; 75369; 14479.04
20879; 59250; 9821.46
5968; 41203; 46132.16
79390; 68160; 36832.41
44082; 27598; 13545.39
85358; 15191; 25804.08
55380; 94940; 40541.88
99376; 13105; 11065.01
97059; 53420; 16807.78
27976; 80688; 2230.74
88163; 42550; 39973.32
92262; 39156; 30207.19
51002; 78350; 15742.67
58981; 92546; -194.85
65440; 19173; 47659.89
7829; 93147; 49596.63
27767; 26457; 4133.85
78677; 81938; 41476.65
27787; 40973; 25124.94
56868; 71220; 15228.88
95591; 35891; 11868.71
24125; 89410; 12072.96
38401; 85552; 22137.70
84309; 36398; 13228.97
64068; 20487; 47526.17
48131; 62198; 18574.73
62697; 67852; 20846.21
80874; 66810; 37896.39
64176; 12596; 37977.43
57019; 20909; 37822.35
40351; 88011; 26628.48
73463; 33029; 12493.23
61771; 50088; 22406.96
50171; 83681; 30104.28
10429; 53677; 6401.15
62506; 35652; 7313.59
25854; 10547; 148.13
66627; 59054; 24318.41
55502; 61727; 48509.88
49908; 60336; 24222.33
85023; 87110; 3097.33
6089; 26315; 18933.71
75135; 31281; 9308.52
58186; 43457; 38449.15
99510; 55688; 25235.22
65044; 93228; 34268.71
92285; 17563; 32370.77
56579; 42347; 11738.82
5522; 57371; 31363.11
89660; 13703; 34722.31
85585; 29383; 12697.20
60699; 99268; 6942.05
33429; 88924; 28706.26
87848; 31158; 123.04
13098; 94462; 35436.28
51377; 62122; 35156.52
11531; 77965; 45452.43
56436; 31734; 41402.35
34144; 49612; 24782.66
70887; 96309; 44275.87
77818; 50367; 36563.64
99626; 21648; 5018.34
76053; 55140; 40618.52
36261; 37462; 46465.85
53162; 50383; -175.77
23072; 74451; -420.28
10154; 64767; 26010.58
86789; 47793; 36518.63
23365; 33121; 18419.90
93280; 27607; 9500.04
24853; 75878; 47398.41
60069; 84329; 40625.71
25331; 36337; 2478.59
24950; 35150; 12597.27
54581; 67767; 31155.29
82844; 24312; 43352.28
22774; 20460; 14302.84
50509; 26342; 13476.49
45846; 13888; 29075.14
63638; 73595; 33476.63
14213; 11246; 2583.35
99539; 10947; 33098.78
6486; 22693; 10158.95
1951; 59239; 29950.74
35843; 73691; 23398.21
45175; 89216; 21187.41
49599; 99372; 44452.69
42317; 41404; 47020.05
88173; 62228; 18611.00
8502; 56665; 43590.41
14130; 10404; 22574.42
92528; 62665; 36123.62
19201; 13365; 29896.41
70550; 46630; 47528.63
99492; 42576; 18105.71
82048; 99939; 32773.24
63285; 77490; 20362.89
25633; 10410; 49302.16
43229; 12179; 31505.75
6997; 52667; 33735.44
31612; 89529; 23969.08
97889; 90293; 39595.00
46656; 66087; 46923.78
63406; 96289; 42783.55
14166; 60444; 14340.08
26569; 28764; 43427.87
75959; 76143; 1103.16
66264; 21415; 14718.09
89219; 81925; 49354.59
62184; 32027; 44768.63
16162; 73198; 32963.43
32575; 41897; 10187.86
99730; 96474; 34845.40
14824; 67002; 49664.75
4830; 31002; 46414.68
43795; 60264; 38198.60
29885; 43767; 33129.60
88897; 26134; 33106.56
71063; 93040; 36133.43
12854; 53620; 43533.00
76493; 88732; 2765.68
45987; 59415; 45463.44
98382; 60023; 32522.94
74649; 67273; 40326.60
30301; 43959; 5342.34
12492; 24599; 4001.54
98069; 87620; 46829.14
98598; 25218; 28428.37
17700; 51074; 47680.47
76617; 10220; 15195.35
78340; 80202; 9087.81
51875; 65535; 15641.97
48844; 99037; 46663.22
17555; 78124; 33019.01
78434; 39116; 4882.59
2204; 80555; 42544.28
42409; 28966; 40715.47
39905; 38692; 24741.55
60740; 29323; 29874.00
20119; 97208; 42380.94
93139; 14501; 29743.46
41487; 75847; 49511.92
17182; 45841; 49840.85
93605; 85231; 23653.28
29272; 74883; 14220.50
50375; 17708; 49047.71
44665; 30014; 41308.18
28605; 39500; 34870.57
7889; 33464; 42767.33
96341; 61355; 14604.64
87409; 30865; 49548.69
72819; 61417; 16539.21
89853; 72052; 49510.87
52296; 61257; 3127.07
96257; 47098; 13759.39
26571; 81828; 19385.51
18157; 52391; 37489.46
77072; 17094; 42415.39
94007; 49855; 22605.39
22455; 85649; 6446.83
92220; 73234; 14199.62
19982; 37494; 10515.89
99091; 35644; 36633.60
2197; 57477; 36160.85
76455; 23362; 33755.05
20346; 59355; 47495.11
56982; 99056; 42003.83
8383; 22589; 17456.98
63111; 33544; 47225.69
16380; 77559; 32329.94
78777; 66861; 48471.21
83178; 62952; 11872.55
16571; 41569; 19530.56
40674; 88139; 47705.05
86563; 59200; 38680.42
88914; 96313; 4025.36
61774; 95237; 18796.10
83881; 95615; 21978.47
2520; 25728; 5389.70
16997; 74122; 31891.17
67813; 39482; 662.85
76101; 85055; 23714.67
91928; 22393; 39614.36
24736; 60326; 23951.67
85488; 66840; 14567.35
17414; 23033; 15924.06
94555; 80452; 8836.94
92847; 12588; 19386.73
71309; 79479; 24172.44
69013; 86640; 26718.58
86419; 26264; 37552.16
28192; 96321; 44828.92
24680; 88525; 34608.40
1697; 82708; 22085.26
42195; 26127; 1476.73
76377; 37030; 32458.35
12510; 83727; 12466.40
99706; 14588; 3772.82
17346; 76341; 14578.19
72359; 32492; 20864.09
87266; 10011; 12041.02
7051; 78084; 45183.29
39456; 96397; 26472.17
19331; 85637; 24267.36
42017; 78506; 45494.55
47152; 89452; 26679.58
28504; 22977; 32962.16
6863; 41077; 1355.06
19568; 49283; 42732.30
29208; 27590; 29908.29
29316; 87566; 17632.79
17841; 91567; 20811.76
73069; 43419; 12664.06
86166; 31406; 19703.00
11912; 43315; 33664.55
92031; 28775; 26563.17
10248; 92518; 36500.08
83984; 94616; 9227.68
49777; 83877; 32694.56
68033; 89291; 7784.18
21118; 51465; 49618.67
57836; 59668; 808.45
80116; 42440; 3414.99
17334; 79660; 5054.50
72875; 63317; 2830.95
84909; 21662; 17822.38
44714; 45815; 6889.65
30591; 45867; -1.90
50434; 39127; 18620.93
14762; 26187; 8374.43
96463; 50180; 29235.77
65175; 22522; 26212.49
92810; 84993; 43202.62
73291; 45527; 30177.08
7286; 32380; 15558.82
99549; 61060; 8623.96
98163; 98842; 48384.01
70688; 82308; 29528.16
53776; 72503; 29411.66
34955; 11244; 34176.25
94483; 30380; 32706.93
19700; 59650; 28161.82
36044; 16929; 45881.30
84780; 58516; 35228.87
33651; 98895; 30239.50
93639; 70003; 8746.78
47399; 71428; 24862.58
37152; 66068; 25790.03
95170; 39984; 14911.97
12395; 50063; 20029.00
41991; 21814; 31551.17
11052; 41462; 47215.78
22641; 85407; 2399.28
98440; 47467; 27485.07
65598; 11401; 48089.40
56572; 98740; 25188.46
96787; 27881; 23722.63
68503; 99800; 49896.70
70783; 26343; 19976.31
81777; 34927; 45499.76
98768; 10955; 35565.08
93090; 80035; 37358.23
33011; 96661; 47518.85
70220; 99663; 30264.28
80609; 68805; 48214.69
89410; 78618; 45141.83
23913; 19846; 18036.07
18474; 77329; 17341.22
7672; 65407; 24523.15
23345; 58927; 48471.28
45296; 99006; 12113.14
71663; 25448; 14148.27
64324; 48475; 12869.91
1292; 92729; 28226.52
29503; 49953; 46420.00
85275; 77571; 41199.23
5643; 70693; 44570.94
64998; 17536; 17465.08
81678; 70339; 16091.87
47385; 24046; -239.70
95690; 34400; 19804.44
2161; 23282; 21255.59
26892; 21107; 26219.38
21147; 63833; 5754.05
64886; 10905; 7359.34
87066; 42785; 10917.81
52820; 59061; 14613.89
57143; 33878; 26589.58
36321; 24246; 49463.15
87019; 67587; 7672.63
47365; 66880; -206.58
93958; 36013; 5088.61
38342; 15276; 6250.86
56188; 53412; 45000.39
22012; 97320; 9549.09
63822; 97194; 49137.90
16570; 65193; 24197.93
65955; 99356; 35573.21
43583; 62412; 24843.86
98241; 60967; 6136.59
15139; 12772; 5869.24
46104; 75536; 189.27
90710; 40999; 2128.01
45845; 66317; 48810.15
97656; 11052; 21433.59
38940; 46991; 24039.43
57223; 42472; 30689.46
96584; 77009; 8936.44
37849; 25075; 43140.42
92875; 42421; 33149.69
57250; 36006; 23431.59
14508; 75841; 30360.57
25729; 87489; 31259.85
20493; 40065; 5583.29
53596; 15028; 13330.01
26189; 29163; 21028.30
81801; 36167; 4092.24
7678; 59853; 20068.51
41166; 93009; 48996.28
30068; 54063; 21016.83
9041; 76828; 21067.18
7770; 49883; 5057.77
48654; 46773; 47121.44
94268; 64797; 11971.92
7233; 33822; 1564.90
7832; 96563; 37110.11
28784; 47397; 23338.94
80498; 23207; 21260.83
34064; 74393; 17860.85
40892; 24618; 4392.80
2790; 99517; 27364.30
18079; 53412; 17708.72
48367; 87189; 26207.53
49705; 41228; 32337.54
28529; 86588; 18894.49
14941; 27102; 31292.71
79883; 25775; 1572.47
86767; 34960; 9242.84
59427; 22928; 3281.42
72641; 91134; 16816.35
96073; 72154; 49477.05
27476; 79934; 35898.86
6742; 26755; 9181.19
73154; 43099; 44525.13
74445; 55526; 44693.11
59783; 92557; 35724.96
58163; 18874; 23882.44
69650; 76043; 39439.70
22880; 88532; 13344.51
17899; 47965; 1794.98
75209; 17968; 39616.71
91938; 34928; 36906.12
53100; 74884; 34077.06
68303; 19828; 7858.67
99399; 76752; 18899.60
52150; 62540; 30164.53
28122; 34125; -318.17
75959; 38548; 29401.69
2161; 77213; 22499.77
93766; 78822; 12571.15
29879; 48844; 35266.86
73371; 25611; 8141.01
6978; 79935; 11529.95
6123; 93835; 6981.04
37406; 27428; 13156.96
7752; 94202; 48991.19
28521; 80070; 5367.33
86019; 55542; 31450.49
49380; 52540; 3703.93
93466; 81994; 12833.93
18512; 63522; 44865.96
39652; 52550; 49255.69
83045; 11364; 41108.56
29741; 46659; 8425.13
3049; 80436; 32694.54
77449; 23951; 35991.41
91192; 60067; 47255.64
34730; 92081; 31532.43
73204; 37021; 40750.77
29919; 52501; 13074.07
77239; 92549; 40290.51
99683; 61834; 7359.89
31372; 66872; 18116.32
63784; 22280; 24546.04
61213; 34251; 40687.70
24083; 34754; 28267.73
96614; 33646; 32202.00
3758; 50653; 7727.39
24295; 61668; 34212.02
25621; 19103; 6747.88
56888; 42145; 22478.72
85557; 62757; 4561.81
70045; 27995; 36201.61
2545; 89074; 4536.36
51330; 12715; 5056.79
2776; 94473; 46701.23
18324; 42550; 38390.94
36082; 28695; 46899.22
79595; 11769; 39516.22
2231; 23938; 26889.69
45353; 21136; 9717.24
63970; 83774; 44565.71
22383; 50289; 16253.69
21252; 41956; 2321.71
91707; 45056; 31188.04
17131; 12779; 41158.71
14476; 81387; 14485.29
68048; 64432; 6662.67
30401; 13145; 10947.09
51512; 29316; 17342.15
38597; 39607; 46045.39
90707; 60429; 34181.70
94696; 24733; 24336.94
15435; 39428; 4637.68
37937; 56833; 3352.64
44741; 25512; 17704.92
12115; 15681; 30027.57
24339; 66181; 26289.27
79592; 33771; 33811.38
20689; 97460; 34201.62
82888; 47618; 17093.48
14621; 45532; 45769.83
87734; 58380; 46610.53
94232; 20009; 39337.23
20482; 95964; 6902.75
20369; 61196; 22058.12
63709; 18822; 5214.78
57027; 46500; 6805.72
43343; 26716; 8684.55
51465; 56217; 15625.45
56552; 73083; 34517.75
55256; 88871; 39571.83
44707; 28116; 40008.12
86715; 42231; 18850.85
73002; 75156; 26706.74
65566; 79792; 26578.73
31161; 60413; 3722.69
94706; 65291; 26110.77
91898; 38748; 35006.21
31827; 57409; -355.26
3248; 57500; 27697.91
18510; 24438; 2508.66
46789; 57298; 42361.95
19264; 48626; 22749.61
73286; 65191; 11746.12
30437; 17322; 37223.27
16366; 28753; 18561.77
4453; 65667; 18270.05
92934; 23894; 32968.74
10669; 72498; 41790.58
21732; 13956; 6917.78
19517; 20353; 11874.81
2635; 84603; 41468.93
55590; 29623; 38153.59
62573; 28364; 37279.41
92562; 49257; 23244.32
95707; 54215; 21920.67
85521; 11731; 13981.84
21432; 17864; 43998.44
5209; 89190; 37432.21
66967; 31017; 48.81
56524; 99116; 47386.22
60545; 82634; 35426.04
34823; 84981; 24844.56
93976; 39794; 20895.35
21552; 45628; 48642.68
69354; 59487; 48885.28
17401; 37769; 19720.32
8339; 38692; 19310.69
98779; 83307; 30056.71
11119; 71398; 23609.52
86550; 94133; 19957.54
50868; 31603; 2260.92
49690; 94757; 20923.21
36378; 24208; 4772.20
48540; 89061; 38829.26
44970; 13676; 11596.26
22333; 80984; 4876.46
28775; 88264; 54.34
41516; 34607; 27360.41
84674; 14242; 11636.93
12146; 84727; 28022.24
74890; 73413; 1806.87
42232; 22217; 47147.21
2111; 56746; 37459.81
53184; 75564; 9341.63
99545; 61202; 36147.25
17976; 98432; 4417.68
54383; 76005; 4600.65
20685; 13104; 29152.36
51084; 72515; 29111.09
5903; 48026; 7641.76
90440; 70700; 3477.02
83044; 22227; 47617.32
31352; 38265; 40277.54
86749; 28463; 38325.70
22108; 75748; 25573.19
96514; 89788; 32395.44
45749; 68652; 39160.27
45436; 48121; 17695.98
57479; 15244; 44479.34
90505; 60807; 11575.09
81004; 89544; 3287.41
20975; 84304; 31203.38
66211; 22767; 40138.69
19693; 50572; 27130.37
12425; 75393; 4252.76
42119; 32245; 46669.83
22164; 18934; 13645.92
48622; 56316; 4006.08
24486; 70390; 12526.18
63031; 43557; 38038.89
58939; 95235; 46170.12
17248; 84545; 24157.08
48641; 47568; 19747.43
82223; 99205; 6013.70
49068; 77171; 42164.20
42110; 58979; 3716.27
55158; 76314; 22229.66
90463; 15593; 30840.99
85392; 17478; 36922.65
33088; 83505; -98.88
14801; 48097; 18479.00
75728; 62334; 42618.37
30235; 60885; 43645.02
88706; 22255; 17121.37
62405; 94211; 26523.35
61929; 24302; 3834.04
96915; 24201; 45831.75
53028; 66769; 9573.29
44086; 18450; 15522.89
80215; 73739; 10238.08
98161; 72419; 5273.48
60582; 15017; 27026.60
62599; 29072; 31830.93
42967; 84475; 1081.82
79784; 59844; 2651.21
48381; 66375; 48917.32
28973; 17088; 10180.39
4007; 99610; 20857.48
34039; 93320; 8393.33
19577; 19077; 13332.22
11709; 49103; 43625.68
60168; 65013; 26001.29
88771; 44006; 8795.95
8044; 22116; 44695.31
57168; 54829; 48149.97
39915; 31565; 9529.57
55932; 73127; 23512.72
91286; 31061; 48262.29
58250; 56490; 45586.19
75752; 61005; 41062.29
74519; 88266; 9527.28
95728; 97551; 28713.71
19955; 52432; 33035.18
97253; 51486; 216.43
61117; 29331; 24722.01
42472; 24890; 39496.85
89335; 63265; 12771.54
95671; 10481; 49406.05
17478; 93138; 22191.10
76809; 22772; 1342.54
98741; 34596; 20718.89
72576; 31771; 29847.64
29329; 55624; 10093.04
26055; 99080; 28630.24
2883; 58530; 40595.86
3122; 49576; 44781.07
66809; 26350; 34815.52
86054; 69768; 20409.71
47101; 56165; 41323.39
56816; 78572; 48690.54
45017; 24860; 46280.62
61138; 66149; 18342.64
73450; 87973; 7714.19
58131; 60012; 13893.91
87455; 99165; 21593.43
38125; 91313; 46864.03
14005; 21484; 40199.96
14606; 21749; 32306.04
81774; 63907; 4735.60
99296; 91766; 46325.06
14068; 93037; 21927.22
77183; 14277; 33219.36
56134; 37770; 10755.41
60589; 82297; 18744.53
26632; 71548; 47502.85
46955; 70810; 20353.20
85523; 61879; -115.94
50105; 39351; 25131.82
36076; 96334; 12857.20
55357; 98250; 11698.50
55336; 14282; 284.27
21103; 59074; 41958.87
69021; 88636; 15532.28
23336; 84997; 49637.87
32697; 82841; 48661.26
26252; 90775; 32043.94
7760; 85740; 21169.67
84397; 61172; 48856.46
23769; 62837; 45160.65
68800; 30767; 21588.78
14051; 26558; 24964.98
83764; 85619; 39106.21
83223; 44108; 41785.56
21847; 52258; 9790.01
13224; 13360; 21589.76
83430; 87763; 7228.95
82015; 81260; 45990.02
11324; 84946; 18811.44
98299; 27111; 49162.42
84160; 92772; 38768.28
25452; 41420; 32452.40
30065; 48918; 9288.36
33145; 59559; 38404.78
87410; 16782; 13385.72
19844; 92239; 668.61
76937; 23555; 5102.04
79105; 26080; 4907.37
38022; 44340; 44677.54
13160; 20142; 24459.38
48369; 37259; 19235.41
65361; 12877; 20394.13
64768; 92009; 3353.79
91090; 65038; 18450.35
42102; 93040; 45369.27
22116; 33567; 14587.13
24419; 96463; 28148.34
80515; 14122; 5418.96
45932; 55453; 23937.51
81478; 88642; 27097.38
21760; 78386; 36955.69
16937; 35276; 30108.59
71248; 13019; 25658.74
20968; 38351; 43277.15
16045; 38437; 989.63
19161; 38804; 3713.86
91649; 26591; 13013.32
64120; 36114; 47638.08
46685; 82285; 32422.19
62216; 74985; 21521.13
53421; 35304; 12129.70
26936; 46842; 48074.50
14486; 86499; 39554.24
78015; 50840; 7865.48
27978; 73941; 21390.32
59478; 65540; 29614.65
36608; 51779; 30957.00
80599; 60206; 21180.31
75336; 56257; 18385.00
83929; 18423; 22194.87
5424; 77024; 12279.71
54714; 48466; 29996.05
85554; 79533; 17288.79
4924; 25027; 8585.16
43294; 66280; 39440.27
47890; 42154; 3168.34
87108; 58714; 18284.20
42215; 26030; -13.53
91215; 11428; 35698.53
29019; 70997; 28157.20
43147; 40493; 27862.85
51540; 47173; 29891.00
70109; 38503; 4697.47
37444; 89679; 47286.69
88994; 19807; 28484.39
85707; 65279; 33947.66
58043; 51652; 40576.42
26971; 35837; 2007.82
65740; 75359; 1862.99
36968; 65212; 5522.58
60347; 32431; 29872.25
78485; 60181; 11439.31
3787; 47360; 400.73
76465; 10609; 45537.98
38272; 27178; 42002.96
53797; 14850; 44739.39
70142; 15127; 16538.19
3132; 19103; 23229.61
55405; 49452; 13371.01
99787; 55327; 19717.39
73935; 51048; 24437.84
7169; 61554; 14571.41
60582; 74662; 42357.95
16913; 59008; 46854.04
14466; 13838; 10812.73
2362; 28184; 4809.35
43317; 67105; 10930.23
12536; 35055; 36067.45
49349; 80458; 49473.03
91209; 16880; 12614.23
6646; 24523; 1924.17
40883; 19835; 12818.22
91167; 90314; 39477.21
50749; 45377; 34782.57
19056; 86474; 22765.04
17552; 51855; 43025.69
99701; 86563; 44333.82
55171; 93480; 22062.38
17039; 78388; 26143.24
76744; 72642; 32894.08
37771; 52193; 38518.52
64269; 39600; 4135.87
39828; 20852; 17326.99
32768; 96439; 32180.28
27986; 20225; 3294.79
65828; 17899; 10230.01
88883; 38329; 23141.59
51470; 34630; 24126.10
45623; 37349; 40606.77
70159; 77361; 42852.17
41871; 69509; 32592.11
67127; 23849; 45663.33
29676; 57663; 18971.58
60301; 91327; 25429.93
53455; 34635; 2966.29
56455; 31521; 34156.43
76660; 94984; 4654.25
61418; 24047; 37123.81
32531; 12174; 44651.95
25514; 44964; 943.61
87754; 79584; 22358.37
35809; 25509; 46309.85
12018; 56455; 21289.42
20742; 62026; 24860.61
67574; 53743; 2184.43
36728; 58467; 4439.54
86016; 60137; 36466.08
56389; 35419; 14347.30
53781; 33153; 29499.48
70410; 89619; 24427.62
57828; 24311; 33898.61
85717; 42629; 47928.07
29780; 25097; 2183.46
5677; 85396; 12942.00
9630; 79747; 4602.12
30683; 91293; 34825.37
54026; 61368; 19340.71
29821; 45162; 24506.17
23417; 36683; 17055.47
38747; 88159; 14042.92
1407; 22352; 8846.48
92812; 91542; 23576.30
41019; 41276; 8096.74
90318; 19103; 7915.60
44536; 69666; 6662.60
2669; 97298; 23467.33
44785; 12729; 8464.51
35581; 20089; 8121.62
2275; 87857; 17283.25
63105; 86435; -449.17
33441; 71940; 5023.99
3279; 84352; 33842.34
39097; 39922; 26026.09
22928; 29212; 38650.46
14106; 49924; 40096.58
44997; 69325; 24278.42
46977; 81527; 12495.65
64765; 43231; 17896.61
2777; 56219; 14707.27
44743; 77873; 38613.58
79085; 73485; 5194.43
90887; 78066; 36274.88
3716; 29385; 48921.19
29869; 96424; 49701.40
47818; 75251; 1060.69
76705; 66455; 17650.71
98565; 21701; 9289.03
50516; 93720; 4950.55
36903; 92167; 33779.48
59886; 79062; 8335.09
90006; 55723; 44343.74
52252; 87220; 20573.36
37208; 50543; 9123.92
76958; 78167; 34942.70
81264; 26116; 21389.71
60641; 84273; 48391.73
46481; 47802; 5064.62
2092; 75395; 46325.27
20284; 71121; 33886.61
69575; 47982; 31001.65
88073; 31313; 14834.10
38782; 18469; 39889.15
3043; 69488; 1568.13
38095; 87735; 5733.51
65011; 50084; -242.94
47170; 96540; 41622.56
7540; 42955; 6454.80
38128; 75797; 33098.96
74498; 30321; 47661.11
94480; 45477; 6703.53
97082; 35785; 21318.56
11579; 48116; 10552.32
63020; 56482; 12060.79
89932; 93498; 19005.16
53312; 22863; 44598.20
40586; 88255; 15192.16
74912; 67123; 33785.62
43268; 85781; 6528.41
27149; 42770; 6352.38
73651; 36151; 14703.64
12219; 48972; 28116.59
83355; 70444; 27064.45
50278; 67264; 4350.14
70018; 67920; 34553.74
67036; 99805; 35486.22
62391; 56424; 21097.29
56116; 63773; 22794.84
74257; 13463; 47853.33
56170; 21590; 37670.75
81636; 49634; 39224.92
77064; 77135; 18342.11
82381; 81207; 44945.58
39449; 17017; 37644.43
52466; 26506; 19848.58
1780; 70661; 40277.79
68896; 70322; 41879.50
12096; 17168; 13143.83
86181; 24031; 16340.91
13766; 48086; 28054.89
91517; 53425; 43147.86
16917; 86626; 33557.86
97909; 16949; 34929.42
68667; 28894; 27883.49
65920; 27878; 10788.95
89562; 93842; 42538.91
40438; 92344; 15199.99
1845; 73564; 30995.03
27306; 25035; 2890.67
21056; 89140; 43934.90
69134; 22696; 11983.91
14579; 72094; 745.15
67296; 68171; 19231.05
16966; 49311; 19930.15
25123; 40792; 42006.90
72659; 44114; 40995.17
90302; 67557; 42895.35
81892; 26147; 21333.86
84387; 12838; 8832.80
98596; 96175; 11654.44
68045; 81654; 9617.73
63975; 48015; 14117.18
14109; 87170; 24394.69
88516; 46068; 19255.06
92442; 24068; 22930.17
56683; 29420; 912.52
60910; 25745; 27992.56
2444; 86092; 14789.46
85555; 95252; 44607.66
82248; 68258; 1652.91
47494; 28258; 23129.31
95773; 70076; 13483.65
21750; 56890; 24782.24
66956; 37627; 17116.12
93566; 78820; 19226.53
9226; 32871; 32623.92
47119; 95974; 35820.06
45471; 70225; 35616.71
19355; 46482; 39140.53
87303; 49705; 46135.59
9940; 94559; 23929.11
62833; 89408; 32778.08
76502; 76450; 38657.60
69869; 43977; 6035.81
43477; 87182; 47737.33
46625; 86610; 30682.49
53923; 18856; 1768.92
97059; 30863; 11201.07
88197; 23922; 24721.41
90040; 72444; 15844.80
31347; 41013; 4824.31
23806; 60342; 37668.60
56057; 18437; 2627.30
33831; 25004; 1389.62
99295; 19552; 21797.19
50063; 89499; 31380.35
4861; 32815; 15718.54
92583; 68918; 18570.26
84544; 85206; 27601.65
26653; 43095; 24300.70
89978; 47498; 10887.58
98275; 31245; 21420.18
70275; 35204; 3843.92
4177; 92459; 47971.53
13609; 36678; 1178.58
19423; 10686; 17657.83
54480; 84487; 27102.33
10432; 54657; 8857.87
96679; 94178; 26171.80
25921; 37194; 28303.69
63093; 75647; 17281.36
82065; 83229; 42597.79
9802; 67524; 21089.34
50298; 19288; 28242.20
17671; 77796; 14560.46
16456; 75367; 11143.96
79838; 80849; 16211.45
30362; 47997; 46074.80
33949; 61173; 35015.30
9906; 30691; 48389.80
10801; 80047; 28555.47
68863; 90117; 24752.37
53326; 91087; 2360.73
92425; 24532; 28930.01
35478; 95620; 1013.89
45308; 65234; 12674.50
44848; 17784; 6534.08
72707; 53202; 46170.80
87944; 18169; 11398.67
10556; 83905; 45168.36
93155; 14634; 16965.20
10275; 64557; 29706.46
81272; 20563; 44319.69
63753; 26969; 13160.67
6471; 23639; 1297.80
67532; 39523; 32342.02
57559; 72599; 14822.63
30852; 12810; 46527.95
4454; 35712; 26476.39
50727; 99383; 34021.55
3371; 82416; 23849.75
51741; 59444; 34619.75
57324; 65945; 27252.02
16149; 67403; 5458.62
81694; 58196; 17265.35
45974; 67216; 45862.46
32217; 40413; 4145.54
2317; 39769; 20359.81
99640; 80283; 28186.45
2952; 42757; 40537.41
11041; 17425; 5899.15
24670; 47040; 1707.83
46831; 88959; 32588.05
33013; 48327; 6050.67
53142; 72744; 32707.93
87060; 20066; 3357.08
72256; 36982; 24493.93
97366; 56787; 44830.83
29873; 68135; 35513.26
49094; 82273; 14280.51
86674; 42008; 26105.63
36066; 51793; 34737.47
66987; 23681; 2226.88
54848; 91509; 24053.49
11282; 36680; 45558.49
69287; 40216; 14899.43
73478; 37625; 5698.78
96015; 28607; 1311.32
31815; 67708; 32320.36
60475; 24973; 575.13
5424; 45428; 13537.35
51354; 49375; 41272.53
12074; 17827; 13594.17
80920; 60323; 24515.55
51146; 60418; 21923.00
30418; 36965; 18656.01
87497; 66503; 26390.84
87560; 49996; 1080.96
46587; 13406; 45457.73
99890; 54068; 46096.28
35410; 87458; 10435.48
4584; 54688; 36152.21
82465; 66895; 43219.99
96581; 17486; 40273.53
73521; 60870; 47599.92
89862; 47672; 42854.96
71092; 70752; 20903.67
95269; 84488; 38335.12
35091; 31305; 47995.40
62254; 41224; 6159.57
2990; 46791; 39879.24
36965; 21211; 49939.71
72146; 48774; 16545.38
52721; 15060; 30585.14
48408; 45225; 32791.11
86594; 89691; 123.13
41225; 84506; 32869.21
35670; 33433; 21912.34
3263; 67659; -52.03
5850; 57018; 23750.50
73955; 38553; 20134.85
76965; 20426; 13460.51
80996; 82279; 15358.34
9394; 67729; 8580.10
37194; 44018; 43387.30
17675; 39808; 31332.08
20254; 90995; 32626.90
31496; 25000; 32557.34
25150; 99711; 25089.32
58712; 86007; 15525.39
73536; 39878; 2571.05
94657; 43954; 48751.76
3112; 98917; 42169.01
47312; 80836; 35775.12
79719; 40762; 17161.35
11155; 76445; 21912.54
67982; 20151; 11467.42
43701; 84758; 18253.65
90262; 64521; 3105.36
56898; 47104; 6725.51
43800; 89556; 39302.31
44907; 63495; 44818.31
50114; 71693; 47095.22
39543; 91515; 1073.45
49274; 15847; 14189.07
20669; 87493; 789.53
80827; 37719; 40305.73
67951; 76608; 39065.09
94433; 55095; 46966.96
50655; 86373; 1146.28
96192; 29670; 18745.03
86093; 20281; 47736.56
30436; 84108; 24926.54
76292; 92617; 27185.77
55798; 80643; 36518.81
70174; 16741; 30158.65
87402; 78740; 25776.97
42541; 45282; 9348.69
76398; 48412; 45509.01
44081; 41860; 39849.80
48443; 40263; 22518.97
99066; 25127; 34500.19
59328; 63729; 17775.00
47135; 83460; 25034.99
48486; 95633; 23949.80
31192; 68847; 39208.36
31115; 84624; 41304.97
17420; 80466; 11869.67
54427; 98356; 29030.14
19106; 89370; 12644.09
38602; 54770; 15349.14
11683; 63543; 20761.64
20450; 85499; 24457.11
26965; 33581; 43758.49
3033; 31859; 5599.84
35521; 82689; 35424.78
62585; 23237; 5883.10
5466; 66547; 708.54
22880; 19570; 6185.08
70377; 60870; 45165.15
47447; 26705; 19817.03
73999; 41645; 35455.17
16601; 54146; 44820.03
45124; 87526; 30242.25
15125; 15929; 3224.50
47525; 68837; 45489.05
83684; 68950; 36905.22
58106; 47917; 37761.83
92765; 27643; 36538.88
95857; 87274; 45775.26
67764; 20982; 7188.95
2020; 87798; 29448.94
89330; 95118; 22403.12
43000; 67486; 8424.47
95703; 87080; 13604.63
13700; 40443; 14516.10
45710; 16329; 27988.63
69838; 85999; 25165.51
56927; 47389; 15801.40
42756; 33385; 47652.44
6496; 37614; 21242.15
37471; 85384; 43918.98
42204; 23037; 17040.95
22704; 25538; 14036.08
64784; 67529; 10793.48
23193; 47811; 46929.85
35003; 89451; 37550.17
31366; 97350; 13570.75
13579; 37111; 27384.25
67676; 32131; 881.18
6209; 80756; 26664.75
26576; 10873; 24162.48
4378; 58436; 9758.62
75863; 65902; 36470.52
69274; 26538; 41467.41
39658; 24367; 35670.67
16720; 68249; 44388.43
65651; 44479; 3886.62
18933; 46497; 36447.50
16264; 56362; 40083.87
98553; 39155; 36231.76
43875; 30542; 25106.54
37190; 69436; 31346.51
68219; 98091; 38740.80
93642; 51262; 44559.76
6027; 66803; 4572.16
93419; 78327; 15535.12
74160; 96655; 41800.57
83061; 14670; 47433.72
83219; 11044; 11918.64
77853; 59310; 43541.80
29863; 98257; 9381.75
62618; 29848; 23967.61
25524; 75106; 13771.28
27027; 93200; 43731.13
68673; 38074; -338.52
9816; 74315; 27665.73
28334; 33345; 1460.04
91175; 44481; 30475.60
83709; 86532; 11353.15
46705; 73469; 26288.29
24601; 49334; 41954.94
39288; 97552; 23995.53
83578; 61407; 29691.03
72226; 73040; 14418.57
29695; 24728; 48127.41
99954; 47653; 20689.50
59611; 52650; 11993.51
56687; 25180; 8397.82
42799; 96587; 5233.58
92353; 62178; 35093.35
64404; 74117; 29853.47
91075; 40783; 962.61
36117; 76517; 10362.86
54609; 17969; 27893.99
43361; 44289; 33586.95
54900; 61298; 40356.04
56731; 62255; 12665.32
8160; 45168; 24018.02
29697; 54543; 31631.44
6980; 50437; 22105.64
30007; 85039; 43718.91
71256; 37027; 38867.38
15459; 90386; 30342.95
17936; 89293; 26758.25
95663; 12767; 40021.85
12829; 53684; 45567.54
73468; 18318; 32574.04
68980; 37585; 17785.94
27009; 30577; 41826.53
52842; 40059; 14154.47
22155; 59005; 16240.86
29261; 82476; 36533.38
2787; 14728; 42196.84
99975; 79016; 4677.30
53158; 73556; 1635.40
38105; 49513; 724.34
83779; 42415; 1205.79
99292; 26206; 40556.29
50526; 95888; 19737.92
98062; 45389; 43030.18
11030; 19684; 24977.74
93207; 64444; 517.79
98340; 81001; 30046.03
20902; 22524; 36661.61
52265; 35465; 41489.32
41919; 52431; 20970.21
98449; 13071; 14758.78
61149; 36563; 4533.80
86989; 85523; 23305.72
39173; 66299; 4199.65
54258; 83530; 13567.17
38279; 79888; 25082.97
51123; 12256; 49654.27
96362; 61595; 47548.60
72641; 24195; 22339.65
76743; 13262; 19566.11
31423; 68600; 18175.99
74813; 24280; 31962.34
44572; 28844; 40388.88
11962; 22502; 27824.71
28221; 74200; 29467.18
11995; 28524; 19861.35
63064; 78603; 36013.14
75270; 40465; 2476.11
65673; 43033; 20298.86
98060; 54285; 41633.33
5785; 52132; 34294.38
79476; 63285; 43507.11
36146; 37423; 37629.42
65058; 81511; 24740.68
86460; 40898; 15752.82
93912; 73307; 25478.77
97951; 20673; 46022.13
56797; 20158; 18472.15
2785; 31245; 25756.92
16922; 31783; 9467.06
15898; 15119; 44217.89
65904; 32376; 31121.33
69758; 73857; 6563.20
72707; 64807; 19669.99
39895; 25411; 21491.71
39564; 98694; 13190.94
43255; 90622; 44422.03
74899; 95225; 7880.26
39036; 78583; 34093.71
81478; 58660; 25728.68
33930; 71880; 22875.45
44276; 27739; 7794.03
94727; 72111; -4.03
55565; 33491; 7092.63
9788; 10734; 15247.95
25598; 36118; 34549.28
71481; 70108; 16217.27
9009; 91916; 23169.05
21506; 18751; 17197.87
74289; 39626; 16920.35
2851; 35249; 13366.32
56858; 86607; 36330.82
49139; 91854; 38232.94
34390; 83546; 26821.36
87424; 36553; 3412.54
20978; 23497; 36398.23
37698; 33373; 12778.35
14411; 26607; 39742.67
77980; 94519; 38185.74
44274; 85452; 38484.92
78616; 89269; 13500.49
97634; 90725; 33259.09
63050; 37434; 7989.02
31386; 38369; 4112.58
81599; 29200; 6738.33
63320; 10032; 15828.56
7840; 27953; 25341.12
58630; 65758; 33074.53
43872; 49656; 24768.94
16374; 41558; 27787.33
50454; 60532; 35165.35
47529; 50863; 41851.80
42546; 79558; 3449.08
80348; 38036; 47745.69
84069; 46403; 35423.06
58310; 83464; 21803.16
92108; 42838; 34111.06
74125; 67070; 32430.65
24332; 13315; 43239.99
62089; 97823; 16972.57
56584; 38020; 30657.20
26032; 60129; 18397.40
98993; 11398; 9389.72
48315; 78944; 9341.87
77832; 50683; 16086.80
49348; 43260; 24891.06
2703; 89531; 13287.91
85832; 46038; 31904.54
53205; 15756; 49784.76
93309; 43166; 13345.78
8500; 84996; 41077.95
95113; 71709; 49860.19
83868; 69569; 24260.17
63055; 94875; 37404.61
14616; 15006; 18161.46
81336; 30079; 35134.80
24187; 27255; 3682.64
16653; 17346; 21890.59
94138; 18169; 15368.95
72314; 46369; 49161.87
26451; 95865; 30507.19
3185; 53603; 41782.31
42481; 32179; 45239.10
77919; 58005; 25575.19
88096; 62844; 20527.13
88519; 97771; 2604.91
26289; 75735; 6949.45
35948; 21005; 8215.55
6833; 46113; 30230.72
91271; 76252; 20167.20
84270; 10422; 15213.81
74473; 55964; 5444.59
62112; 84471; 41723.33
12284; 84211; 46478.78
12555; 25238; 45859.56
24920; 21326; 8875.77
78483; 92132; 48271.16
23195; 11368; 10485.06
50090; 70338; 3604.38
95932; 42339; 15043.01
90245; 94189; 47104.20
26046; 27397; 15179.60
50716; 47627; 8489.20
19405; 84060; 15434.82
30617; 34673; 13276.37
27112; 33214; 48953.55
34994; 67619; 12859.53
65210; 56550; 28724.16
46725; 94125; 25913.66
83709; 32344; 1354.92
77706; 60551; 7363.06
75542; 37611; 49684.66
57866; 55471; 32123.40
90393; 47839; 9976.07
92705; 76029; 27356.37
98403; 45251; 4083.25
28619; 43844; 10521.87
35189; 14121; 46056.93
68768; 96288; 31371.24
63286; 28325; 23095.97
43335; 58795; 27970.36
87285; 87121; 45014.38
43253; 23711; 31288.34
2035; 30807; 20781.09
44871; 54128; 32218.01
14134; 34525; 45614.02
41144; 31331; 23075.48
25400; 12850; 21669.94
81820; 69827; 29475.52
92029; 67012; 36413.22
63072; 41927; 12255.03
49918; 88766; 16562.85
89939; 62579; 14658.75
31710; 76448; 4946.69
56822; 45305; 47676.09
53527; 87735; 942.04
68135; 31808; 46078.86
79230; 78692; 9522.34
75447; 28290; 6059.49
44666; 17051; 48501.42
41537; 28541; 39975.23
61124; 61903; 7849.78
1110; 96325; 6948.30
23553; 49489; 15030.10
25195; 40957; 42816.99
58219; 21818; 36068.79
21203; 99746; 27545.09
50054; 10648; 23605.88
46182; 23095; 23275.44
91018; 61648; 34788.38
62906; 97613; 18502.72
61749; 41816; 38034.34
13559; 60800; 5989.37
18501; 62413; 38549.65
38118; 98440; 36383.79
56652; 88241; 19389.44
10392; 55464; 24159.62
98049; 86864; 858.26
80760; 33351; 38276.12
49382; 57484; 16662.47
1208; 90028; 29758.09
53190; 20127; 32101.65
19098; 75529; 8992.51
28686; 49575; 21487.73
45510; 60340; 32529.27
56798; 29758; 13890.69
51700; 98509; 40974.39
5564; 44212; 47904.89
56277; 33529; 7758.92
90435; 77809; 41628.74
61938; 20831; 16987.49
97032; 23291; 32621.36
54015; 11602; 7624.63
17874; 85324; 25102.01
90954; 69597; 85.23
86697; 97843; 19786.02
8144; 49708; 20961.55
98263; 93115; 5355.90
60017; 75806; 18327.68
63068; 53917; 42130.50
48823; 24637; 39167.48
56583; 79692; 37860.34
89436; 20486; 7094.55
45186; 87352; 12520.75
68488; 90546; 36245.25
60636; 67001; 1951.45
37924; 15222; 5638.35
65175; 70325; 18038.76
79555; 99966; 18149.47
56797; 54231; 33587.31
4084; 81139; 12995.39
39435; 56777; 20561.54
59559; 52550; 14533.01
5668; 88089; 5140.01
96932; 14798; 26329.06
52932; 42588; 8349.30
71121; 22395; 5865.76
19958; 92958; 24419.24
37004; 55270; 48578.57
91307; 90903; 11827.09
97034; 78623; 28237.95
6326; 20031; 15992.72
6018; 29234; 30272.35
95871; 93599; 40530.06
14254; 60058; 25387.93
96079; 20323; 16557.52
84458; 49581; 20837.76
3933; 34108; 47493.12
34666; 95576; 37005.59
11391; 66811; 48240.58
26119; 84828; 12679.28
40741; 90685; 25459.00
32949; 16400; 18398.94
62986; 38207; 37916.31
58271; 46016; 37216.92
25341; 46287; 24828.94
6995; 89249; 19632.87
24758; 98894; 13888.08
1662; 63370; 9960.39
55306; 96142; 6053.23
36003; 70613; 29753.51
84211; 51701; 4405.96
30468; 12368; 35304.93
29974; 18352; 30375.01
96441; 89864; 41262.24
78059; 65150; 31556.02
44090; 80969; 19146.50
74093; 11647; 16819.01
42896; 55398; 41042.75
20893; 70548; 42644.98
66401; 37608; 26378.14
23283; 98209; 19198.09
53813; 14229; 32865.27
75883; 20303; 31384.90
74574; 55259; 3696.15
99043; 79414; 18144.17
39249; 51331; 22300.71
62260; 13875; 7372.98
77668; 31854; 31025.39
75041; 66561; 20477.35
4068; 47209; 27600.19
65324; 40765; 18451.86
71463; 27261; 18610.66
17186; 22711; 19485.36
28696; 24500; 28322.62
24412; 30855; 38227.17
97267; 62575; 27278.55
47140; 38541; 20618.09
79544; 46553; 15629.88
48602; 92611; 4834.76
91026; 92984; 37968.53
42651; 75838; 26549.17
52402; 39504; 42882.36
65858; 70806; 13957.31
59911; 30574; 46157.48
24281; 62435; 14064.59
70817; 53785; 38028.21
87008; 32579; 34009.26
13887; 60246; 28797.97
55801; 64823; 20219.84
84416; 13806; 30753.24
19162; 89915; 30805.97
11552; 88586; 28314.53
54578; 12992; 15913.53
33760; 31818; 28249.96
62854; 99700; 4093.81
49535; 12977; 37019.75
86736; 61031; 27378.90
26301; 31152; 22617.33
95772; 41367; 8348.16
94427; 36186; 15797.57
39401; 18495; 44669.51
28132; 85707; 22789.57
33118; 99610; 29964.07
32704; 33183; 48626.67
66564; 94066; 5113.44
80168; 53418; 43540.32
21875; 42094; 22841.72
10154; 10902; 37304.73
90394; 98719; 20020.51
69126; 71631; 43039.53
10222; 64668; 47857.53
94844; 80430; 5609.59
80557; 94815; 49455.05
94685; 13109; 21645.32
96162; 17836; 14294.64
53218; 15230; 17850.35
94929; 77051; 31278.04
58677; 66175; 39264.89
14582; 29134; 42277.05
76997; 24651; 35960.71
49033; 64118; 32655.12
19605; 41859; 39675.43
28536; 44669; 4404.85
85152; 19708; 22641.22
93940; 74431; 37501.37
35078; 54884; 14412.25
59284; 53340; 39262.38
92692; 43806; 28195.68
78912; 14685; 37946.80
20401; 78390; 14065.74
29969; 58608; 27958.74
94559; 48170; 14986.47
94826; 30749; 28165.82
40943; 72296; 35510.48
89247; 48650; 7299.29
92105; 26849; 6899.57
39316; 60361; 12493.94
30873; 13670; 42471.42
77445; 49709; 6992.35
2581; 44002; 17890.17
67662; 77740; 19995.15
82062; 32335; 48606.37
85390; 30431; 29150.34
66679; 51195; 25928.54
50542; 73602; 32243.01
69843; 73183; 8357.06
50790; 11865; 33271.61
9487; 54874; 10853.67
28057; 39400; 7079.47
80775; 25675; 32324.83
47727; 75377; 22695.75
84707; 11599; 41918.85
69697; 39933; 36939.58
48652; 97063; 1158.45
83103; 22955; 47577.43
67508; 18807; 13209.41
71091; 80481; 43567.09
8336; 68541; 28118.46
33502; 42072; 12431.64
97919; 33944; 34329.80
86302; 42124; 11031.17
95028; 69777; 8460.25
80840; 44834; 27374.77
12974; 34905; 36533.53
9345; 27373; 25889.16
8977; 37227; 10993.11
77765; 86188; 23602.76
13880; 80376; 44022.86
7695; 51793; 39395.81
10575; 35745; 23654.10
58920; 20929; 23539.81
14090; 81089; 29263.48
79419; 73862; 14648.03
2258; 86246; 21202.66
15617; 68017; 38758.49
26532; 87193; 40191.18
81532; 69802; 49608.00
33997; 63368; 29868.38
65566; 92723; 8414.86
67491; 73344; 25467.11
85578; 49274; 12842.10
70755; 42639; 16727.69
89846; 83566; 24904.65
83040; 67677; 5129.24
24878; 73908; -170.88
67787; 71670; 24537.29
24435; 18593; 37902.11
89208; 49929; 4275.68
59090; 54883; 31713.09
71594; 33941; 9276.57
15249; 40382; 10267.43
66769; 50027; 15660.80
70520; 71849; 4697.31
40329; 89891; 10119.74
89065; 30263; 15850.15
26153; 61935; 39183.46
21701; 89970; 32960.83
43687; 77694; 49048.30
86654; 88017; 39331.81
96219; 45308; 11050.54
35452; 71863; 46683.66
40795; 58600; 6821.82
44741; 56390; 41376.18
42333; 68944; 15054.85
74831; 61582; 38016.11
1743; 62963; 2293.02
54580; 56348; 32112.53
19340; 69885; 38235.95
3553; 36504; 10034.76
94935; 43545; 14387.24
49952; 13103; 15753.21
51122; 52688; 27682.44
97864; 36142; 39772.47
81944; 75921; 21725.21
36908; 24003; 3258.56
22026; 52661; 36003.88
95537; 87717; 23228.52
7029; 96431; 19198.18
93600; 73837; 12117.23
80522; 86823; 18438.46
14295; 17355; 31801.25
37181; 80503; 18157.17
38255; 24553; 23327.96
99281; 19697; 15889.55
97003; 64234; 41127.69
20715; 87307; 14592.21
27213; 83641; 3944.26
33142; 52970; 28423.02
87598; 44172; 27612.06
39196; 12864; 6593.61
9913; 51151; 47838.61
48347; 68437; 37237.30
29155; 34135; 15723.99
30842; 70398; 17791.29
27081; 98823; 48557.65
34951; 43470; 29982.65
4032; 28385; 5519.12
54841; 66011; 19513.55
64747; 16295; 41499.56
8901; 77143; 18360.46
75149; 67305; 49780.55
67088; 52869; 39401.94
65488; 47047; 28528.18
84148; 18796; 36588.91
75095; 22077; 48698.49
15723; 79699; 7490.31
68305; 21498; 28483.22
62400; 89958; 32333.79
26020; 19579; 38239.32
57485; 46289; 23018.62
97853; 29949; 32347.41
10571; 33812; 32215.91
45539; 69512; 26149.56
91778; 66675; 44414.55
53620; 85332; 14337.60
82748; 61111; 453.02
30521; 52255; 21071.06
34928; 39214; 29011.01
43810; 79778; 22616.54
88215; 36257; 38381.36
76292; 56484; 44608.80
94703; 85609; 7206.54
20435; 37019; 15078.32
14224; 13437; 26437.81
6171; 26688; 26773.85
10078; 52920; 43463.08
31160; 96267; 10044.77
40705; 31402; 20926.32
36530; 40537; 46783.26
29473; 56575; 878.47
58624; 26136; 41624.94
50166; 13332; 21919.60
98510; 37339; 18711.04
59564; 67481; 19658.50
27952; 59873; 29305.97
17338; 22170; 48446.81
67414; 85799; 36088.18
16951; 31349; 37708.62
16775; 74108; 36902.42
47974; 51534; 20463.96
28568; 21900; 39889.46
48167; 72649; 12391.87
15679; 69893; 315.35
50811; 65052; 19715.57
14115; 56488; 17699.82
41629; 18559; 21424.52
86459; 49412; 11082.62
92909; 21069; 32346.85
52076; 71782; 300.43
37007; 94850; 44815.23
6946; 28446; 42294.45
24246; 84000; -31.67
68976; 30415; 6581.13
62579; 15110; 2589.66
28502; 96632; 14300.77
81944; 64378; 41074.16
55950; 32599; 8319.19
68973; 29841; 36969.32
88643; 33804; 17935.93
15338; 31282; 1014.00
27748; 50116; 19884.54
49913; 44757; 30906.64
4732; 13385; 16244.89
62669; 14485; 36615.02
19919; 63432; 1848.22
50418; 88447; 35987.40
23248; 30731; 4555.82
46700; 39189; 4152.26
9693; 24733; 48420.89
61874; 64404; 42735.09
71349; 67726; 6287.47
80071; 93473; -463.56
63422; 71536; 44927.22
34667; 26803; 15805.26
71777; 57917; 47823.72
88612; 22635; 23628.39
99136; 84873; 9412.50
29745; 77467; 6055.28
19690; 39563; 32790.10
98410; 22424; 35722.04
38001; 90611; 4814.02
30651; 42855; 8823.65
87424; 49466; 16095.60
61574; 97602; 29334.63
68751; 85650; 49375.97
35960; 27263; 16061.17
50121; 96665; 6833.66
97522; 14485; 37270.77
51466; 92821; 1924.93
26938; 33877; 223.25
84182; 14471; 41686.64
32172; 31218; 19536.56
2535; 84984; 23779.21
46075; 34608; 31250.00
76654; 63170; 22331.26
29159; 69400; 30876.28
72549; 67653; 5449.87
37609; 95912; 38309.81
45217; 54204; 49832.63
25421; 43460; 16719.64
64878; 81945; 22543.96
13648; 97557; 42738.83
69035; 44454; 2687.45
48896; 65904; 31935.78
72213; 26544; 4276.47
60956; 24566; 5574.03
94414; 48759; 5878.11
46563; 50243; 22354.52
73521; 20874; 48297.77
67155; 33935; 19576.68
67965; 35543; 6656.28
90204; 39079; 38683.52
27041; 56391; 26041.52
20892; 83778; 42926.27
69818; 16159; 39913.13
48534; 80707; 11136.39
70582; 31856; 18410.84
14125; 99180; 7864.59
84140; 91026; 10926.00
99448; 29929; 26811.49
80910; 65576; 42843.91
37493; 16411; 47932.37
53543; 48862; 19183.51
69386; 65215; 44634.10
62342; 52194; 6374.05
40320; 10046; 3280.96
93843; 82844; 33240.07
28361; 90362; 29496.24
9757; 17762; 37636.06
19389; 28847; 23787.07
22004; 41780; 19257.53
21898; 94683; 20659.97
78518; 35345; 12052.95
46928; 19244; 10928.41
37204; 28407; 44578.24
17183; 86798; 47189.23
20902; 36978; 21890.76
89111; 46106; 37909.52
2411; 93460; 5423.25
41784; 78713; 4681.92
83384; 88439; 23291.02
87562; 67445; 14590.52
17366; 80943; 37017.04
60554; 30142; 3055.34
99861; 54744; 43699.39
6370; 60004; 41817.86
34482; 24789; 31158.37
56824; 86674; 8007.03
94029; 73871; 37802.21
30443; 78529; 4704.03
96913; 89077; 47966.59
48520; 41626; 43402.75
88151; 74819; 41753.81
57685; 65269; 2360.95
14787; 46726; 42037.41
97002; 46158; 45188.93
84920; 76561; 16105.90
88422; 42931; 49145.87
11891; 11694; 4607.11
64641; 41816; 29082.10
30017; 87474; 21405.24
35832; 23626; 49863.78
93868; 73945; 27813.87
75136; 59259; 30134.71
88498; 60146; 1626.11
15129; 87377; 41829.39
85237; 22920; 28569.09
16397; 41275; 17715.39
89160; 89142; 20802.38
52608; 15225; 17038.87
58703; 70390; 28453.92
69519; 14885; 46979.95
83328; 66596; 33287.95
4360; 38316; 28129.96
4164; 92643; 47270.46
13950; 48309; 45993.82
4719; 69850; 42396.22
34228; 57000; 40827.61
46095; 56186; 48665.77
33597; 46258; 22023.35
7265; 52534; 22639.33
84205; 44494; 38314.86
22049; 37443; 27703.13
72732; 94972; 15755.00
53601; 55683; 38938.90
23551; 75514; 42760.64
44747; 56111; 30628.34
97974; 39828; 15484.97
41086; 23277; 45665.65
12853; 93814; 20006.30
82500; 75168; 31793.49
51160; 36496; 12866.36
93719; 73627; 17204.99
58379; 57377; 37615.93
23091; 52304; 304.33
25876; 86263; 15181.64
67338; 94188; 27804.51
74389; 80550; 8484.36
82064; 19952; 9530.29
12867; 88377; 45692.21
87925; 63036; 42536.54
20105; 54585; 26407.80
53003; 27436; 46023.55
14582; 48523; 30477.71
11775; 52445; 49971.66
59004; 15344; 11918.13
21317; 97493; 49630.20
4454; 74814; 10835.66
92105; 38701; 11890.26
30600; 67718; 32218.70
29307; 29054; 127.13
32939; 12722; 42805.33
64343; 67534; 20433.55
73250; 84460; 9208.07
25386; 77970; 28835.23
83215; 85426; 44374.51
51738; 44274; 35190.67
48706; 44544; 21281.39
48777; 40763; 15667.81
47802; 20097; 47883.60
18628; 52160; 42927.21
93069; 42361; 39675.63
76885; 26877; 4379.38
67512; 72355; 26535.68
14737; 89179; 11005.13
46657; 94536; 48812.90
30355; 70986; 13091.24
7973; 70324; 30749.70
66160; 87471; 21527.30
23458; 12898; 27777.92
74268; 95233; 2406.06
46561; 72472; 43312.65
20382; 18359; 33941.35
9573; 46187; 28272.56
96389; 13614; 35537.42
65331; 66469; 35063.00
18479; 61936; 10367.81
60259; 50609; 26688.98
89430; 49932; 16191.93
75692; 76578; 47286.52
19904; 80728; 48999.02
77922; 51216; 43068.07
80900; 16943; 35461.74
47969; 86997; 5544.01
10307; 90458; 2713.25
55225; 31129; 36494.10
33610; 88843; 38573.58
24506; 33755; 989.12
65877; 25663; 16255.40
13341; 62894; 28487.15
90830; 60783; 40148.15
50976; 72181; 6494.73
45996; 33984; 4341.10
47551; 33253; 35216.78
34031; 75494; 4082.09
35144; 62615; 9630.67
47032; 94833; 31466.87
45527; 69208; 37466.68
69664; 43786; 530.24
80450; 17982; 49091.51
8752; 99484; 18343.92
23087; 10226; 48161.79
70352; 11648; -264.62
51430; 50142; 896.50
75459; 83841; 18429.22
10094; 32595; 9018.35
82378; 75300; 8680.23
29622; 55252; 4396.77
90545; 30273; 29785.77
76233; 33190; 44517.56
93585; 33264; 25120.10
59340; 13976; 30915.17
71462; 25765; 40263.84
41850; 48198; 4942.63
90526; 33647; 29300.37
22939; 23070; 24631.38
80102; 30349; 49865.77
45223; 69594; 46394.63
72824; 60966; 39095.16
16254; 97648; 27500.32
45347; 42272; 17967.52
32385; 74325; 9011.18
53990; 15451; 17595.23
63970; 96462; 35235.69
78481; 22947; 42312.60
12921; 96967; 32567.61
70119; 83793; 28541.88
70720; 78376; 19406.34
72615; 94305; 9647.07
42984; 27757; 22119.18
26957; 48398; 47184.49
56878; 62984; 21474.51
11798; 74286; 703.62
14673; 52141; 27843.28
80909; 60961; 14947.83
38643; 99660; 34794.53
70147; 15456; 8997.98
12689; 50254; 44550.67
99022; 84878; 26910.75
85008; 51111; 36832.48
71030; 13665; 1883.98
40707; 60449; 9006.07
71485; 16872; 41099.18
90674; 66859; 36796.27
69679; 33368; 25191.65
90277; 15861; 45488.44
13930; 69930; 47473.20
30041; 51983; 3184.66
27687; 74916; 9940.22
84941; 90349; 287.43
51002; 37004; 44966.20
16247; 48068; -260.69
32508; 96454; 40588.71
44352; 33207; 49347.82
30933; 58730; 45837.98
53685; 15866; 7374.41
79479; 42266; 30899.07
34840; 65422; 33859.98
94083; 92076; 15141.83
86634; 45732; 20164.77
2340; 64511; 41089.52
50431; 46449; 42053.03
25837; 73991; 12297.99
2367; 92121; 34472.42
6478; 68868; 6008.86
91374; 39225; 3061.48
15992; 25109; 7525.65
65033; 18716; 8759.61
43910; 31937; 47146.91
34619; 99247; 35608.68
92097; 62193; 13882.74
38544; 47316; 42703.16
35275; 24220; 37929.96
52761; 36493; 47485.56
73712; 75269; 9639.80
68924; 14678; 23182.33
15331; 24602; 11046.58
51864; 34179; 3722.21
91913; 18834; 11708.47
81651; 58614; 21624.48
19711; 67936; 29648.57
6380; 96884; 46647.59
25768; 37581; 36107.96
6735; 84553; 217.66
21016; 54741; 42904.12
33873; 33006; 17180.92
27299; 94428; 2349.62
50811; 30066; 47314.48
67269; 18342; 10874.40
83210; 35472; 16462.38
95526; 67523; 778.14
58741; 19094; 42092.83
79860; 79278; 14034.23
22115; 28790; 27129.73
42622; 17433; 5123.97
9536; 63729; 25661.39
3288; 91079; 35884.36
95906; 52160; 18203.79
19807; 23604; 34057.99
1773; 59966; -327.24
8656; 60793; 38319.12
16681; 39428; 37989.90
5613; 83877; 27051.92
3594; 95047; 41111.92
63446; 84906; 32061.90
38023; 99864; 30610.48
59939; 41151; 33985.50
81295; 42773; 16929.89
84453; 69635; 23696.02
21072; 69535; 26590.96
48203; 39339; 6792.57
84505; 32852; 48133.50
51915; 43713; 44037.84
49244; 12744; 21302.70
40302; 28872; 1649.02
54788; 80975; 42510.02
53721; 26387; 41926.84
47260; 37276; 47065.00
56199; 64752; 22759.37
60285; 68181; 47594.89
61754; 57652; 16558.97
88211; 62282; 6222.29
70459; 36989; 11923.36
94400; 35030; 28203.52
96591; 96419; 39098.35
48633; 70735; 27184.38
54504; 59127; 32022.00
28985; 61488; 6637.24
15240; 81149; 32437.99
40363; 91735; 20311.95
27137; 38465; 16553.00
21541; 96461; 18906.67
68829; 66594; 8605.92
59062; 13124; 34545.47
51589; 84369; 33183.17
36824; 99211; 27949.88
21428; 94048; 19794.76
26927; 29750; 20270.13
62417; 42204; 43335.52
18112; 73790; 15468.84
81258; 79545; 36633.54
5627; 98629; 4401.76
9566; 21239; 584.04
7914; 53451; 42556.35
42064; 56752; 9751.86
20739; 37919; 15031.87
9653; 57571; 30973.20
42353; 86473; 45178.01
59538; 72270; 16600.35
23966; 47976; 14813.64
74647; 30946; 44991.26
20925; 31398; 20466.89
70770; 91040; 20188.83
74618; 82393; 31248.47
92732; 46861; 34343.17
33688; 24858; 33025.39
20221; 68314; 4401.98
6161; 27773; 43951.71
62972; 59724; 23582.44
3615; 86831; 34250.14
48498; 67794; 29037.01
24833; 68632; 44646.40
65456; 98049; 28122.54
45535; 21142; 44267.78
10029; 33230; 6314.64
40335; 98784; 19377.60
20593; 24545; 49641.29
88674; 35838; 48059.54
43034; 48318; 35426.11
11888; 56492; 29942.03
65847; 12091; 30904.04
78374; 64753; 49580.94
48869; 43123; 9197.17
37732; 78214; 45166.13
4072; 74174; 15587.66
22873; 16817; 32294.96
92817; 50191; 12787.23
57747; 54239; 1543.01
99303; 96074; 22633.42
11517; 53636; 27339.34
18124; 91811; 39.23
76189; 12518; 14786.88
27167; 71619; 18690.86
5716; 98067; 13149.33
50170; 53992; 18023.09
68185; 65641; 20063.35
45843; 27346; 47116.77
95256; 44286; 27395.32
65071; 46915; 12966.96
59965; 98055; 3782.16
88323; 51761; 43004.70
15879; 13015; 40443.13
15031; 41845; 3257.94
49940; 18514; 7277.31
32056; 21453; 43116.37
2264; 11762; 36693.43
45713; 90931; 3054.33
77382; 92067; 48265.04
61393; 92706; 43606.77
88154; 23871; 30434.54
8361; 28181; 9575.83
98788; 20637; 8871.53
95143; 22004; -306.02
90863; 40549; 10116.06
94975; 20408; 19038.50
82979; 79380; 9228.25
26860; 74920; 30075.62
25387; 71500; 14047.21
89625; 87569; 43182.92
9030; 68001; 8838.86
1827; 20427; 8380.47
26915; 44506; 6766.58
72040; 85423; 48622.55
92746; 26254; 34994.84
10932; 34667; 8945.93
43127; 39847; 7702.39
84269; 87635; 14484.33
55038; 76408; 31850.05
29607; 65905; 12172.96
46188; 41558; 26292.82
86831; 99591; 12209.24
99867; 31137; 2764.99
9229; 74739; 16883.27
97064; 17917; 30802.19
57373; 20479; 33538.77
94861; 68449; 105.95
98552; 98408; 3955.70
78088; 57379; 34752.84
80364; 98892; 47944.45
75606; 44398; 36221.02
42820; 69085; 17584.68
63973; 58554; 24734.59
65105; 51087; 27068.80
98644; 34941; 11019.64
23354; 15596; 34388.66
54704; 70941; 43938.72
43515; 62853; 22913.00
61868; 69267; 7210.58
97712; 60536; 20689.66
4208; 28275; 39307.40
50998; 92862; 7043.89
48934; 11828; 21436.25
87739; 32646; 7127.45
25105; 38441; 4289.73
52287; 71903; 7069.94
45212; 35920; 594.87
52410; 30750; 14827.87
73001; 46394; 11000.83
64771; 89537; 36048.32
57735; 67030; 47340.21
21948; 73876; 48439.55
8832; 56316; 48052.69
9769; 52373; 35154.22
80667; 47921; 6644.63
68995; 74779; 40082.91
55571; 74291; 154.86
41371; 92773; 7509.42
83635; 50712; 34044.91
57229; 90167; 5653.29
17964; 79420; 13735.80
95995; 58936; 40259.78
17794; 58439; 28049.05
63065; 18273; 394.34
49497; 64657; 11928.55
43755; 40597; 45462.38
41964; 93082; 45744.76
63414; 46769; 27527.29
76657; 53392; 34765.64
17663; 52183; 38970.55
76009; 40005; 35259.30
80873; 41066; 40572.76
33649; 74040; 27946.55
3542; 51085; 25303.50
13528; 60350; 37384.71
82737; 52159; 3606.04
65348; 70645; 29931.29
96397; 44866; 2879.74
52062; 35320; 39459.72
37203; 28754; 17871.01
8736; 72094; 11952.57
83977; 10400; 16024.33
82350; 73249; 27874.83
36750; 51947; 23977.23
42178; 89268; 44102.28
27222; 94651; 9003.85
79326; 89309; 5578.30
97130; 17938; 36642.49
26551; 78616; 39841.85
38022; 42535; 39430.82
56442; 11430; 14557.94
27770; 28882; 14453.22
4777; 95411; 32021.41
56236; 20316; 18115.90
20348; 68547; 31107.44
73779; 30575; 29489.18
42168; 24122; 46813.60
60761; 46169; 9487.92
80500; 69419; 13880.52
77871; 26847; 15801.59
3222; 26241; 2147.39
43799; 82427; 23593.63
19579; 51322; 41506.12
50155; 82106; 786.00
57919; 94715; 15856.15
24330; 52809; 30460.64
5526; 94360; 13786.90
75136; 84518; 1488.76
68070; 17321; 36000.22
94541; 27284; 24582.17
9899; 28338; 7154.28
69521; 31414; 46976.20
31803; 22040; 37610.31
47803; 54323; 3598.52
46032; 19119; 24369.01
72448; 18146; 25996.31
85124; 61903; 34576.62
72840; 21727; 40625.39
59785; 30848; 5320.08
35177; 39805; 11582.90
85509; 99590; 27663.07
7879; 94266; 42066.11
30559; 72743; 1640.94
29704; 40495; 47473.28
19045; 75612; 15632.68
51793; 93142; 33348.28
3523; 76879; 38159.60
65517; 13081; 33316.92
92373; 64386; 27276.57
6259; 36230; 29278.27
28372; 40081; 28928.33
1937; 55794; 34942.12
77229; 58249; 25212.01
22519; 62059; 10245.31
71284; 10963; 45717.63
98550; 91630; 13711.57
73910; 59060; 25299.42
21953; 36422; 37585.66
34590; 53841; 9386.51
35123; 61463; 5517.97
38405; 69198; 955.28
80084; 95381; 33428.24
54174; 36816; 8834.02
6460; 60784; 40134.11
98362; 36946; 9607.20
75738; 49139; 41562.95
89369; 38094; 44275.93
40763; 57308; 22920.88
85912; 92066; 11105.41
34073; 38417; 25310.52
41619; 11620; 10429.39
24713; 53769; 9920.81
95364; 60930; 35858.45
61015; 61216; 29891.56
22660; 74445; 23748.87
79215; 47400; 39647.66
88428; 42573; 3422.54
15058; 10035; 42560.41
82169; 16557; 42786.88
36944; 10001; 14824.05
50993; 84463; 48041.02
13744; 17017; 18086.51
85642; 35006; 48532.48
98235; 58866; 3343.02
55720; 95672; 630.92
5586; 25738; 14753.53
35435; 69890; 46471.35
27825; 25771; 45930.02
98551; 99368; 39534.51
63456; 32882; 224.37
12284; 40776; 22489.85
76992; 83065; 13293.29
3956; 83823; 23726.11
96870; 30092; 10381.52
53106; 98869; 18559.96
5870; 75198; 21340.62
62040; 64057; 8338.66
2739; 85597; 44819.11
87063; 18258; 47951.16
37808; 46905; 35802.98
27568; 45033; 732.85
36646; 34650; 11358.33
59718; 10255; 49789.79
6783; 83821; 41687.32
58061; 83261; 47583.39
65032; 40345; 35636.25
98324; 16198; 13969.11
12588; 88387; 18048.51
62928; 81380; 7776.68
87324; 58663; 36173.03
71879; 29096; 15695.92
84796; 55454; 20053.58
77049; 62662; 18291.55
46539; 48331; 6955.48
89166; 74816; 33623.39
54454; 57229; 48050.01
12330; 88925; 12286.62
19040; 53621; 46198.31
85602; 71152; 22263.82
71675; 99173; 7795.95
6604; 55017; 25070.82
82928; 29012; 29739.02
71806; 92928; 41516.66
21896; 85195; 6545.83
27976; 61950; 3628.04
55916; 24664; 49520.45
72302; 15502; 25738.23
76427; 10529; 12363.22
73148; 97115; 47085.64
97955; 39724; 34042.54
44895; 74117; 5404.53
96925; 58932; 27196.76
52768; 78566; 32673.04
52485; 38714; 28639.48
99281; 63477; 34233.95
14949; 39597; 31843.70
60461; 30408; 41634.64
99739; 34684; 35668.20
67127; 24129; 24507.75
10464; 50180; 11712.58
54230; 49696; 41174.21
72036; 93656; 4377.65
26035; 13080; 319.11
39769; 25869; 9957.91
90192; 19350; 2884.60
60323; 25591; 20806.84
47860; 96715; 19851.54
92464; 88323; 14660.88
51822; 59140; 10026.64
57167; 91167; 29279.39
63710; 93259; 30547.56
6488; 99013; 24312.34
5131; 75535; 15641.41
5068; 43525; 34881.89
51299; 80650; 38374.26
56404; 86955; 30821.70
47013; 99764; 24260.58
4581; 59803; 1452.91
64890; 21380; 23481.03
72268; 22065; 3689.72
95932; 92745; 46076.70
60596; 59787; 37327.14
32637; 89116; 49192.01
5501; 52319; 15145.59
93279; 69139; 10436.05
54819; 22445; 19.84
17827; 87781; 43067.19
4700; 76361; 21943.71
66807; 33754; 22890.59
92374; 84062; 19102.99
71210; 95682; 36078.71
34187; 86763; 5442.26
68729; 74369; 8282.89
60208; 48455; 42604.53
6218; 48048; 29856.58
56932; 24375; 34183.77
11069; 36099; 23848.38
33642; 10746; 19058.84
98587; 95704; 45223.20
50377; 15750; 14764.97
30284; 54573; 43211.06
77489; 74664; 11050.99
59283; 25216; 4627.65
19245; 27301; 36888.00
80325; 83763; 695.75
66030; 58060; 39614.04
57357; 12691; 35274.64
91939; 58272; 31559.02
14936; 64869; 23419.73
37556; 67185; 27642.72
56345; 18773; 2791.35
35442; 97123; 17560.95
53602; 76468; 45923.36
19025; 25861; 717.52
12321; 84766; 8932.93
26757; 68471; 32823.03
72554; 58931; 27647.11
63636; 18758; 48528.70
87017; 34315; 28897.09
16184; 83356; 1507.67
27535; 29318; 14667.33
98863; 61211; 65.28
8863; 76872; 39298.40
15778; 78755; 33128.52
77752; 79536; -52.70
18964; 51881; 45996.95
63965; 37991; 9027.68
63227; 72688; 23676.08
13982; 32599; 19086.81
84020; 92186; 26840.84
10295; 29151; 33187.66
67829; 29058; 42989.87
9912; 72611; 25425.92
10514; 84207; 7819.00
83174; 64199; 41908.43
48411; 39536; 41312.77
54266; 17821; 37494.73
6624; 52006; 38921.92
4626; 35245; 33418.63
49979; 61219; 22216.33
30454; 26688; 23707.97
67787; 63284; 32125.07
84275; 30615; 11687.70
69322; 47699; 24605.24
10837; 66720; 29791.00
55698; 18694; 27865.18
93336; 29079; 38532.36
6236; 58433; 13508.17
37809; 70883; 32333.43
45758; 49779; 41734.39
80337; 52872; 45926.00
62592; 77035; 24133.27
91236; 87274; 34610.10
90415; 89325; 29766.77
76233; 27991; 23201.07
12925; 74182; 48748.95
70827; 77763; 30626.52
9248; 42976; 31270.63
36553; 47872; 29518.91
30863; 51032; 46304.40
43488; 41380; 28083.75
46680; 50153; 9188.25
44908; 77852; 33643.06
37506; 44591; 29686.91
88776; 96391; 9011.82
81354; 28255; 40013.34
91221; 48668; 9093.29
90912; 57380; 35487.36
73470; 52092; 9825.46
61645; 86251; 25765.69
16363; 48202; 31749.07
27965; 88398; 39392.22
45220; 33996; 44307.30
66136; 59151; 11904.51
64483; 45486; 46590.44
61172; 80439; 16740.67
34387; 89427; 3138.54
17309; 59356; 40562.28
52521; 10428; 2860.59
34398; 74887; 22465.41
73174; 86491; 40968.49
67993; 84377; 20734.91
35825; 16683; 49069.67
83327; 74167; 29561.22
63438; 67301; 19037.68
16655; 28314; 8645.79
48360; 17143; 1572.25
10211; 46353; 4926.81
71152; 45181; 5934.82
13568; 65478; 9847.08
87546; 84261; 2523.93
15605; 54250; 48830.23
95315; 46329; 13851.50
32546; 40210; 10632.10
80123; 84791; 37462.19
73432; 56340; 41958.78
20884; 13008; 27462.37
42512; 38819; 8178.04
51236; 36626; 26856.42
3285; 31023; 4104.48
98053; 90495; 48922.96
36353; 73734; 5790.45
33269; 63267; 10659.16
61228; 89902; 7864.95
23746; 38880; 13613.27
1415; 41296; 33393.66
58041; 85974; 42975.21
51685; 68479; 10276.08
14155; 20747; 20131.00
59213; 68002; 7094.47
51393; 90616; 37410.06
4018; 80944; 38135.32
27886; 98252; 24321.75
69673; 54864; 15765.04
66409; 76526; 30589.71
58958; 89502; 9876.21
19941; 20139; 29848.15
92610; 99558; 18572.05
53953; 37149; 10505.38
47303; 63097; 13344.16
94707; 48099; 44871.86
50734; 88700; 43825.39
4181; 99979; 46730.91
32991; 94603; 34727.84
60276; 12867; 19137.93
46243; 57123; 18739.03
65350; 67185; 36071.01
56592; 21725; 21586.80
46643; 39957; 13090.64
35060; 72721; 7483.96
29722; 86741; 32072.95
79525; 79590; 40412.18
5757; 59996; 17910.88
30960; 21792; 35208.78
21808; 22108; 30580.22
73459; 16562; 12144.75
69846; 43442; 22381.59
39424; 28564; 42854.26
37505; 34382; 11068.98
41841; 31840; 25785.65
31384; 22094; 30857.70
76053; 95802; 39046.59
98136; 33061; 14056.27
62636; 65478; 44693.56
31965; 12252; 40290.30
26609; 88988; 35482.72
9831; 23305; 13086.73
24426; 79986; 5768.93
61625; 82540; 37923.44
95792; 33451; 7212.29
25485; 42197; 39238.87
43661; 32517; 38200.66
68272; 12715; 24796.11
8451; 61616; 6314.93
7336; 71481; 7373.43
18339; 41709; 43015.26
49128; 85217; 39049.45
61608; 42216; 22474.68
94088; 24401; 35528.20
22245; 93903; 30103.54
6540; 18791; 49134.24
18813; 10075; 14003.73
70323; 74219; 33715.03
52775; 82130; 26844.18
53939; 78819; 23064.32
85849; 78112; 17373.74
80366; 85690; 35776.97
99217; 63110; 37457.38
69612; 63435; 7928.22
66500; 26546; 40144.36
28117; 19622; 29789.81
49169; 49117; 5334.58
55055; 60144; 18485.18
49971; 13129; 15384.53
27044; 12102; 10386.31
84683; 29289; 22221.99
78388; 28329; 32278.10
40580; 61951; 11846.83
3146; 39762; 45135.02
34150; 73802; 19661.58
94439; 70975; 18264.14
27829; 70725; 6085.91
7730; 42160; 47360.13
84889; 23275; 14418.61
7962; 55947; 22987.02
51666; 95646; 43541.70
11239; 88412; 14344.53
68182; 82300; 23593.96
63843; 18880; 17300.36
26359; 50677; 46060.26
22750; 11449; 49601.03
20128; 83608; 13115.23
4235; 76782; 10544.04
69300; 58662; 719.06
53876; 53783; 39824.81
61331; 55472; 30899.52
38345; 58230; 2071.28
68763; 86758; 5726.54
58461; 73899; 21387.11
68367; 14739; 33149.16
72826; 84232; 25050.36
21097; 59535; 16172.68
94620; 67653; 36438.22
84257; 45010; 6769.55
26733; 22214; 30652.15
37144; 61694; 10622.00
6768; 49703; 111.79
18424; 35492; 20627.98
26383; 64734; 39873.32
20876; 65956; 27126.33
34442; 37605; -471.37
9680; 31416; 42871.45
35800; 73263; 39244.11
29717; 71381; 45714.27
22706; 98160; 24420.85
11481; 97741; 22710.12
45923; 90844; 36260.06
49774; 71463; 47761.26
34827; 85634; 27707.71
98270; 53332; 31391.99
43799; 79036; 7357.72
90385; 87303; 25762.44
37564; 87837; 38803.95
33151; 39648; 40654.06
57868; 73359; 13245.52
67694; 49396; 24693.16
95932; 63046; 2089.97
78554; 49366; 39984.53
34769; 23958; 41115.48
73746; 39311; 42146.65
29698; 42602; 22949.55
21087; 22923; 34717.78
67301; 57578; 20338.57
53409; 64957; 28111.93
40201; 20633; 11745.96
82665; 73068; 47398.83
87885; 18692; 38635.79
8458; 67098; 19999.20
57645; 30191; 20418.26
5010; 53749; 46848.50
16496; 50371; 11401.96
65469; 61949; 29215.37
54125; 66374; 42397.23
38547; 41881; 30333.92
22613; 54054; 7539.20
43879; 87784; 18530.81
11863; 23193; 3645.79
97656; 11112; 7077.34
57169; 74572; 44777.36
92407; 94930; 7170.33
7731; 10273; 23296.01
5284; 27495; 14216.86
49072; 98963; 34125.92
92748; 56825; 33135.94
12471; 15299; 7843.69
41601; 53272; 4548.55
77397; 20793; 49403.33
81525; 10027; 40982.20
26198; 32273; 44801.33
65272; 24095; 13000.18
39198; 90666; 41760.92
10395; 90312; 13864.47
9512; 70599; 30111.47
35076; 30629; 31994.93
92742; 77487; 4354.07
80493; 39332; 34296.12
5198; 61562; 42533.90
88164; 31339; 34592.89
60311; 57022; 47561.08
41160; 48489; 32501.22
53572; 64784; 40251.78
31818; 50543; 33145.90
28596; 41546; 22794.98
93174; 30344; 1358.28
8700; 87028; 43694.65
20356; 24113; 49910.40
17529; 29572; 35999.87
38024; 53611; 34230.15
76926; 41359; 35791.34
58060; 63723; 5692.23
85451; 97591; 47100.23
73367; 87027; 14778.57
93944; 37495; 44727.28
87007; 14434; 17892.57
52222; 35098; 16926.83
7411; 14112; 41976.63
34053; 61060; 8921.41
66223; 70752; 32745.64
53099; 52412; 22205.42
43848; 65358; 32749.44
99502; 84261; 43340.76
25112; 10975; 43393.30
22519; 42846; 20497.95
64818; 53850; 6982.47
19394; 41460; 25395.61
65927; 46419; 45319.00
95474; 33660; 20602.44
2209; 92776; 17716.74
45952; 90593; 18337.71
1358; 23709; 23881.32
66677; 36438; 10158.62
44583; 99175; 32762.61
97540; 76188; 13309.02
52208; 79302; 49678.37
81276; 90245; 9431.38
96849; 15167; 22475.10
95254; 87460; 27129.72
71620; 69826; 1747.94
44595; 12348; 20070.48
83187; 18231; 23463.14
55689; 70757; 45662.31
80791; 84959; 11162.73
42311; 87449; 10756.43
35694; 49358; 44521.42
6073; 40077; 33255.83
76964; 43310; 19438.04
1561; 79565; 11075.65
30071; 68884; 11568.49
1294; 66362; 1912.07
10975; 45865; 26530.51
72636; 64624; 325.34
97043; 93888; 39293.69
79675; 96941; 2085.38
77044; 37972; 26471.55
73398; 47690; 38873.58
31780; 60990; 27818.11
44068; 33230; 27025.69
27248; 11862; 34096.74
11443; 53093; 32165.57
63896; 12711; 4522.73
99226; 43841; 8035.64
39314; 98055; 12483.17
22215; 65895; 9806.71
22483; 57373; 4429.02
38850; 50565; 49893.20
91643; 81916; 31770.64
10991; 30390; 43597.67
1436; 41398; 2832.10
36396; 33458; 5225.22
60151; 54240; 5632.67
71070; 70987; 25294.37
64077; 97555; 30525.48
11914; 56695; 39344.50
47299; 33120; 19087.97
25811; 81474; 47219.51
96068; 12389; 45501.46
82309; 21327; 49602.21
22271; 29111; 16776.11
69430; 80098; 9305.61
83781; 56056; 1004.35
52023; 66675; 4730.25
68163; 62751; 10224.18
25922; 91405; 31693.21
77854; 18768; 48794.93
98602; 39720; 41642.81
65798; 83067; 38427.37
51760; 52233; 31947.63
27098; 15500; 1337.16
25652; 10487; 28332.43
3244; 97107; 46662.96
86028; 54397; 20484.45
1974; 51309; 43031.35
12170; 27574; 42072.63
78941; 78224; 27851.32
16269; 87710; 6356.40
65794; 82559; 49804.85
96145; 54656; 5547.53
5257; 93634; 15511.88
41902; 80396; 41019.31
39463; 15103; 42862.17
8197; 49348; 33073.60
18946; 43853; 40692.51
21058; 46787; 16667.03
55005; 19751; 48744.04
48682; 19845; 24663.50
97813; 49298; 20046.98
4427; 47375; 16051.57
94297; 22199; 43410.00
69806; 89024; 29777.07
14123; 57517; 5225.40
35629; 53749; 15574.74
17217; 33936; 28608.77
77313; 20333; 11191.73
37243; 50827; 41994.09
73116; 80950; 45605.15
11441; 81950; 46728.07
91502; 81573; 14508.92
73399; 96232; 14526.08
53907; 15339; 15250.56
56072; 22185; 32723.82
36264; 16822; 6413.03
13362; 87110; -297.52
63518; 15573; 23195.77
48333; 63213; 26869.20
35640; 30815; 29338.12
74556; 42450; 3641.45
23069; 34265; 32248.53
75581; 23614; 31357.36
3207; 71645; 10530.10
93820; 26601; 8053.16
90449; 76805; 11548.62
54465; 10692; 33911.27
36823; 85588; 39630.38
25582; 74572; 27151.97
8781; 66324; 10155.88
88409; 60913; 9219.83
70177; 48365; 16885.53
54021; 87433; 20282.92
76803; 47704; 13102.69
81790; 26337; 35198.67
34423; 94978; 30065.42
1190; 25022; 19980.02
26056; 43152; 34410.65
76578; 34164; 40629.53
77048; 25725; 48342.31
33608; 27360; 35408.94
31258; 42767; 37116.45
96846; 19463; 34045.44
18427; 38591; 13465.73
15760; 85310; -357.71
28551; 24519; 41413.52
2803; 64179; 4901.16
28044; 68598; 6791.38
95937; 94929; 39172.67
49333; 52613; 48851.13
50640; 96444; 25702.73
37053; 68118; 32987.55
84237; 29125; 9942.46
47291; 34641; 43432.53
87809; 41820; 24240.62
36900; 67337; 1971.14
1400; 66792; 22910.92
9048; 17810; 37290.38
69718; 47889; 9793.91
15472; 47645; 6605.24
37612; 33207; 21020.69
2804; 72027; 39177.61
70414; 18558; 29117.46
46592; 49740; 32034.63
59896; 36335; 34265.76
37125; 72499; 48157.16
36342; 31031; 23757.69
58426; 27496; 365.86
31726; 94570; 24038.08
29688; 82318; 25239.73
19965; 24394; 13017.63
49605; 78423; 12367.96
13954; 45626; 43031.12
68696; 50660; 37193.35
3660; 18253; 28141.37
15040; 41617; 44888.17
34043; 42020; 37765.71
88614; 82870; 42720.43
76289; 79457; 46052.29
83250; 75147; 48861.31
1441; 29542; 47910.39
43909; 82597; 20696.17
45734; 10191; 23791.47
25559; 24216; 36497.26
95487; 65685; 12183.97
36643; 86833; 9573.07
53684; 97796; 42016.46
79849; 84083; 27983.11
13594; 59797; 23328.65
26725; 42097; 15898.11
45059; 56777; 23304.88
32610; 79794; 16338.17
30829; 66468; 47853.84
3153; 19996; 4711.22
18956; 40317; 20242.13
6751; 36864; 23087.69
71120; 19516; 4682.07
72901; 67839; 35780.76
29931; 38119; 10532.76
13695; 14799; 12451.06
78004; 63626; 5574.01
37754; 94281; 29225.62
59961; 37405; 4220.89
32025; 90186; 5498.34
33809; 88423; 26613.00
83458; 41615; 1730.61
91308; 46317; 26824.29
87153; 10833; 46274.52
65166; 38358; 39683.98
44351; 23119; 3979.86
77399; 40058; 46202.96
37394; 10012; 21068.84
46738; 56779; 37543.03
73913; 31534; 858.42
13780; 92209; 28371.06
88464; 46078; 9223.50
21572; 40699; 36742.49
97002; 33513; 9390.73
28403; 35905; 6197.72
61405; 18031; 32913.89
30573; 91087; 6293.01
16450; 36760; 18015.44
40268; 66599; 7273.44
9292; 30849; 23423.37
1999; 32462; 18414.05
70865; 32950; 34064.20
56096; 24224; 3783.78
21648; 37759; 3197.26
55401; 24213; 21448.23
92709; 31782; 12940.08
69191; 82744; 44133.35
70581; 87553; 44898.24
77758; 53260; 44262.60
21630; 87892; 26408.81
75356; 38257; 47657.71
56690; 32562; 30352.91
59336; 46592; 15444.38
80466; 38068; 46273.76
3625; 35725; 19993.72
50220; 80182; 22975.85
12930; 86205; 5325.05
92031; 26617; 44991.96
31112; 79932; 47452.91
15832; 83408; 23705.74
86151; 86108; 35478.67
18723; 16924; 25656.70
71651; 40382; 39846.62
32520; 16652; 25175.01
80547; 81259; 44163.26
32653; 80648; 27390.00
45448; 78822; 26647.11
35033; 44228; 16269.83
18849; 33371; 1722.94
65291; 36909; 6555.48
29902; 93394; 4013.85
20375; 91899; 21838.56
56328; 93080; 27109.68
97697; 52184; 22775.41
90304; 46216; 49633.97
45260; 13926; 1171.86
2511; 13581; 38652.86
91555; 13172; 43075.73
95776; 13977; 3723.51
22616; 93498; 29084.95
11830; 34958; 23779.38
13879; 67537; 39074.31
71651; 94875; 18262.74
83686; 89281; 804.98
20631; 56312; 15298.62
89103; 25093; 39631.82
67062; 94621; 14138.02
39291; 44184; 7543.36
72535; 29391; 29817.59
76547; 80780; 23577.31
65374; 78448; 45467.81
11040; 29736; 8374.11
38876; 75721; 30893.58
6565; 51171; 18661.99
6293; 76472; 21451.84
4440; 15786; 29760.19
1366; 96774; 12694.91
33192; 59531; 16940.28
45759; 21624; 17754.07
68618; 46055; 26266.78
54108; 59508; 27931.58
31907; 64129; 7038.29
36312; 77067; 11006.16
43158; 58439; 32896.86
48999; 50648; 40989.70
76605; 59194; 36344.78
73422; 15161; 31063.35
7951; 63311; 9999.78
54763; 88918; 42729.29
74172; 70296; 30713.60
3227; 91841; 38820.00
69920; 34217; 5851.22
8957; 45102; 40000.68
17044; 61337; 12267.16
70281; 26287; 44455.35
70375; 10651; 12711.20
97113; 43903; 48088.68
85381; 33258; 27147.62
63081; 75332; 43962.93
33638; 77589; 9289.74
95133; 34600; 26180.23
9410; 62390; 13023.87
21297; 98211; 2809.29
92310; 62439; 30763.27
39686; 32396; 25847.04
85565; 97752; 33182.44
41304; 63430; 14528.13
3714; 41813; 43912.03
94977; 27106; 18096.95
96057; 79248; 21259.90
14643; 50577; 48019.07
34010; 20769; 22829.25
6344; 61142; 14227.08
83789; 61102; 7411.94
99342; 58977; 37761.73
6546; 34456; 19865.60
31025; 98572; 18136.90
72233; 99546; 8941.24
26122; 13049; 33267.55
62581; 59449; 15040.34
37672; 48089; 25405.50
70514; 76219; 45771.86
3948; 39604; 36404.39
49283; 41646; 27582.56
66663; 77993; 8511.96
37101; 53457; 36137.48
18596; 71037; 30309.81
92382; 18064; 33520.73
45555; 14920; 14129.66
84765; 17539; 49652.86
39191; 41302; 9834.31
29329; 37385; 48471.46
47538; 35471; 41340.54
34779; 86955; 15411.23
93914; 26014; 19433.36
30082; 28535; 40200.37
12804; 22396; 35420.93
60604; 78971; 23055.73
17223; 81352; 1940.68
27033; 41600; 29462.54
83689; 98969; 9498.50
29414; 27656; 19952.22
43338; 39585; 1480.16
54300; 14555; 36029.72
11992; 90199; 37948.36
66099; 52918; 49566.81
13492; 70517; 48017.37
54372; 82423; 35874.45
69743; 11098; 38.93
25225; 37355; 40927.62
4853; 86820; 4890.66
55397; 24681; 27261.89
79275; 78664; 46178.49
33032; 59452; 16359.52
84471; 75188; 12826.30
38178; 88128; 5544.90
95998; 64461; 45791.94
82403; 99144; 10291.94
49222; 89920; 39500.17
18553; 17594; 3350.72
80127; 19294; 40329.94
69938; 93792; 38479.30
38596; 24267; 26731.08
30601; 40323; 19548.61
63566; 54951; 41822.29
77881; 28257; 37704.32
54382; 35520; 8115.33
95759; 30667; 47050.81
80504; 88900; 25045.56
10633; 41475; 22290.24
44934; 54262; 20622.58
13088; 43442; 46655.78
92149; 48528; 6067.65
71268; 63378; 47003.72
6616; 58081; 31339.14
45235; 41149; 24364.96
52838; 66186; 21486.25
98485; 16076; 25726.63
13580; 25271; 37190.32
56904; 12355; 46911.68
26288; 17259; 25772.96
27631; 57359; 19224.78
80616; 21584; 40817.70
4574; 60631; 7276.59
60720; 19526; 15679.10
98669; 37899; 4547.26
24004; 38652; 12328.36
45634; 56634; 2128.63
57333; 76725; 27289.72
58178; 84978; 4993.07
83100; 73605; 20935.91
74580; 94430; 45072.10
82419; 37637; 49187.95
35574; 48063; 37358.00
6287; 25181; 11726.06
73683; 10649; 39587.47
59645; 35437; 16801.77
32119; 72506; 43073.10
73127; 79285; 6393.01
7045; 37782; 11304.25
50060; 90544; 36054.80
7999; 23431; 33184.80
60183; 12366; 30086.94
7224; 76505; 18096.26
74985; 86132; 35231.13
38925; 47455; 28491.42
3067; 69389; 49590.65
77401; 31705; 19844.18
79361; 85076; 31000.67
83046; 65146; 38214.74
76066; 59265; 43413.79
87084; 48851; 41429.25
85115; 89254; 37854.48
98782; 98592; 33753.10
60795; 21751; 44402.14
39738; 29029; 26530.86
48996; 85927; 18896.99
75548; 42532; 6920.06
75100; 23493; 14367.58
66593; 50579; 28258.82
26487; 32953; 44472.25
15202; 34242; 41878.91
30232; 48591; 38916.67
57344; 62980; 27977.71
8179; 63453; 30922.00
4009; 83126; 23385.37
53165; 93917; 5444.69
55749; 14000; 31917.77
23795; 38299; 15129.84
95948; 39898; 25759.69
29887; 52700; 33342.40
79957; 57422; 32334.57
69184; 28156; 32691.59
74551; 12293; 41716.55
38316; 10402; 44811.17
54408; 96977; 5449.17
19672; 84221; 30305.35
45740; 13924; 27237.24
20299; 63245; 29320.86
48018; 81368; 33665.99
57904; 96627; 12934.95
73170; 60126; 28432.12
46182; 63336; 31332.82
29394; 11957; 27870.60
56830; 22878; 33436.59
90872; 29099; 38207.80
70272; 51116; 28361.10
99359; 25753; 12222.49
26171; 45002; 19632.86
20523; 41536; 29174.37
41729; 76719; 13231.02
6316; 13860; 41542.76
22527; 72707; 37492.81
1128; 10853; 33219.68
68357; 66917; 29819.82
52024; 18205; 49921.40
16307; 60749; 24946.92
10837; 20644; 33249.91
81201; 53888; 41089.81
4340; 16280; 47239.85
50177; 79181; 2327.31
85972; 46601; 3545.27
83557; 89499; 3194.72
97695; 52125; 2243.34
54449; 33224; 43076.37
69394; 35676; 43527.95
59106; 94157; 20262.32
19828; 16592; 36363.81
29902; 93558; 13629.91
3204; 74915; 21752.80
79490; 46896; 19232.27
8626; 68854; 44214.49
96161; 62850; 38029.80
54955; 98000; 6066.45
18982; 55160; 482.86
13067; 74499; 36111.90
63146; 60393; 46116.05
22098; 84110; 34813.66
79878; 18754; 38340.21
35543; 12979; 19562.58
69679; 98425; 26443.57
9802; 35594; 9521.18
60489; 40423; 4003.94
18388; 51182; 17572.89
23445; 36557; 16909.43
53600; 24249; 23093.24
11374; 70850; 37.39
22531; 98871; 4633.66
80026; 31414; -476.55
15761; 38687; 37392.05
32191; 77278; 48966.98
42648; 27348; 23120.25
72580; 85161; 48809.87
50280; 25894; 9114.55
59653; 19743; 44515.73
72458; 48892; 15008.46
78667; 16446; 36162.33
23111; 85865; 15812.64
19461; 61850; 14347.83
6636; 22388; 21273.57
38324; 16933; 11443.63
27855; 99397; 12131.36
14318; 62213; 23255.10
15192; 28582; 45204.66
98113; 75491; 33197.46
23323; 34464; 3296.52
22165; 93763; 4159.56
65431; 87200; 26580.32
24906; 23413; 31227.41
35222; 78082; 46494.57
56032; 32494; 28412.25
45582; 74396; 39111.92
91017; 89494; 21615.52
56839; 40360; 43674.03
71694; 41854; 43770.47
68541; 33228; 26947.34
42738; 63533; 972.43
31003; 85028; 37388.70
97834; 13003; 24387.72
93119; 87150; 27002.22
84447; 66189; 19840.46
16596; 69450; 23655.22
9007; 62777; 42975.65
66072; 40926; 44965.78
68931; 29207; 42935.10
3026; 57852; 38109.07
50298; 80860; 6753.29
87364; 32405; 8612.67
83467; 55783; 16058.48
21868; 21296; 49603.62
89964; 96449; 17985.05
44915; 80657; 49438.11
14749; 44722; 19949.20
20705; 19550; 25903.29
23834; 19535; 49075.95
19185; 52911; 28177.29
60863; 87879; 47722.01
74076; 87415; 26480.10
90373; 45195; 11378.57
82715; 89817; 26863.81
72660; 12118; 47630.89
17629; 14952; 42469.06
5444; 89320; 34435.56
31120; 96810; 42009.08
57773; 88410; 35695.93
33869; 76500; 48437.81
85983; 27037; 14555.93
80376; 54265; 42229.84
80918; 77135; 27453.81
9653; 94839; 3742.71
46453; 69226; 31116.33
67523; 70015; 48102.71
99457; 14692; 34611.66
58855; 22014; 17525.36
24467; 40838; 44707.40
53645; 68665; 19220.06
26688; 80683; 38339.92
87078; 34479; 824.00
81685; 69245; 13382.45
11222; 90481; 2705.80
83289; 96991; 48654.55
65867; 90010; 26375.96
51393; 81037; 7070.81
82741; 85313; 45723.57
67296; 75172; 35786.26
21173; 26972; 15665.87
76602; 35710; 24442.31
99273; 15004; 39421.66
70748; 51714; 33918.92
1085; 62244; 31999.25
90435; 91946; 39516.46
49323; 16798; 34622.83
4918; 96975; 44683.19
48232; 61138; 18737.43
82204; 53499; 34123.43
75605; 15022; 1047.02
17361; 32009; 13619.65
72010; 33056; 38808.14
45909; 59090; 13050.28
24927; 78627; 19355.25
78803; 61651; 9403.42
47271; 90135; 14355.28
84663; 42325; 31514.43
18445; 99591; 26401.51
76504; 45291; 39371.52
30123; 35502; 27082.20
76051; 23513; 16679.40
22551; 44174; 3520.15
90198; 52975; 8923.39
45287; 73347; 8483.88
46003; 60997; 7967.81
76424; 32525; 19884.40
78217; 39052; 43350.88
30133; 55000; 26251.92
90972; 58503; 4662.15
67123; 23921; 27776.64
52277; 58395; 17973.11
85649; 74177; 25706.22
51630; 83227; 15881.01
80938; 52000; 37677.39
90142; 47657; 41155.53
30387; 10996; 9305.06
83329; 91681; 5558.88
89529; 77149; 41128.59
10766; 24836; 45650.96
79512; 73471; 7823.15
27102; 78359; 41567.74
44727; 86280; 11418.91
5940; 21273; 41847.42
28549; 61711; 15032.81
43630; 48489; 22410.67
43830; 52960; 9716.01
29389; 32742; 17988.56
29110; 64982; 23530.71
69750; 22763; 11526.52
56869; 68632; 42503.75
7002; 12104; 47969.91
35832; 29619; 34704.86
85320; 24300; 13815.68
12421; 14612; 38704.85
24242; 69851; 18838.09
70364; 25992; 34651.98
69645; 71982; 27855.02
80307; 27253; 37767.12
1881; 45609; 17729.82
31803; 77404; 26102.55
46654; 62716; 7720.87
18937; 53370; 27649.03
57118; 64536; 2447.64
43526; 86489; 25075.19
99866; 68953; 26715.20
37639; 49144; 43060.93
19116; 74580; 35158.13
67874; 54208; 49149.27
88728; 46649; 26838.15
45503; 87112; 20809.21
48672; 51592; 39274.19
81432; 47753; 8477.64
17894; 49916; 47879.26
16552; 20876; 40527.10
57112; 53554; 782.49
1820; 15164; 1665.18
41218; 58824; 31777.83
77851; 94848; 43859.59
10535; 40988; 6121.96
16169; 52726; 43358.50
10075; 37308; -218.73
45555; 72983; 1206.36
27750; 93023; 31466.76
73816; 33874; 33940.74
38212; 49749; 13860.33
69132; 78785; 30653.88
51570; 86865; 30808.09
94944; 74307; 6775.66
91486; 39109; 20865.15
84535; 67811; 35827.72
39360; 94298; 20370.61
98897; 10834; 6051.70
68543; 31981; 45921.68
38737; 37413; 47460.01
10121; 78921; 10531.15
23658; 81219; 40290.32
14875; 27527; 9116.40
9246; 26553; 9609.15
19771; 94560; -142.24
40959; 91797; 4176.51
50434; 11063; 44216.85
69103; 42079; 20476.08
65164; 30991; 9799.83
73449; 70710; 16922.86
70797; 31634; 38230.22
53956; 77984; 35161.42
88183; 69772; 8435.53
24680; 55886; 23744.02
43054; 44123; 37214.74
48603; 83667; 31200.59
64417; 27782; 18634.93
75870; 14285; 15934.43
82082; 21827; 25301.87
88789; 69450; 18811.85
87203; 82587; 11674.99
14402; 61445; 2181.37
24809; 67610; 47997.70
85596; 71442; 8365.22
60921; 38189; 9515.22
95004; 38478; 46252.65
86904; 86356; 48314.32
4836; 52706; 8680.36
21341; 85582; 47737.24
81584; 38062; 36920.23
23438; 23213; 36506.66
43854; 96146; 42620.31
10877; 93932; 14811.53
73500; 82175; 6765.58
22831; 52611; 32492.64
93074; 42049; 39362.26
71800; 36632; 15670.29
41378; 44967; 20602.71
65107; 94489; 22882.89
98473; 74631; 10552.73
52522; 47990; 11980.33
3563; 84847; 16297.52
34278; 85708; 40443.55
66289; 90112; 35632.29
16267; 33653; 44610.23
80116; 86318; 21659.20
25483; 84847; 8303.69
10159; 31245; 2299.59
33307; 97388; 45004.17
62408; 79074; 45488.51
95209; 24747; 10318.98
93788; 52844; 6482.91
74179; 78019; 11772.87
20561; 13680; 40522.20
99664; 22917; 6303.17
48750; 62052; 36324.76
96172; 17115; 27172.96
23710; 14935; 44110.26
35774; 82641; 24191.74
90917; 71027; 25690.51
67311; 84569; 21637.68
90600; 37601; 34512.64
95639; 58784; 33201.07
47840; 34203; 11458.19
71122; 61687; 46177.28
99383; 15300; 9700.76
37455; 49597; 11432.51
51836; 94594; 3641.50
76060; 85215; 15697.07
61321; 18704; 17017.82
22365; 37531; 43536.33
75778; 22264; 653.45
20557; 94267; 28648.02
96651; 86923; 37338.55
88032; 13149; 4169.99
27062; 72648; 13497.80
97327; 77027; 9238.99
81226; 35733; 45538.55
76569; 64471; 49605.01
11832; 37579; 34182.06
66518; 22180; 30239.21
16095; 29029; 19589.88
84006; 29782; 36453.65
16146; 37164; 7448.93
91018; 70338; 20210.63
99652; 96531; 6551.57
16095; 89408; 38454.53
89268; 21696; 5354.66
51145; 62782; 4777.53
24685; 15485; 5608.32
95590; 14183; 22047.80
95764; 54949; 32916.74
70357; 67361; 46586.32
26945; 91654; 37212.04
29061; 14852; 14327.42
26224; 66550; 18704.32
28315; 80274; 177.16
24440; 69682; 32356.64
88181; 49513; 38720.76
14582; 29612; 38100.18
37968; 33086; 4573.16
38283; 12976; 39386.77
90527; 61745; 31080.09
19430; 54191; 42922.11
76553; 97152; 15995.28
18646; 29677; 29614.32
50227; 26883; 364.30
78516; 35382; 34881.60
49067; 55871; 35939.50
9653; 95872; -437.58
29130; 97418; 28227.94
46251; 26803; 38850.55
77475; 75084; 41086.43
13736; 39997; 48428.72
16551; 28596; 13410.83
56556; 57056; 27259.60
71731; 58062; 19062.12
18083; 37788; 42240.28
34994; 19823; 44349.17
21469; 13361; 6612.71
64157; 17053; 20834.22
48424; 90511; 7678.67
31252; 83076; 24490.28
8904; 31804; 29752.87
9063; 68079; 35801.47
12190; 66521; 21023.04
78438; 12933; 20323.23
18037; 26578; 42930.55
70605; 95209; 47230.20
15029; 54877; 15631.48
21787; 99712; 31402.60
1993; 39076; 34910.65
38415; 14244; 12109.72
17343; 12209; 30614.93
54154; 75062; 28003.63
84864; 69175; 18112.59
41404; 91645; 2776.56
59040; 87348; 33691.96
46617; 58754; 13894.70
23607; 42256; 12189.70
14949; 27938; 41756.90
33912; 70521; 21426.34
15491; 15783; 27524.54
16533; 77394; 5693.16
28160; 13492; 40207.89
97558; 64076; 27469.09
14156; 68894; 19631.24
12793; 74092; 7674.66
68669; 15586; 26990.82
68744; 22770; 40522.98
88843; 58004; 22111.94
20415; 87692; 1039.34
95344; 24179; 48697.16
93314; 17969; 22904.49
26622; 76632; 1643.76
60370; 23325; 11948.40
61548; 40040; 16273.03
7265; 47712; 17736.62
70559; 46116; 24347.67
27148; 62509; 8336.52
93283; 35762; 751.90
75072; 67028; 8677.16
70689; 79222; 33656.49
59565; 65824; 35022.09
79139; 43260; 24556.79
27812; 25793; 27843.52
44746; 36078; 49987.82
27262; 89555; 19830.28
58603; 43321; 41835.70
52593; 67253; 41071.25
11345; 56299; 29049.93
69762; 41529; 41450.00
92681; 72259; 458.52
8547; 44865; 19850.71
56779; 23129; 15185.36
44297; 92160; 29260.37
99971; 18888; 39652.72
7629; 68580; 29219.97
88364; 71257; 5778.33
34071; 14895; 492.22
86865; 44431; 29071.01
72287; 82356; 2931.21
94703; 83783; 37743.01
93734; 92716; 34670.12
76257; 10396; 15409.87
88518; 18621; 15491.63
23560; 15543; 12403.85
80803; 75776; 1413.84
78286; 49010; 32152.50
79372; 75130; 46427.68
52773; 89443; 26223.99
65595; 93739; 10795.88
9535; 36039; 22894.01
58542; 99804; 5574.04
55339; 60098; 29950.84
99291; 48353; 4653.80
51070; 23051; 6996.21
64564; 47572; 47603.59
64572; 72900; 28336.40
33537; 40578; 41461.28
43247; 67264; 8742.27
97595; 77552; 33321.44
79003; 47893; 28934.63
15934; 90025; 22026.43
2921; 18781; 35430.09
35617; 31645; 44112.96
87549; 28293; 828.50
62245; 16682; 25536.35
71851; 32482; 4837.40
54836; 17198; 41971.89
87606; 97209; 32792.82
83683; 96565; 31202.39
13462; 81532; 47157.56
11969; 40829; 18153.54
92988; 90636; 28363.90
79049; 76120; 44190.02
77639; 68796; 44992.04
15674; 20944; 48788.57
3937; 80451; 24934.30
78024; 47980; 46354.07
67613; 14002; 40673.60
10254; 81646; 46367.82
35083; 49860; 26522.75
22065; 25760; 22290.21
47668; 78412; 25413.84
31557; 84853; 49134.23
67433; 58994; 21602.23
2511; 80660; 8215.04
4367; 44013; 26774.80
55891; 72168; 15670.01
88370; 22281; 41354.94
24570; 34761; 18702.62
12157; 49263; 29581.86
12993; 94928; 33233.18
21687; 76964; 44494.99
89387; 87388; 13156.01
22672; 88630; 33355.82
74359; 76150; 7097.07
96185; 61393; 28719.10
88854; 72539; 33061.46
7556; 45013; 1678.30
47483; 40059; 35525.79
34901; 21591; 39400.89
56511; 24744; 17407.81
6769; 74796; 44929.14
85191; 42520; 8439.98
38239; 98367; 44635.02
91561; 82510; 27688.47
44687; 59464; 17379.15
61324; 86157; 39792.14
87328; 97821; 31879.43
24819; 48384; 31819.93
80265; 65264; 34951.56
38098; 89930; 18503.89
72669; 42591; 35877.92
81190; 66270; 793.86
60383; 77069; 15275.88
9488; 68188; 86.57
74509; 54304; 4661.59
19656; 30946; 49051.93
47605; 86021; 37882.49
83616; 63297; 13398.47
72658; 26391; -482.66
76218; 39098; 12928.87
53445; 79822; 34682.74
30878; 90488; 1574.94
58135; 28017; 49243.13
52798; 72852; 7142.60
99683; 79102; 21981.30
76464; 18932; 20958.18
82689; 18311; 4003.68
10680; 38108; 49934.90
15804; 86873; 44751.02
95997; 42543; 17566.23
79602; 93898; 40650.60
27813; 63396; 4952.00
28963; 72273; 35845.58
1055; 54791; 8922.31
33587; 15739; 45876.71
43102; 82914; 25307.70
53508; 53574; 38877.82
92793; 12874; 45455.49
48227; 46492; 37399.06
65958; 28958; 12740.23
81777; 22761; 21160.35
86234; 14137; 43588.62
92359; 47899; 13316.80
75346; 64577; 19804.27
9281; 71609; 37658.08
64470; 18563; 38506.19
17616; 43907; 29524.63
76135; 81646; 31339.59
72657; 80915; 47799.52
96615; 10373; 43248.09
61519; 82240; 6845.74
36585; 20435; 21863.97
55224; 77760; 42313.44
14708; 39684; 41906.60
82598; 34210; 45915.39
83128; 59352; 47332.84
72554; 65336; 30631.64
71569; 90924; 40140.70
33633; 86253; 19489.29
82073; 82030; 21737.50
67417; 59959; 28144.68
91267; 21835; 16029.99
78116; 44238; 48934.26
87495; 16461; 5087.62
81438; 27664; 35980.27
90066; 33669; 2458.70
91105; 72620; 49731.54
33295; 60002; 44402.27
6831; 56040; 5226.12
63191; 20303; 20835.35
96446; 18109; 10967.00
79119; 80492; 37511.67
73776; 61758; 9960.65
42207; 42578; 20244.87
93976; 94884; 5851.03
68458; 85925; 12625.22
49809; 88576; 2318.47
64636; 11006; 1982.16
78872; 95991; 32392.03
40470; 27810; 14585.03
77069; 42796; 8535.84
39445; 59327; 49931.32
90444; 45910; 39168.62
98066; 82974; 30476.22
57536; 75208; 20228.25
43844; 67121; 12737.61
2881; 50729; 15394.75
48734; 74229; 37691.45
45553; 80453; 44569.41
75869; 69063; 39017.10
41438; 51803; 48220.27
26203; 76377; 40165.86
4786; 65725; 6108.22
49434; 43828; 39845.96
50972; 27145; 42641.56
25159; 64884; 16493.62
38904; 17103; 4974.13
83919; 53778; 29984.35
46485; 40002; 46230.29
2200; 98508; 20987.53
25476; 25520; 8332.85
39549; 33729; 48145.59
60234; 66122; 48198.87
63700; 96067; 23434.40
53590; 27607; 38072.35
81382; 18825; 19202.25
14586; 20363; 8432.31
93948; 23096; 4161.16
66976; 42925; 26437.15
68773; 93809; 19106.37
8860; 10802; 37904.89
71366; 11967; 4971.57
78176; 77668; 49089.92
64071; 74819; 49577.67
17757; 35674; 43668.25
23660; 85738; 29573.98
47971; 68207; 46501.62
2785; 45808; 22028.83
95146; 63549; 39522.68
22510; 93701; 40505.44
10979; 29303; 36387.57
22577; 17008; 9796.49
33929; 39990; 36638.50
63747; 54846; 11012.79
46314; 87167; 36339.56
99639; 79768; 1928.73
73627; 55921; 48672.00
84303; 32125; 18109.04
35698; 77378; 8328.84
17766; 26175; 33423.33
92057; 40482; 24924.87
34189; 57451; 39744.25
36173; 16179; 1087.49
57260; 43353; 14927.91
49159; 47382; 32436.46
45373; 29089; 43428.45
11053; 24601; 6567.16
26368; 30206; 46700.07
59648; 47416; 38372.42
81580; 74389; 33949.69
82368; 21123; 22262.88
53185; 37037; 11766.26
39465; 94549; 31896.54
98289; 31804; 24208.90
5024; 35117; 43314.30
73756; 80634; 18665.10
23245; 19538; 44835.83
47351; 11653; 32580.27
8966; 18817; 30140.40
51728; 42366; 41248.43
34414; 53116; 35595.29
26475; 14351; 19023.96
31086; 52598; 35818.92
66934; 28982; 12971.65
31072; 53387; 42312.41
41053; 11548; 1306.08
92751; 93148; 36885.47
68463; 19060; 35615.35
52948; 67742; 23445.62
38565; 77395; 45202.65
56703; 55264; 49439.38
37549; 43305; 12346.86
88821; 57115; 12713.46
57032; 17010; 41205.52
28559; 80134; 43889.91
91234; 18645; 23493.13
82204; 38500; 22241.99
73413; 24044; 286.26
90946; 95316; 37660.41
96161; 97755; 15685.18
85364; 88086; 5728.31
71337; 69833; 47997.42
68173; 96647; 12400.57
71630; 60593; 40097.21
75435; 85927; 20992.04
77850; 79165; 25481.87
21316; 88492; 2576.50
42222; 73077; 28728.15
18412; 72828; 4785.03
59905; 99263; 6445.28
50393; 40480; 1339.67
12736; 88409; 26792.57
50982; 43113; 8338.99
18327; 36703; 41497.90
86026; 39672; 29415.84
22329; 78349; 11391.02
75450; 23527; 7122.87
15775; 94681; 32806.31
66531; 13943; 19290.81
21593; 84262; 10109.56
23597; 77774; 43280.17
7471; 85769; 27630.82
28799; 31991; 6858.14
6869; 25331; 252.59
31149; 33033; 44392.66
3133; 18261; 34429.08
51585; 70464; 21415.51
16022; 15938; 45457.06
67574; 92756; 29641.76
74152; 98701; 23782.75
51624; 25951; 65.81
11959; 48728; 9062.22
51294; 22181; 14082.58
95962; 40832; 44835.92
38927; 51854; 32318.72
85037; 21147; 29276.45
99974; 16208; 39201.52
37223; 65199; 39043.44
73133; 94084; 6481.76
42269; 50544; 20137.74
78162; 51470; 41518.91
13800; 14570; -315.68
97119; 12215; 22580.73
99513; 62989; 45757.96
1459; 58504; 40777.17
37562; 53178; 47601.09
78113; 59701; 21595.51
10769; 53438; 487.03
91312; 16039; 21513.54
88614; 61109; 20815.13
13062; 19676; 158.62
85843; 61509; 45765.06
40202; 21343; 35302.42
93285; 39464; 49332.47
1207; 68591; 26853.52
14182; 62274; 30512.98
78526; 45240; 38507.51
62529; 15499; 25901.03
2971; 58140; 38536.78
26512; 66347; 20694.37
27516; 48561; 27475.04
50534; 80031; 36143.59
75003; 91504; 19965.45
51910; 89551; 22685.22
3021; 79200; 11321.03
57813; 83142; 27548.75
84267; 84154; 5474.82
70355; 99407; 32850.80
64608; 90526; 3168.72
5015; 58627; 40043.96
57197; 33672; 17832.58
11162; 84625; 22450.77
50421; 13063; 34507.28
32030; 26581; 624.99
12400; 27393; 21296.45
92952; 56990; 22454.88
83714; 78416; 28654.27
25480; 59825; 241.97
11310; 82521; 42666.42
75925; 58305; 46693.48
10547; 70422; 17740.95
67911; 51203; 48561.53
16437; 70367; 24076.22
39114; 21824; 33383.69
19083; 73999; 14488.29
79921; 34232; 39094.95
13657; 81016; 33485.20
85538; 82276; 6805.00
13045; 89764; 35494.89
53797; 28057; 21504.99
24203; 31327; 6616.12
63590; 53813; 25367.45
10758; 68887; 2196.43
93685; 44646; 35910.81
49030; 44917; 45770.52
14793; 82555; 17003.88
39489; 58869; 24048.38
6946; 51806; 21473.44
67295; 26569; -354.25
76756; 28551; 5879.59
49125; 75135; 41440.48
94101; 85303; 412.12
97248; 16524; 2700.15
53336; 38777; 46229.71
45849; 63740; 13393.00
7925; 70208; 8169.69
18827; 46496; 42304.73
62604; 33281; 24906.48
74399; 90088; 16068.97
95518; 46699; -244.63
12660; 73632; 25768.62
68726; 33955; 7626.35
35316; 69326; 11638.71
18858; 65008; 3160.64
72073; 58908; -184.53
9639; 17722; 39208.21
74722; 94080; 34749.75
8733; 21988; 5366.52
49732; 10134; 30326.13
61794; 24314; 49043.27
87106; 21294; 15406.66
57020; 20599; 37250.34
6717; 57543; 10984.34
58748; 16978; 40951.18
18847; 36163; 1714.43
61604; 19290; 40387.93
78810; 51144; 33864.51
1603; 73421; 12449.50
92837; 95674; 3874.50
67083; 85235; 39152.98
74632; 52890; 34805.91
30753; 94654; 6612.89
75381; 78406; 23150.42
78738; 82788; 28440.76
55018; 55169; 6141.01
34697; 46572; 47805.77
16147; 64187; 41734.78
12546; 91842; 39548.09
68458; 28514; 48858.91
27500; 50744; 40452.31
11832; 37946; 45035.67
96073; 19269; 1293.84
44553; 15951; 7263.32
74594; 97030; 30344.08
30069; 99732; 8750.38
62377; 48898; 10273.46
96469; 57178; 21611.44
69684; 41713; 16538.45
20842; 65138; 26261.95
54166; 45783; 48940.19
58071; 15101; 37139.26
59694; 35396; 29208.44
29708; 42947; 44495.29
72033; 75979; 9359.21
40798; 33183; 15554.93
30864; 60151; 46017.44
83656; 49048; 19997.56
19074; 80804; 1895.36
44777; 16956; 21998.56
59239; 46267; 35086.74
52573; 57199; 22173.77
44982; 56194; 3543.11
53044; 30900; 9902.49
24956; 11275; 29500.36
71889; 53687; 45066.82
43539; 24043; 1646.51
83436; 50563; 36396.30
88304; 88654; 4636.69
31614; 23071; 47527.62
14122; 70646; 38834.91
51842; 22419; 29851.86
91004; 12503; 6687.37
39657; 68351; 33939.85
8075; 33219; 7993.60
4118; 63231; 35712.88
49621; 40645; 15413.92
36133; 20899; 33970.69
1085; 20838; 33176.50
24886; 67375; 45006.40
75172; 56837; 43532.11
8801; 11386; 7474.39
55746; 16655; 3486.47
15548; 54205; 10337.24
95302; 33998; 45278.53
46485; 95809; 34162.46
78096; 44030; 21727.80
81954; 54536; 1115.53
38030; 15744; 47771.01
65528; 23093; 38131.74
93298; 35069; 42148.50
61777; 87982; 27312.60
47381; 87317; 33540.61
85399; 13676; 45629.49
88349; 18619; 1931.30
52468; 47728; 47848.33
82532; 38341; 48476.65
95551; 11599; 9764.80
76887; 25534; -348.29
46640; 26522; 46853.23
29116; 66152; 1803.16
81160; 47252; 2752.68
72140; 49307; 31156.48
13293; 39016; 49519.53
45146; 90658; 30638.27
23840; 81492; 17638.30
99309; 41933; 45419.78
90918; 84328; 16693.61
6990; 57362; 19090.08
5359; 17775; 20081.63
64818; 84631; 46998.80
2710; 94426; 470.69
75867; 66160; 47116.68
72761; 17705; 3221.23
51706; 67571; 23613.78
6778; 41671; 49803.85
66661; 45003; 34566.60
17424; 38548; 32941.72
75747; 47876; 14991.22
92604; 59147; 43025.35
3688; 10364; 19327.84
61093; 59411; 37817.52
21601; 53800; 16068.63
29569; 31060; 31460.60
2448; 19552; 24408.13
50739; 51039; 12382.75
52270; 34070; 13936.39
61211; 80416; 12365.94
77298; 18014; 31200.69
87703; 85062; 34974.05
20588; 38683; 39358.48
41332; 53388; 42728.58
10141; 11996; 36730.05
5187; 84883; 1511.61
56280; 98705; 1842.94
33018; 10736; 31678.94
71911; 82847; 45632.99
67903; 43197; 11770.27
20853; 25289; 3963.51
52456; 68205; 10607.17
18836; 90775; 46339.68
37908; 98911; 16392.84
60839; 53788; 37588.97
74737; 82939; 39392.70
72176; 69132; 15825.52
75133; 34388; 3930.21
78780; 87803; 38438.83
41853; 31952; 19459.69
31270; 41492; 20663.55
24485; 11110; 44179.59
19542; 69975; 18187.22
69244; 34449; 3425.75
61547; 70734; 44441.37
92082; 88097; 5867.16
59316; 25012; 4087.12
46121; 31247; 10895.31
99557; 82185; -190.98
25778; 66550; 34871.41
23052; 22972; 32175.26
80691; 96540; 8131.30
47212; 78738; 39176.66
69452; 85084; 45447.97
95737; 10560; 34162.97
75126; 22381; 21403.61
15688; 75946; 21544.79
71193; 58683; 16281.95
73168; 20689; 36381.67
42018; 84576; 37356.05
91474; 71662; 7957.71
91535; 22346; 18776.85
68733; 15827; 35295.90
99358; 54521; 45816.98
63750; 80120; 38162.19
92667; 89150; 42833.05
9803; 81760; 48944.02
80777; 30260; 25180.28
77268; 72861; 44910.34
67724; 46190; 16250.79
41762; 17001; 32696.50
68359; 28101; 7990.13
99827; 72491; 7706.94
8074; 33282; 27335.59
81614; 48606; 26601.06
82955; 39968; 6331.15
21380; 17754; 12224.08
37362; 46535; 24107.37
37537; 95830; 10176.84
18259; 78799; 37262.52
9655; 65241; 48683.87
48173; 85664; 29923.40
26727; 11337; 33492.88
97432; 92221; 36606.71
17722; 14733; 31519.22
7646; 46306; 46823.78
92210; 29564; 10560.38
18196; 27115; 35705.45
66277; 57077; 42449.57
17671; 23531; 11806.81
95090; 35423; 1592.16
18123; 75973; 4223.62
44970; 16164; 20061.48
52887; 35826; -354.27
8528; 55145; 35619.99
78970; 40252; 46712.59
58667; 69889; 22709.74
53151; 86619; 4345.67
71420; 39392; 6166.97
10311; 99625; 657.35
22220; 88409; 4027.77
90474; 99887; 48903.15
10702; 71561; 14576.17
80707; 15357; 42960.33
21856; 86289; 37328.25
70584; 38595; 5526.25
4823; 44559; 12021.05
98238; 80937; 40969.49
9766; 91276; 19048.52
22260; 29770; 28158.20
27610; 25534; 20699.88
2833; 75678; 2321.79
54197; 83030; 44182.30
55746; 61544; 22755.48
99715; 15318; 18849.82
92806; 61642; 46458.01
12024; 84754; 25363.32
52605; 57454; 17764.36
40740; 86180; 13990.46
34388; 49387; 32629.37
58799; 66555; 19271.57
26735; 99765; 14961.56
25715; 39454; 28161.42
46061; 11118; 14766.19
80235; 59404; 7947.38
25873; 26970; 42248.72
51507; 27654; 21408.91
16397; 21594; 14423.64
20248; 43518; 10430.33
54862; 97223; 6440.99
97841; 55026; 47012.34
73719; 52016; 12961.03
20831; 23292; 33798.48
68271; 93392; 44257.36
6149; 79966; 36615.09
78872; 90963; 4453.35
82628; 63420; 6949.70
32470; 50781; 45325.71
94220; 21093; 32729.76
75828; 99482; 18703.45
29914; 36347; 27765.13
32381; 27560; 35868.35
37927; 70415; 48692.47
25465; 57924; 33168.88
48798; 79681; 11410.44
33181; 44175; 47436.38
5552; 41573; 3416.19
93590; 57951; 42341.14
70337; 75471; 19986.22
50002; 45006; 18174.64
62198; 61171; 45764.95
74887; 98491; 13062.43
44361; 69445; 19769.52
94337; 45160; 35948.16
84326; 53975; 47322.97
48250; 41447; 21547.60
74966; 71890; 49551.97
36501; 61514; 19026.29
96437; 87941; 38734.50
51109; 18333; 21260.85
37746; 26577; 3493.47
45991; 47427; 18181.92
71187; 11038; 28420.67
82045; 50153; 25156.30
45786; 34296; 37901.10
79111; 28690; 15816.37
49655; 85460; 18754.99
40595; 68547; 8677.05
32395; 11775; 22386.62
37199; 27918; 11599.66
95031; 87136; 49358.61
35825; 33801; 18932.70
38475; 16899; 49883.66
35704; 95283; 26995.32
26613; 42481; 39528.25
21632; 64454; 40737.19
40452; 51515; 44249.61
28982; 17318; 22366.66
55086; 38837; 32718.17
61017; 39622; 4764.62
90216; 12368; 1014.38
85622; 99949; 36408.97
65970; 79576; 41008.56
22890; 28623; 46562.02
11407; 58281; 36359.42
59541; 22108; 45765.59
74004; 46811; 15575.95
28409; 57546; 40690.10
87237; 46616; 36825.78
24097; 66747; 44403.60
67255; 70378; 12617.96
90165; 95260; 44459.82
66281; 16371; 5177.65
26427; 94255; 48226.11
85948; 98697; 778.41
70341; 63860; 39729.95
98251; 29344; 10739.50
59288; 70660; 22374.80
76668; 66357; 19715.40
43456; 63311; 9009.16
62345; 10446; 5129.49
9119; 94633; 41284.45
83483; 56807; 40672.20
58583; 80386; 2675.53
49167; 52661; 32278.40
87282; 15980; 1336.51
20920; 73418; 42744.91
24354; 26780; 2818.49
25419; 51915; 22887.29
26541; 25717; 20983.84
80195; 49468; 10948.81
76191; 26176; 38346.59
29523; 62166; 26218.87
83253; 21382; 24466.05
22558; 14598; 9522.20
26967; 59556; 30932.94
47014; 30207; 25663.92
52218; 33070; 45277.45
4511; 88765; 32066.20
76446; 92728; 42725.23
33260; 55084; 5954.94
49959; 90657; 17288.57
87412; 99507; 10267.04
31753; 29445; 8033.29
84877; 68024; 10955.39
81733; 34917; 44627.88
80087; 89681; 8302.47
38660; 57656; 42569.64
91595; 39105; 38983.86
30556; 26934; 10945.18
56944; 21417; 25117.43
5555; 71543; 19553.35
7416; 82250; 48794.22
6971; 77036; 8965.60
80578; 75252; 39289.57
16832; 76278; 40249.75
27201; 59955; 1448.01
2855; 74407; 5796.41
52960; 23077; 17388.15
73564; 39132; 44593.90
74174; 98836; 27791.14
24971; 21749; 48164.70
65617; 97322; 39584.67
83610; 66982; 46113.67
35359; 80009; 42906.23
53761; 72714; 9615.36
59014; 44426; 6116.72
28501; 38402; 49098.69
21023; 28564; 47590.34
94332; 76631; 352.81
14910; 89616; 14247.86
21180; 55364; 27790.76
88864; 84196; 7291.29
88163; 99827; 31382.43
25134; 33414; 36579.75
47365; 63087; 2386.58
24991; 90993; 49641.59
45241; 37664; 18265.33
7463; 61067; 11733.28
84287; 72755; 43156.91
33065; 18738; 42681.72
16039; 79674; 2298.80
53011; 99610; 39545.63
37146; 23702; 41297.49
1827; 73644; 33284.62
31030; 83254; 47463.78
16994; 95616; 27865.07
20463; 11776; 44368.17
10402; 38803; 38625.80
23874; 62598; 32885.47
67678; 47594; 33030.49
31046; 84830; 41322.68
63066; 96094; 17951.44
9291; 51134; 36390.13
63409; 15902; 17757.37
33955; 84537; 3172.43
23843; 92078; 32814.26
49272; 21334; 21120.01
95421; 45083; 3137.05
75216; 98241; 16782.16
57133; 45601; 353.80
88887; 21970; 28599.71
50279; 87650; 49230.68
78454; 52079; 22268.39
66097; 56891; 40145.10
8890; 72542; 40073.12
18968; 12380; 12307.86
57963; 30748; 33166.51
10321; 91625; 43277.30
66028; 22595; 6365.74
87721; 21770; 7058.39
10606; 36448; 28364.47
99552; 66360; 45249.82
82304; 62891; 22869.25
75256; 94838; 22422.11
5762; 84238; 47722.00
63202; 38261; 3246.76
56884; 74297; 44606.42
31320; 20473; 39793.44
25297; 27282; 21611.38
52039; 98467; 38114.35
61343; 54448; 34620.37
70522; 80092; 30892.69
86032; 81394; 20728.01
32094; 93545; 46766.45
83701; 99776; 28369.12
92525; 50470; 9752.27
79986; 22018; 31313.25
51099; 53098; 15092.72
5047; 77173; 33441.73
76788; 93484; 16410.99
31562; 26343; 6808.95
21780; 25866; 29097.72
47133; 13082; 38617.08
64738; 59563; 13250.52
38065; 83798; 31824.24
38236; 72906; -152.17
7545; 10156; 6584.16
74565; 70852; 19479.98
41525; 81402; 33101.75
58050; 75065; 19746.14
76025; 68697; 29450.84
41568; 21668; 20699.37
27385; 60548; 44471.58
56919; 14426; 12475.04
44335; 14328; 664.21
33016; 56268; 15394.10
29913; 71637; 9558.58
78183; 60609; 48740.10
75061; 65918; 30631.16
61870; 67852; 3493.45
84229; 84112; 32328.73
19003; 84620; 34645.24
30194; 52086; 9897.38
92058; 58622; 29475.00
95242; 11042; 8551.94
46844; 24433; 7656.36
22115; 70643; 20383.04
28049; 65910; 14635.34
11271; 51158; 30511.12
69749; 91364; 42421.92
75700; 53961; 30392.06
46702; 46922; 20404.35
57967; 42507; 14576.12
44307; 44304; 43670.28
39293; 39020; 15023.27
34737; 19567; 39481.21
41023; 90214; 5626.27
75630; 89099; 29248.96
99694; 89621; 11744.13
93495; 43879; 13427.29
60099; 47367; 10933.96
36342; 63728; 12821.61
69920; 98607; 41756.96
92699; 83578; 8152.54
30429; 16257; 29462.71
66602; 65067; 5979.34
95758; 72525; 36039.08
29642; 85447; 33284.90
70884; 94219; 38412.12
69470; 86367; 42835.75
36338; 23075; 12083.45
14580; 11045; 49884.17
75843; 68398; 6018.98
91606; 32719; 5314.75
63749; 15682; 23685.97
40499; 77970; 17061.26
38626; 92614; 35342.65
55106; 58567; 16502.25
77756; 27289; 42886.75
17470; 14887; 11843.91
6624; 49553; 13545.95
57732; 49896; 18765.82
9400; 29448; 36038.49
30287; 84261; 2257.69
4589; 28538; 44810.56
47631; 23977; 6386.20
16046; 36743; 36558.86
61485; 53688; 42852.82
47692; 79306; 35202.43
52328; 34944; 16203.75
45221; 92313; 33715.81
62781; 10303; 27546.55
57392; 20339; 46096.24
80886; 38626; 47191.28
35221; 57250; 27403.80
25792; 43996; 34636.03
52976; 60841; 10675.01
10499; 39205; 46694.72
73185; 58625; 1926.93
27830; 48879; 44457.56
25968; 63398; 7457.35
88916; 27790; 1191.02
33592; 35546; 15156.38
39371; 34000; 12888.72
28251; 95986; 4942.96
40486; 40407; 32995.93
94612; 85949; 20492.10
98183; 98447; 39950.31
52936; 80814; 41475.35
5282; 82373; 39469.22
86344; 51129; 35393.16
19463; 84590; 42947.95
50994; 86358; 47942.80
21052; 95697; 4028.36
87856; 73870; 21626.79
38492; 18442; 23023.72
25683; 14920; 14755.95
42751; 17660; 7335.87
71328; 58052; 47336.08
22413; 31231; 40660.87
80888; 46743; 20817.28
45346; 33746; 22147.01
45141; 30903; 9548.00
18495; 78198; 49697.82
82737; 40641; -29.38
3128; 27621; 16174.55
76185; 24130; 10384.08
2305; 40110; 609.31
26856; 43244; 20118.72
58799; 18876; 36570.19
17102; 97861; 44995.64
60807; 57867; 46607.14
2403; 67349; 42723.09
19611; 72703; 30288.46
46530; 51312; 12080.73
99093; 17427; 8264.82
85116; 58522; 10135.77
11255; 32680; 45466.88
97300; 86247; 27584.49
34857; 73915; 8116.68
4806; 38414; 13178.09
18276; 16116; 5916.32
39797; 70090; 2939.12
77221; 12147; 4088.78
95070; 31370; 47859.40
87758; 27354; 14280.04
49929; 17666; 21687.00
95661; 64209; 45772.74
34940; 96580; 44096.44
61629; 23315; 41500.70
63427; 94173; 31621.15
65905; 52089; 41154.43
55253; 23876; 30926.08
79737; 33970; 46245.80
7559; 60635; 17667.92
71991; 39804; 26609.56
58764; 30196; 39325.30
62493; 92434; 6991.07
67294; 18400; 8583.87
42504; 88485; 1525.21
77668; 54989; 18956.51
70963; 46929; 35486.88
67470; 29324; 47331.29
64631; 42650; 31173.65
60161; 85157; 38355.76
11001; 34419; 4536.35
12080; 21265; 48955.98
16627; 79588; 22623.43
68307; 15500; 11403.16
46436; 82456; 20504.40
98353; 90503; 2024.83
10690; 69561; 42680.42
64534; 48187; 34526.09
83480; 39561; 29712.34
47205; 23574; 29181.73
82189; 90904; 12216.87
47525; 33357; 29707.97
97366; 24338; 24446.58
23631; 33003; 6676.30
65517; 60831; 37296.13
33738; 38876; 27656.59
24827; 31436; 583.93
38914; 29615; 6789.27
50241; 33088; 18532.65
43008; 99797; 40450.90
78477; 94678; 18816.26
26212; 35598; 36871.91
1197; 80723; 40730.93
27523; 47997; 14368.60
59041; 12427; 14889.03
68969; 75417; 25183.02
77036; 53331; 93.05
61899; 12727; 40124.19
2353; 59045; 30499.41
50482; 76517; 34059.91
10354; 90226; 38187.48
42054; 34833; 39295.15
59745; 75121; 12497.62
93011; 33810; 19561.68
84186; 96236; 10064.76
79346; 51488; 20412.80
36128; 34246; 22343.70
66274; 72149; 15604.79
23347; 30973; 45558.45
75349; 30134; 385.61
11558; 62345; 17139.13
11972; 28580; 40380.82
18540; 13640; 32533.05
76065; 30665; 7120.92
38465; 25338; 3102.46
54806; 38621; 1623.10
78517; 51647; 15448.13
88141; 86226; 19812.27
58133; 42029; 22895.25
95398; 30207; 32110.51
23591; 91582; 35997.35
88042; 33577; 1658.64
50411; 19961; 16428.84
34975; 91723; 25475.79
85712; 97663; 27336.85
13726; 35497; 9840.52
15020; 39233; 32562.41
6301; 15715; 13266.87
71049; 39419; 35070.81
21582; 18419; 40855.56
11971; 33170; 42450.44
13368; 32661; 38996.60
49773; 48806; 25323.77
15765; 58822; 26685.48
58074; 81229; 20566.40
66470; 62620; 14546.69
2105; 23629; 38060.58
15383; 79578; 15999.19
73911; 80416; 2453.63
41541; 50054; 37378.87
89305; 10125; 1650.30
51890; 33286; 28285.87
66860; 75251; 21833.33
69736; 72972; 11849.87
42114; 78259; 16028.26
97567; 60818; 31709.20
37932; 62336; 37321.18
98695; 25565; 29587.56
95925; 26947; 10494.43
87311; 33631; 5145.55
19469; 67162; 40337.50
24467; 19843; 9262.05
3242; 50060; 34353.94
6960; 47266; 7736.31
34152; 79716; 10456.39
15780; 46884; 36503.32
67988; 84495; 38510.52
92752; 24669; 4047.40
81608; 68525; 7247.92
54248; 87087; 30275.22
81342; 46396; 28556.05
70054; 22653; 32410.23
68330; 36104; 5100.13
73030; 12608; 2379.16
57621; 65344; 20195.98
97665; 32032; 35164.63
9177; 10705; 17065.69
26782; 31141; 26731.69
26348; 81299; 19499.50
13630; 10504; 15749.16
7083; 52813; 40385.46
36409; 42017; 44257.94
31794; 82067; 35344.11
47567; 82502; 34300.18
55778; 90733; 8131.26
74997; 90145; 2653.61
60126; 62180; 26466.08
57648; 31497; 41043.07
58166; 41990; 42818.63
24240; 82851; 49643.64
28106; 75745; 30275.40
51510; 98234; 39374.99
27718; 38113; 40635.15
54413; 20918; 25035.74
84230; 24948; 44105.28
72084; 62755; 8440.17
60621; 23730; 12015.52
73371; 49938; 48239.18
15242; 10107; 48643.95
25886; 30323; 33023.11
21558; 36361; 44953.48
94965; 89793; 7193.91
89214; 80852; 42382.01
96825; 39334; 17141.04
25488; 70435; 36727.24
96462; 18296; 26181.93
43646; 12593; 20006.06
64213; 74619; 18974.96
86281; 15694; 20835.84
83463; 58527; 41188.85
22895; 10822; 31557.61
71546; 78504; 4572.78
86745; 44917; 11991.80
10838; 91417; 5935.50
80521; 68273; 47804.39
16306; 70377; 45870.15
92067; 24505; 17293.34
78780; 64919; 28767.55
70892; 94312; 11970.97
91803; 49178; 17172.15
66205; 33356; 36588.42
3180; 29749; 34925.51
50397; 58318; 34644.52
53330; 79974; 18915.85
23389; 90168; 43428.82
76333; 22347; 6487.47
59748; 36757; 15056.42
67483; 87748; 28057.97
22300; 55013; 15970.59
79950; 45760; 33393.70
83349; 93422; -43.86
59240; 49041; 44273.02
76934; 89669; 634.98
36142; 92234; 23496.57
81916; 64002; 20864.09
40913; 18248; 38105.73
76247; 91098; 19516.04
3830; 83719; -305.71
79025; 69937; 15003.17
90091; 75277; 12372.96
47129; 99860; 30699.25
75839; 47254; 19984.22
10865; 76723; 9273.83
80726; 76069; 42272.48
15751; 63864; 22833.19
38876; 70074; 25708.87
83564; 55005; 9916.02
97085; 86221; 26589.96
70889; 24000; 49860.70
39399; 86582; 26452.06
35763; 48012; 15459.87
80289; 31845; 32975.51
68471; 61707; 43729.83
43816; 32400; 5472.51
5115; 31499; 19622.82
61120; 15122; 19533.73
38994; 82466; 29892.38
9022; 12369; 41913.30
24480; 45462; 26499.38
34117; 56998; 25764.21
30024; 10071; 27592.24
71729; 85121; 27555.00
88257; 15393; 16158.94
40992; 97393; 40647.58
73229; 41058; 30752.15
97586; 72092; 12726.53
98453; 23891; 27443.28
55525; 41006; 235.73
59599; 58569; 45717.53
7192; 10082; 10249.13
90084; 55208; 35870.29
89974; 62860; 4642.04
79176; 56647; 32074.99
3265; 56849; 19063.83
13725; 83132; 12683.49
75099; 35111; 41186.14
71957; 97158; 42155.87
39560; 66622; 22165.69
7787; 75883; 37939.09
95504; 12556; 32508.20
70575; 71879; 7680.77
85245; 14576; 1077.12
83709; 36744; 21100.20
91168; 26105; 1904.07
36570; 48748; 14802.31
34038; 27239; 29873.38
6670; 61563; 23939.37
88197; 54950; 47711.95
74220; 62542; 40834.26
50050; 31605; 14694.62
6061; 59522; 6659.05
17521; 25313; 15842.17
46114; 90121; 29666.50
63611; 27947; 15429.03
56767; 33364; 8803.96
24697; 26368; 30253.91
44487; 40921; 10380.47
84257; 94871; 32825.28
58616; 13853; 12560.30
41278; 72967; 44988.71
40790; 80934; 14072.97
43687; 58806; 29663.03
79745; 67288; 15976.01
13633; 40377; 26486.07
41965; 10800; 24199.50
11726; 27980; 14017.23
96506; 55573; 10517.15
22787; 88110; 2346.01
98127; 42654; 19416.52
87299; 34226; 47298.50
9911; 71905; 11459.84
84898; 28767; 31482.02
61727; 74835; 7431.17
36481; 80263; 31948.17
96880; 42293; 30683.02
73834; 52072; 35474.46
43104; 82632; 15898.56
24716; 86605; 33263.97
23323; 99295; 42005.76
19342; 50976; 4620.86
16159; 75844; 16048.43
49266; 90602; 3743.69
9724; 17174; 16467.41
7845; 79349; 42509.81
7181; 57614; 15079.95
13156; 43859; 22135.96
41272; 45290; 23316.60
48988; 93706; 10348.61
19500; 49002; 21637.20
70327; 48770; 5162.82
61456; 25608; 17498.56
40358; 84852; 22702.85
35073; 47930; 42293.97
80040; 36630; 1350.67
31325; 74006; 25282.53
4969; 39130; 9359.40
70448; 38543; 20774.91
9997; 36350; 11602.12
85450; 78310; 45881.43
24883; 65983; 46785.12
68237; 72185; 25054.39
23948; 82983; 2950.03
23818; 72903; 26936.91
26729; 11263; 13904.67
73725; 66989; 8789.70
90688; 18204; 15329.78
17020; 68349; 34421.23
54555; 52823; 41502.48
28879; 52917; 36311.40
64259; 77090; 2025.13
68093; 83993; 43105.59
47693; 65686; 34120.73
25640; 48343; 13600.42
51006; 75085; 3924.93
63808; 68024; 36986.49
22310; 87658; 40358.14
78181; 18559; 49340.31
30423; 37512; 40588.45
18898; 87025; 30032.36
34679; 59292; 31269.80
57362; 44339; 48569.27
45755; 16902; 30284.36
76381; 86786; 39409.98
91373; 14840; 5164.36
70765; 88063; 27482.23
63874; 39868; 28660.69
70637; 40664; 41549.35
90621; 54614; 7768.15
93310; 21139; 26785.28
54686; 96975; 25864.39
38681; 32308; 32352.83
52100; 46298; 36674.19
68449; 77725; 14525.81
99445; 97817; 30561.14
61007; 86393; 18220.96
23373; 83536; 45497.35
49619; 74261; 16093.97
94058; 84844; 17100.74
69144; 26569; 47245.12
98241; 24570; 42050.64
7729; 33481; 6744.69
58816; 86520; 22869.42
71623; 89849; 32846.82
87844; 92732; 41848.88
19043; 49221; 26205.22
25580; 93794; 30226.01
60225; 20741; 22837.17
44013; 86100; 26220.61
35431; 53087; 40449.70
35848; 37015; 20985.43
21955; 78560; 49743.15
69599; 23737; 3691.51
96173; 38526; 31728.86
28514; 79227; 24890.26
99564; 66939; 42370.52
15952; 20736; 28695.17
80921; 74446; 41631.75
11457; 46058; 47235.63
45113; 85554; 73.50
3970; 90897; 32662.90
95389; 85085; 31328.89
22879; 23810; 21987.39
76640; 16159; 18205.53
20373; 83436; 43002.87
56438; 86703; 9990.15
49977; 21721; 31214.21
87113; 51036; 37097.93
71577; 12708; 37604.48
61906; 11558; 38324.51
88678; 51735; 9355.52
89255; 61716; 508.75
98571; 25930; 5653.96
32605; 86610; 3530.92
33587; 79813; 5845.34
76170; 72168; 15022.38
85714; 51307; 17152.87
32896; 65914; 1634.26
8742; 79614; 16068.55
71125; 23246; 42707.06
95002; 26124; 1657.18
43957; 17994; 43905.64
40234; 37810; 35589.00
28077; 62489; 3018.78
45990; 79590; 24557.56
50691; 62698; 6562.98
58654; 20337; 10460.16
46702; 76801; 35891.54
53552; 84494; 11889.97
47298; 41718; 39823.20
8910; 10932; 31144.88
72375; 52173; 48759.10
99471; 66387; 4062.55
83951; 48259; 22243.32
33284; 21265; 32358.41
51572; 59227; 11590.14
64877; 84461; 8889.84
46444; 25163; 4613.73
39034; 42256; 19340.81
89977; 90405; 1650.66
18566; 76592; 45506.18
62805; 73721; 8676.39
4692; 30762; 27007.46
56289; 95217; 18599.62
1614; 54972; 45662.69
39664; 33211; 25822.62
50507; 43408; 12449.45
93378; 99516; 20316.54
5582; 23741; 30984.32
92300; 70532; 47924.43
43379; 93179; 44528.01
44877; 80177; 43545.72
84206; 49270; 20184.53
35812; 15616; 48753.30
17310; 14911; 9039.92
74428; 81678; -438.27
65279; 38048; -82.24
19705; 73780; 20694.77
56341; 27605; 46648.16
67730; 23428; 12796.50
34969; 98661; 13164.70
16212; 79319; 37626.38
31135; 87591; 15507.92
28710; 12832; 28554.90
76383; 15885; 20628.65
53708; 44095; 34606.21
87412; 89536; 31148.16
91709; 10471; 28268.22
23692; 76277; 26597.34
37466; 90434; 25211.95
36339; 51930; 37597.14
46954; 24665; 42711.77
32081; 53076; 26650.70
60464; 27797; 42215.84
17159; 69442; 12927.04
26761; 12788; 31911.08
56681; 82456; 47972.70
16704; 23848; 37756.73
36519; 14602; 9756.30
28297; 87417; 24945.78
69513; 18520; 25116.49
27941; 81876; 23229.61
86445; 57073; 48070.93
30156; 40675; 10329.68
38219; 72245; 22200.11
33908; 22359; 11243.68
2104; 89304; 129.05
15774; 55758; 9246.57
84481; 64936; 48450.89
25417; 81427; 5949.67
18464; 55702; 12857.62
22870; 15179; 46153.40
9889; 95879; 42292.81
31493; 21140; 30366.26
95917; 95507; 17483.02
61532; 27557; -130.20
37634; 18688; 493.85
93704; 74847; 34318.09
93294; 45666; 4535.09
29192; 30913; 13171.49
32483; 82199; 31983.95
8798; 91446; 23877.42
81756; 50575; 4488.93
84137; 28932; 6782.02
37313; 81301; 47581.96
4691; 86989; 36374.58
74140; 72215; 7126.68
52088; 43522; 43210.28
76279; 63329; 9836.65
24259; 58915; 3445.50
66012; 49131; 39569.27
25316; 47960; 206.43
91950; 94631; 33509.17
23595; 64947; 4533.78
70936; 91508; 2106.69
26220; 50039; 18819.88
57573; 23004; 34220.88
29195; 16587; 23482.00
20570; 81585; 19667.49
92024; 95563; 8076.68
20850; 14606; 1105.78
44938; 40991; 19241.65
55277; 27765; 3038.96
48237; 35767; 20168.14
72264; 86466; 1074.45
45428; 70928; 23527.70
42024; 13935; 2526.59
65871; 41902; 6396.36
74804; 11615; 812.84
61475; 38336; 30574.46
12727; 34839; 37508.08
5536; 95766; 22299.29
22003; 22258; 5012.43
71849; 59895; 28101.77
98418; 76757; 23367.01
10905; 95863; 19187.30
19682; 34331; 5557.49
34277; 51446; 43442.01
94053; 46612; 37045.82
15663; 75008; 5103.45
22913; 81717; 40291.03
9965; 72123; 41628.85
60609; 43663; 14972.86
54354; 17050; 49154.14
19966; 39567; 37858.60
39421; 27268; 8775.19
19903; 22169; 32221.26
3018; 28883; 16787.22
29137; 87032; 13128.84
11784; 28601; 47694.67
88073; 12230; 28958.72
40988; 68468; 39790.73
63188; 33631; 18479.29
3962; 37294; 33557.35
56137; 94089; 31088.25
42393; 22369; 10844.79
18111; 71646; 20153.25
86399; 71029; 29935.23
40335; 83032; 717.38
89752; 27555; 13152.59
46212; 57066; 29009.48
46974; 24673; 18804.38
18224; 23863; 4868.18
88479; 24475; 15643.29
71388; 86210; 46070.46
12916; 32377; 40173.87
71843; 63032; 49665.07
93159; 47425; 36491.59
71236; 64214; 12392.61
73876; 66093; 39453.77
68331; 98403; 20775.70
29035; 70766; 18658.14
8705; 11267; 24760.09
36289; 50889; 22537.42
4097; 77000; 37334.67
58451; 96160; 27653.26
12609; 83997; 5031.54
5263; 74316; 14224.58
75351; 27121; 3830.58
40423; 15716; 2042.77
75878; 79348; 46631.14
27424; 61516; 30200.44
96730; 91962; 5956.81
26871; 52734; 48972.19
37516; 80822; 13085.28
58284; 45444; 22176.89
6121; 76082; 7464.88
30360; 85246; 48255.94
54768; 51754; 13353.21
25574; 29403; 35578.00
2275; 32042; 2828.86
22823; 36122; 37045.76
65443; 99957; 46909.42
20449; 11906; 17643.62
44103; 10195; 43871.79
29548; 10259; 2578.45
3382; 81898; 25709.36
33593; 48232; 37060.72
53862; 69432; 11583.27
15579; 90240; -256.12
68653; 78300; 28372.73
75465; 21794; 5626.56
16612; 63240; 39815.22
4033; 85975; 47724.72
13103; 60394; 28169.73
98174; 92283; 7189.54
31814; 28201; 34118.30
27416; 69866; 36979.31
77280; 98244; 26362.59
76650; 70270; 36870.64
81973; 15862; 19104.33
72011; 54150; 14660.18
11774; 81776; 20975.50
34818; 60922; 11869.66
7640; 13022; 46028.65
78265; 77508; 13505.17
29720; 42642; 21445.38
13685; 42023; 47631.16
11811; 22598; 25931.26
12162; 51725; 4169.58
80184; 82783; 32110.97
92003; 43965; 16151.17
19549; 85147; 48124.06
41507; 29671; 48625.31
25787; 93351; 12618.60
88127; 11577; 2954.89
27667; 52459; 38013.28
37403; 64116; 20261.35
59520; 52159; 18440.62
76334; 89588; 29660.14
38143; 86284; 44473.82
36826; 63008; 21313.09
20434; 17034; 4322.27
73159; 28081; 12983.33
85405; 12101; 40410.72
93581; 80657; 45467.62
91271; 76452; 7186.48
19058; 95539; 10735.86
59554; 88179; 46083.35
38877; 10147; 7039.24
52259; 28446; 1200.88
46436; 75640; 44305.75
66127; 44351; 34285.77
18818; 71285; 10983.78
47990; 93515; 48532.42
54947; 50838; 7568.36
30133; 55146; 49785.16
3280; 11103; 14380.29
21902; 91232; 4282.41
74402; 28283; 27358.85
44517; 24048; 27222.08
90996; 64876; 46882.54
83358; 33159; 39208.24
43908; 55344; 28005.27
38599; 97236; 43247.02
53111; 24997; 44110.16
8973; 70902; 29881.56
29713; 17258; 12857.36
54529; 13084; 2216.00
17749; 83604; 11736.30
19785; 70067; 3876.63
12761; 33039; 9625.44
17666; 84422; 36617.91
83201; 65996; 2966.51
12740; 26396; 982.94
35667; 79776; 35624.17
2511; 75242; 36639.14
58045; 52611; 10831.61
96749; 43888; 15258.86
96080; 16029; 48517.57
41037; 95864; 8474.07
19917; 67646; 20657.58
29673; 93101; 14642.21
4296; 24034; 30912.98
44633; 41011; -154.40
66433; 92040; 49143.29
96930; 50517; 24336.81
20516; 44009; 11361.36
74181; 65293; 3695.24
54717; 80091; 8038.38
42661; 23311; 37347.39
17543; 70142; 33243.01
25021; 61673; 22379.69
1497; 76766; 19295.22
55828; 60780; 46714.84
92591; 62453; 47611.53
18042; 46183; 49170.04
82448; 67924; 44135.64
54578; 81536; 21820.89
36332; 91729; 14319.32
62221; 20553; 32950.77
76783; 17876; 31775.15
48396; 11971; 1343.22
15267; 76880; 14817.06
75137; 73356; 49667.80
20080; 26456; 11382.32
36635; 37456; 15033.78
41270; 64955; 43874.61
99815; 59598; 27158.03
15478; 29767; 3887.47
84518; 66731; 42095.57
80246; 56698; 7763.16
34656; 85344; 39175.56
3253; 62385; 32826.20
37229; 47100; 31962.31
12526; 26216; 4604.31
94094; 90276; 24399.41
26633; 81657; 27296.78
70624; 29235; 22911.77
1330; 97646; 21166.24
41202; 39536; 16536.84
77907; 47683; 24772.36
66888; 33431; 36062.79
70236; 77740; 13499.99
56020; 80364; 671.55
54104; 63104; 12613.35
3396; 55523; 42260.48
14206; 15733; 8678.11
22102; 58636; 15205.61
87050; 46564; 3654.22
96185; 34443; 11980.30
4841; 25527; 35265.77
7679; 50757; 30370.69
70191; 65559; -288.34
32420; 75099; 6685.02
94523; 94129; 43550.90
51469; 16929; 49366.44
27559; 31385; 2655.34
92601; 36429; 4804.25
59552; 82189; 41317.63
82644; 89218; 45577.17
7487; 20509; 4018.00
37178; 14251; 46887.10
28506; 49035; 45908.67
63238; 25306; 11655.44
99331; 75061; 37250.70
78292; 71162; 37977.34
73715; 64387; 1802.15
99201; 23757; 44173.62
51849; 30393; 37908.26
47501; 99619; 35622.09
99468; 16675; 35948.81
34865; 22913; 28882.64
38341; 93379; 23066.30
69666; 53077; 43300.45
2235; 92403; 5584.26
28005; 67350; 16706.67
45262; 79482; 7865.25
16647; 12966; 23363.69
22819; 83152; 26188.47
59148; 78496; 37106.21
62823; 28035; 38859.18
79478; 17371; 35610.47
62334; 24673; 47247.42
14865; 65935; 888.26
91473; 77106; 5108.94
81683; 71601; 48785.37
21267; 27010; 44634.74
89715; 88082; 43895.32
78080; 93065; 49386.13
33940; 73061; 24265.71
16809; 80185; 9497.26
45413; 39712; 1536.08
55948; 83355; 43096.20
1914; 33863; 39812.58
72700; 11956; 33523.69
94889; 81963; 17999.99
47123; 71016; 43290.14
66601; 14125; 243.89
86371; 43671; 33291.05
39425; 35448; 39819.33
18688; 37955; 43755.12
25408; 31268; 48499.03
16930; 61210; 29046.55
51390; 88966; 33278.93
51125; 82284; 17296.78
60754; 44023; 19619.74
62886; 12611; 19141.14
58997; 99422; 33973.27
9689; 67269; 30797.06
16518; 42231; 28692.24
48798; 28617; 4016.86
8198; 25130; 41855.84
40084; 29030; 19113.96
1578; 72959; 46351.05
29519; 35903; 17880.92
86036; 78508; 38225.61
21518; 46971; 42351.00
93119; 24746; 30810.14
30115; 85744; 6416.15
72018; 48382; 24921.16
29887; 13091; 16.05
15042; 65716; 29834.69
10777; 12027; 15477.84
30967; 16140; 6941.69
49273; 19341; 18541.38
95331; 57805; 38064.36
94625; 82096; 49452.67
92525; 48115; 19916.13
33121; 40289; 33221.20
81539; 53253; 11249.96
73083; 21890; 4220.36
43710; 12238; 40919.36
37193; 75361; 20740.86
21377; 74301; 25031.00
77704; 65638; 42703.90
17027; 51950; 23359.16
73326; 54166; 15708.06
15570; 27932; 27073.44
11008; 68856; 45334.17
44190; 22908; 6266.31
78630; 58773; 38136.38
66241; 76412; 4472.35
48484; 44025; 7315.61
84819; 15978; 38002.58
79454; 70536; 7619.20
97252; 60246; 452.47
39749; 48367; 21474.15
97750; 58471; 38470.94
56423; 70630; 23162.47
5807; 56937; 2765.22
14336; 13580; 22764.97
9014; 75541; 22924.19
48402; 60367; 40178.20
99919; 95503; 23774.56
85045; 40130; 23798.30
95720; 18021; 10433.91
64789; 51687; 14998.23
30919; 79478; 305.26
25341; 67973; 14473.60
10554; 49546; 24914.37
43508; 70164; 33421.81
51242; 16528; 7680.88
23643; 53559; 12607.79
99532; 61698; 34105.18
53799; 29333; 44621.90
25371; 82745; 25567.82
40355; 15989; 22159.09
57178; 42856; 6373.39
59368; 95551; 44564.58
90547; 37115; 6762.75
9860; 37069; 47125.50
28295; 81891; 48328.20
53545; 72375; 20587.23
19135; 56941; 29988.97
29559; 79338; 21277.49
67053; 72283; 30172.76
54272; 98057; 34551.17
35504; 77765; 45885.39
69592; 61561; 29361.75
31638; 33116; 2405.49
44857; 58564; 38759.75
35040; 10789; 17016.08
4329; 78790; 47151.31
80165; 28977; 23450.40
76721; 64803; 36981.29
43909; 88142; 42614.60
57238; 43734; 38713.84
42192; 35146; 33931.48
97713; 52161; 20280.44
8572; 72087; 24759.68
61735; 75511; 35389.34
46123; 43382; 7518.65
11089; 86899; 35075.42
4620; 41619; 41474.27
70070; 44035; 6931.71
24714; 72502; 10107.92
53748; 27070; 22499.80
28032; 33627; 2511.63
24077; 32995; 47156.49
20297; 73195; 4716.02
10831; 70920; 41421.68
86360; 74237; 21009.28
16819; 74463; 4883.70
22545; 17498; 38861.61
21658; 90843; 44093.56
49752; 24944; 14091.98
73415; 62972; 28644.79
31499; 14244; 18427.24
14574; 65683; 47745.37
2030; 37175; 29017.96
24484; 34534; 994.19
24616; 64160; 49742.54
75532; 82036; 202.67
35883; 34167; 33769.72
36210; 74940; 41355.68
8936; 65352; 27091.54
10365; 69058; 22959.93
3533; 38316; 40214.28
11536; 62436; 46154.47
59412; 15156; 44352.70
90817; 11412; 47038.80
39168; 86454; 9513.37
25215; 64167; 41674.10
25056; 43266; 45799.43
50379; 85703; 10805.78
15828; 67746; 7575.44
37521; 68143; 21378.18
32675; 82772; -230.87
30136; 83770; 1141.82
53127; 52611; 12635.53
21483; 55848; 30597.00
81314; 82095; 15915.02
92603; 89118; 10558.68
80260; 39473; 5924.64
92844; 30709; 49560.98
65652; 33616; 26816.37
12404; 30980; 44687.79
16449; 60805; 10721.54
86487; 16259; 14572.49
74821; 66261; 2504.73
57419; 65021; 22354.41
85657; 53401; 41115.17
60456; 31784; 27424.72
40809; 56648; 48850.14
78085; 74127; 12871.14
99162; 92129; 29112.40
4066; 69328; 36000.69
67278; 81582; 21459.88
1365; 64879; 37283.28
48629; 64104; 42247.62
3844; 32235; 1752.04
2340; 97176; 35600.85
14537; 84061; 47971.44
23512; 87990; 1846.10
25401; 20191; 45157.98
40228; 41220; 30794.67
37633; 43953; 26881.80
5534; 86648; 10871.11
21562; 55678; 47834.48
33409; 37038; 8252.31
22990; 42070; 17554.80
6339; 30180; 40384.17
86455; 53435; 16874.65
8782; 24879; 30718.68
96602; 39654; 49460.18
38182; 53065; 39708.84
90515; 14376; 10914.83
54060; 86139; 24966.83
73664; 83434; 13884.27
28282; 91760; 9278.87
33191; 35263; 43694.93
39606; 42281; 19402.77
22392; 87607; 21051.11
1949; 80438; 845.94
74967; 80564; 49990.97
31210; 26049; 5879.44
36319; 45418; 4068.53
76993; 17540; 21938.72
44691; 88439; 19337.50
81180; 88793; 30546.80
8397; 25453; 6703.47
66065; 62623; 9503.44
64061; 70265; 15104.00
49718; 46419; 7582.68
2951; 60322; 8703.74
36153; 94006; 4191.79
27627; 68738; 16765.84
13817; 86802; 6188.17
52842; 68502; 3338.68
31025; 23090; 23821.69
31424; 62531; 5969.50
56515; 45922; 23409.35
20810; 97527; 42578.88
83517; 62250; 12219.66
14485; 28594; 34911.59
82370; 65800; 5583.51
30958; 13466; -272.27
78737; 30753; 32822.16
70867; 45203; 15427.95
19013; 45452; 2584.76
22786; 23879; 2671.13
91581; 40182; 42933.02
47481; 11301; 15548.65
36508; 37509; 35849.66
19294; 23155; 28885.28
14771; 49257; 11507.02
7470; 77819; 42493.30
64584; 87500; 22780.27
19305; 44200; 23039.96
17626; 59068; 34467.42
33941; 27208; 7242.93
13245; 75761; 27035.44
93824; 43341; 31228.27
89526; 52118; 34870.80
71739; 24347; 29330.39
97462; 10973; 14776.81
72136; 73321; 24378.23
57547; 74580; 31519.39
76311; 35988; 48062.94
31733; 32302; 29240.04
74163; 66360; 17391.65
47919; 90938; 47109.18
22748; 54602; 23097.13
72159; 97230; 14136.72
57792; 46036; 2395.17
69126; 53718; 31645.26
48091; 79113; 26285.44
97838; 80973; 8175.71
43026; 67310; 35385.37
63629; 27691; 19928.80
23531; 12357; 36852.63
35881; 62153; 23853.88
87305; 86611; 38835.39
48502; 49995; 46160.88
84577; 51796; 36724.25
11505; 86756; 19285.40
73803; 30843; 8216.98
46922; 11130; 37626.59
70898; 34032; 17309.77
87990; 93313; 19989.62
40305; 68618; 8191.22
54895; 34733; 29243.61
34023; 33629; 32129.01
12880; 32220; 39542.41
33202; 45851; 3903.07
75675; 85156; 8337.66
2500; 11762; 30076.97
86868; 64723; 19418.16
91914; 68115; 1507.75
54727; 62232; -487.54
45917; 16896; 48125.09
48357; 66401; 9307.37
9749; 72549; 41715.67
85805; 15156; 447.53
31356; 90546; 3280.99
97642; 21062; 28533.50
33192; 58593; 38032.28
71614; 91158; 8470.65
22013; 49043; 41735.87
13274; 21382; 47456.70
30123; 60111; 42534.99
92072; 16131; 20703.54
3787; 79320; 6750.09
64681; 96386; 1382.23
53425; 46829; 19711.78
90795; 64786; 41463.15
8194; 72128; 48768.63
18013; 61238; 13709.70
93892; 78907; 35518.03
47397; 11353; 243.63
43672; 39919; 22882.96
27199; 45569; 20894.79
59286; 65785; 32781.26
30220; 98250; 5121.87
26982; 63787; 5290.64
85268; 90900; 12578.25
94395; 22209; 48232.38
40278; 27985; 46903.91
94771; 22994; 19149.02
37178; 47710; 5373.36
99155; 35772; 22718.22
61807; 71586; 32753.86
51903; 78597; 17781.62
56079; 14147; 20810.49
91773; 37319; 39396.98
80220; 48314; 8593.07
6898; 46365; 43939.98
10104; 72047; 16053.59
45588; 23118; 25335.65
58852; 12591; 49899.27
65803; 91228; 30582.54
25744; 32601; 14638.88
24953; 15397; 44051.34
38621; 83447; 10569.23
41324; 44944; 38460.53
11193; 75039; 7995.02
36214; 55265; 21134.23
44940; 35738; 24799.65
51950; 85051; 12404.19
75746; 11412; 7858.14
39459; 80263; 18171.02
30542; 59610; 42024.37
18932; 64790; 27750.30
6434; 46814; 34254.83
23669; 35933; 25543.74
97199; 44894; 2692.57
2584; 10421; 29578.82
30771; 75648; 43657.04
83027; 51019; 23826.29
36116; 32856; 4114.20
96173; 46507; 11340.02
78328; 89089; 308.17
5260; 86225; 38941.13
63515; 79944; 3421.46
89075; 66012; 2020.50
65058; 94874; 31572.10
97605; 22302; 14326.80
60717; 76216; 47787.35
69491; 44330; 13428.27
60904; 16714; 19507.05
50175; 20794; 26882.73
60162; 95436; 48132.45
47059; 64478; 12448.56
55276; 71257; 6134.37
51816; 40649; 19908.67
9800; 58200; 32785.64
91964; 21420; 25733.09
68833; 89813; 28348.30
8839; 29549; 22366.98
92197; 31880; 28631.67
15417; 11453; 38742.08
41378; 53846; 1570.99
60562; 95172; 41983.51
74675; 60470; 531.91
31957; 57623; 20300.82
57151; 14360; 16541.78
5784; 39870; 35147.34
59223; 44997; 45699.77
78612; 76741; 11905.18
4545; 61951; 23893.87
58675; 97277; 10155.01
54025; 71735; 34892.57
16760; 81826; 46617.31
24990; 34039; 20741.80
63308; 85318; 31939.84
11653; 90518; 315.31
68095; 69260; 25158.31
67462; 66479; 16119.39
66848; 53186; 33650.77
7119; 60752; 23271.77
27902; 85057; 20442.86
40935; 99094; 40566.93
92275; 77506; 34526.78
67022; 73121; 49364.28
4154; 51276; 39840.41
84582; 52290; 42332.11
88915; 93466; 14785.51
19094; 28218; 41336.01
92025; 69691; 2463.48
85923; 83535; 20840.67
92771; 20190; 27025.78
53621; 99495; 36026.07
4898; 63363; 19233.08
25486; 18020; 38008.10
53719; 31346; 28682.96
89626; 11943; 23465.61
77050; 86199; 8454.22
67711; 90702; 3544.65
75271; 80321; 46489.68
65295; 25728; 27873.54
55877; 52317; 48271.66
27748; 40589; 22914.35
60970; 10796; 26461.62
41365; 90051; 12751.93
54113; 86980; 14242.80
4959; 37033; 35757.15
78510; 80197; 34191.64
88145; 40725; 48610.05
12416; 98417; 38439.68
43838; 49647; 34197.94
84851; 88840; 34462.61
15805; 46998; 17619.02
75131; 90018; 48908.94
59935; 13510; 49691.14
79487; 33544; 2707.22
45561; 80596; 21679.05
1261; 58216; 12552.41
80594; 79533; 7701.51
36593; 40408; 27851.26
68191; 46429; 32763.79
33159; 17117; 34717.42
91929; 98905; 41012.32
10875; 71067; 36096.30
15633; 64301; 23309.54
1731; 60641; 31517.89
85003; 45530; 32997.85
89840; 24928; 16858.86
85567; 79167; 28784.87
7790; 23494; 18670.49
34108; 86142; 46010.91
87267; 28601; 45013.25
86727; 76978; 4204.26
1193; 36176; 46943.86
7079; 24999; 23535.68
79522; 30457; 20319.45
40104; 15574; 22036.46
7281; 36684; 1069.94
83457; 80703; 1088.00
84967; 18597; 22440.21
53705; 29689; 26198.95
79726; 64344; 27288.52
86364; 48795; 41562.64
70019; 52762; 37489.43
4957; 96574; 42458.28
60984; 29307; 25575.18
87477; 85950; 48280.01
75048; 34097; 31900.09
62201; 92751; 13418.31
10864; 64912; 26761.76
56441; 87638; 34113.86
95271; 88622; 44170.19
51446; 24441; 8160.27
62898; 63234; 19291.61
3038; 83068; 1171.23
18494; 12194; 11625.44
16734; 69806; 2369.34
23967; 65217; 9328.23
35676; 46780; 13100.84
43737; 87969; 18765.00
86322; 34101; 31917.21
44779; 78409; 33863.57
64511; 10769; 3601.76
2435; 48697; 40430.58
87212; 28691; 14561.96
87196; 59012; 10354.96
79206; 12433; 29071.13
21474; 39206; 22655.73
33590; 11173; 8723.30
35899; 84694; 22293.13
93302; 17706; 12121.24
50377; 95069; 37932.78
1100; 27283; 45873.69
39488; 41756; 18459.35
18427; 50414; 1622.45
47512; 39138; 34769.26
56694; 43533; 24812.22
11375; 79833; 40665.20
49131; 46488; 33823.32
32859; 62442; 41266.99
36648; 76849; 27112.61
16578; 56173; 43651.05
75705; 69214; 49902.92
33606; 77865; 18156.65
94362; 62437; 20261.25
26897; 26668; 11156.46
6038; 59959; 19863.22
61764; 89209; 38660.87
70329; 63444; 13827.04
10658; 26953; 18328.08
41686; 84310; 40738.13
88369; 32830; 6311.87
7618; 43629; 8892.76
69738; 60718; 8818.20
54835; 83882; 30804.07
2452; 60309; 20556.12
10525; 69468; 47405.70
75605; 86468; 20113.16
25791; 55187; 18536.24
78333; 88750; 32693.87
21227; 87068; 45698.06
80062; 81848; 12021.39
43023; 82462; 36607.59
53404; 82873; 25495.78
94076; 74937; 22272.46
25548; 58780; 45776.41
57862; 11619; 14705.95
33382; 43398; 26022.19
7403; 78584; 47350.12
33960; 89692; 40561.47
13536; 52909; 9607.17
70190; 34851; 48790.44
79576; 21093; 7315.27
17522; 62750; -2.90
1579; 18716; 14124.44
7510; 95507; 48933.88
92540; 71133; 46462.29
20240; 90863; 36081.02
9826; 49971; 36930.16
87682; 39730; 42571.81
38256; 83927; 3071.21
40389; 25493; 342.48
68709; 85354; 24533.16
20963; 93305; 42102.63
62613; 27353; 1175.19
81333; 80798; 21456.33
43890; 97996; 18879.09
21941; 97441; 46960.99
18751; 48908; 45383.83
44189; 91406; 48465.86
86061; 29835; 2308.37
24940; 40609; 16510.10
31425; 14060; 28296.50
64501; 65918; 21119.41
14409; 91577; 47135.50
74229; 91322; 19734.28
75499; 81460; 46021.46
5450; 95070; 49380.74
49499; 62730; 26464.38
1565; 21164; 23429.83
48775; 42244; 31211.35
1364; 68794; 30592.19
54613; 23173; 46790.59
57441; 84956; 16326.88
63952; 30045; 37763.63
86411; 94142; 48161.01
39060; 10881; 15135.81
41285; 74323; 12510.19
94168; 31412; 15558.38
10508; 96068; 9305.64
87569; 91090; 15445.30
54045; 22705; 143.00
66038; 74250; 24541.34
85195; 32224; 3200.37
46824; 18140; 10900.67
12293; 85444; 37970.66
24506; 15896; 6903.94
44715; 91528; 37082.65
77523; 88331; 35972.79
78435; 35988; 25539.64
26346; 37520; 22710.90
25887; 49094; 36454.00
39525; 50699; 13390.61
59792; 47566; 27272.48
1011; 45511; 24415.81
4364; 68186; 37364.52
71063; 64523; 43233.07
30555; 51315; 49315.48
1673; 71660; 20383.71
10989; 89731; 3100.27
62763; 92558; 1222.86
91185; 83054; 42593.27
47829; 21773; 23907.72
32312; 96168; 7906.16
71544; 87737; 17029.22
36125; 56094; 18868.10
34527; 14854; 30053.44
10617; 83183; 39636.69
67700; 10190; 16887.81
72382; 20361; 36310.45
13509; 52068; 44707.48
60230; 44153; 13198.05
82153; 61432; 33288.38
33620; 88941; 33153.48
53215; 16146; 32153.93
62970; 10352; 2054.21
2482; 87048; 11914.41
2651; 50826; 15606.13
41862; 25365; 26748.60
3408; 42590; 30012.45
94302; 81556; 7055.37
11673; 80730; 718.75
28394; 87144; 18822.26
22013; 15230; 11546.64
49725; 81301; 27511.49
90717; 46529; 31231.27
91881; 12757; 32833.61
71015; 80842; 128.60
52346; 52165; 7451.12
92463; 54295; 4072.42
51087; 47025; 34448.48
93968; 88684; 9935.65
27702; 41028; 16798.56
55725; 27321; 9604.42
25887; 89285; 49265.41
40319; 44556; 42425.21
66947; 76483; 44950.14
57623; 73882; 1649.86
95350; 89314; 27698.65
6578; 88195; 7993.47
90063; 25398; 29774.00
81626; 22144; 26813.00
95750; 92470; 44229.16
37981; 39144; 3482.47
27174; 99227; 42736.02
20039; 61091; 18617.90
13615; 53946; 26624.25
73554; 54368; 27824.30
45945; 31365; 39917.30
32584; 34441; 32736.05
15606; 87856; 32637.99
5239; 48701; 49706.85
90619; 98111; 49383.32
20233; 12371; 15333.74
79724; 71654; 33745.09
63396; 72574; 47574.63
48626; 46505; 14461.43
96211; 17432; 43108.93
89984; 98986; 38515.07
84961; 35780; 3536.38
99397; 18326; 14108.41
98766; 19624; 41055.15
76011; 54427; 36324.33
76573; 45690; 20771.84
64690; 60788; 49889.01
18336; 63404; 8580.00
43823; 85526; 18484.31
1363; 57618; 11220.50
2783; 28070; 37326.54
10656; 80073; 14710.95
18005; 59017; 24051.17
73813; 68775; -200.15
51890; 77755; 19764.88
44338; 16793; 19365.22
6443; 61934; 19488.39
57881; 11096; 18233.71
17943; 79586; 44298.52
12498; 94800; 31481.01
35862; 11050; 31004.14
78039; 25818; 52.92
29358; 86892; 1711.99
16501; 31614; 2464.46
98095; 41097; 31774.27
19764; 57819; 6330.41
80732; 44379; 16617.80
91250; 36218; 38253.33
61302; 58631; 28205.40
92241; 88309; 18016.74
15694; 85297; 32288.00
25467; 61435; 1603.83
82694; 79919; 21234.34
18438; 70747; 17115.25
65618; 48702; 32910.10
34788; 45829; 49064.86
78402; 27965; 1714.16
38464; 82985; 48113.54
37898; 47396; 46249.31
30508; 77344; 4073.43
74064; 12135; 31346.40
16830; 81830; 29559.77
46594; 92477; 17194.74
28703; 47144; 44258.91
38092; 53276; 19605.91
54234; 30565; 43281.27
79265; 99892; 18235.23
17167; 74660; 30634.82
7859; 51274; 34820.27
50792; 11582; 11354.05
54528; 23441; 40448.43
19289; 50579; 26858.92
4995; 68673; 29.49
59839; 93931; 7290.30
56259; 63228; 309.79
26787; 56310; 39888.74
9242; 57968; 24950.38
4561; 19306; 18410.17
27089; 99246; -279.41
58831; 40198; 33809.23
84205; 21818; 20869.60
13306; 51423; 20873.96
46463; 79017; 21721.90
9105; 58944; 6011.90
34509; 49612; 3290.19
33151; 87428; 15983.06
58978; 84339; 12900.09
94015; 59201; 48415.77
96934; 57889; 10296.60
90130; 51926; 34567.03
62281; 86483; 2247.92
95723; 70323; 5716.97
97382; 20479; 37802.80
69775; 93522; 28566.73
53148; 66980; 48203.40
40366; 63033; 28827.19
57319; 53266; 19111.33
17129; 82578; 11370.10
43240; 89596; 24492.26
83208; 97890; 27758.09
52902; 81688; 47719.70
50054; 71434; 1983.39
25344; 41835; 49687.93
91972; 72687; 42302.03
96818; 21626; 26874.07
33028; 10783; 40188.39
14141; 83880; 8873.23
4346; 89098; 17673.98
65077; 41705; 10459.20
19829; 89128; 34779.45
28879; 99471; 6229.70
75124; 63067; 14099.34
6232; 34385; 43363.15
18481; 52226; 11623.69
22478; 61745; 46705.95
61317; 59291; 30674.23
78822; 95556; 8935.00
22671; 67579; 23406.59
32032; 91520; 46619.13
21899; 39338; 35906.97
45321; 95420; 6604.91
18912; 41234; 34143.53
3843; 85396; 4243.00
91274; 10017; 2795.56
81851; 34759; 11011.64
23962; 77667; 13584.47
19127; 37842; 48057.13
65833; 96486; 3065.41
78462; 78848; 7042.22
80705; 11191; 39884.62
64343; 53437; 40903.85
12023; 53025; 42058.43
91445; 54839; 5905.31
51987; 17546; 45699.36
59007; 52415; 21539.08
91403; 89868; 30927.95
27442; 82235; 47949.61
17294; 13860; -309.10
52556; 47269; 49226.41
28976; 98268; 7313.64
57688; 91974; 36097.67
20732; 26814; 24384.54
62268; 71192; 10526.37
10887; 64285; 44278.49
67352; 14426; 47724.55
53665; 49156; 36370.72
4706; 68058; -325.83
74205; 57383; 2144.18
50604; 14528; 16420.43
42050; 32212; 31007.20
40876; 27730; 31323.81
12116; 14927; 31835.82
93806; 48995; 36260.19
18337; 75019; 13147.56
89525; 94935; 43361.38
63028; 58080; 25070.15
57102; 69433; 20722.52
49660; 84602; 46263.19
57321; 30958; 196.57
6244; 42127; 35182.72
26022; 76631; 32949.17
47770; 93138; 42270.95
53892; 44389; 47266.15
96542; 19302; 13777.59
59696; 45031; 15410.59
64661; 94631; 29103.00
14695; 78513; 46228.23
77949; 84807; 33809.25
99115; 85276; 41851.46
93807; 46411; 42026.73
79401; 20143; 12513.22
93545; 76333; 21076.09
78237; 91293; 44381.58
42101; 11862; 43272.16
79278; 96748; 9980.63
55649; 67215; 14478.24
17719; 27273; 37137.73
78395; 43719; 44606.01
14294; 27139; 4592.64
95188; 81834; 29079.05
70948; 95316; 3268.81
14674; 53194; 30603.85
74712; 54490; 11012.91
3134; 10535; 34840.06
24914; 99791; 22246.72
98165; 31410; 6442.27
26311; 87539; 48594.54
93169; 49870; 46921.86
40344; 32626; 41248.90
84489; 31183; 16720.90
94733; 70436; 37199.42
92237; 74447; 2742.81
68291; 75691; 26080.95
17877; 36873; 22237.69
85274; 81570; 32271.04
8577; 53231; 32691.86
39027; 18833; 19090.61
7484; 60386; 34725.19
96851; 36205; 34744.35
34478; 85436; 31942.91
53535; 50101; 23110.70
76360; 88572; 26592.25
36522; 61303; 737.32
90056; 52541; 25523.35
91006; 68172; 30988.37
75366; 60701; 9236.29
89902; 80985; 11692.81
1485; 91382; 42833.04
59297; 30206; 9667.20
16640; 16644; 41890.24
8779; 85226; 43942.88
55680; 20967; 18901.65
18355; 10971; 4497.30
43290; 56704; 44993.85
97004; 68932; 34061.38
54261; 46409; 16192.47
88229; 78516; 47324.61
43267; 52962; 37456.20
47985; 74688; 17279.29
23563; 43392; 23248.14
36992; 10749; -154.15
51648; 78652; 22043.75
69291; 64385; 40322.01
18405; 48164; 34006.31
47846; 19344; 20443.52
47255; 43469; 15917.35
21172; 32953; 44534.59
40654; 44080; 2969.91
68147; 87165; 30386.93
39811; 10647; 6757.88
27439; 36422; 26228.83
71046; 65810; 357.92
31589; 51717; 40939.40
6491; 18326; 22358.08
33132; 63504; 9296.29
82554; 49098; 40399.46
36098; 30169; 45773.50
68199; 94277; 20266.22
23722; 15927; 39764.34
44618; 16358; 26798.15
97453; 80080; 10778.61
80785; 46435; 37208.73
28864; 45273; 33232.66
2588; 86530; 38392.98
84620; 18678; 41095.46
63341; 88168; 23981.94
76478; 73829; 6313.94
36748; 54123; 49496.65
73776; 45222; 5030.55
48523; 61018; 30274.34
70026; 11727; 14590.62
6536; 70822; 9834.52
99764; 59498; 37465.50
65506; 49210; 49386.78
2856; 85109; 15754.34
84914; 93775; 47643.71
76109; 42927; 33679.94
45142; 86608; 41333.54
72893; 15918; 6587.97
57648; 10142; 8013.58
81870; 42895; 13148.37
86285; 15805; 39972.25
12799; 56369; 45523.05
79704; 28338; 16272.24
37748; 90022; 41997.35
3301; 71426; 9156.09
41917; 30128; 1563.89
13631; 83861; 37077.14
88161; 70271; 23293.83
70807; 67250; 22743.93
80909; 57880; 47761.21
15900; 96023; 15092.51
68303; 65752; 36759.61
91011; 78508; 35942.54
27406; 10484; 24793.44
99908; 26926; 41874.50
42943; 94067; 25759.99
52961; 77410; 40202.04
37235; 23896; 28312.85
21863; 42072; 32158.49
29807; 32061; 48539.24
57277; 14080; 36709.85
48263; 81910; 18525.57
82619; 46693; 7870.19
56048; 72988; 14273.05
68679; 37497; 4482.18
59124; 35227; 34839.59
51324; 62803; 8680.56
78379; 38001; 32688.76
85179; 99310; 3865.81
13094; 79419; 46127.81
12839; 71438; 26814.56
20605; 48653; 38836.44
51001; 57423; 40995.97
74810; 50948; 20423.13
72926; 87820; 41716.77
56103; 30022; 11396.11
61315; 28928; 10613.21
63096; 25603; 22240.65
66875; 85926; 862.23
20857; 32447; 11013.95
90038; 85131; 2359.01
93855; 66152; 15476.10
36747; 81061; 31198.21
59723; 17291; 33390.49
73376; 46774; 40400.95
59540; 86142; 15809.52
35011; 19253; 31169.56
59349; 65144; 24568.18
42140; 36545; 29464.10
11144; 81387; 26809.74
90848; 15215; 42071.14
99165; 37542; 22869.83
9691; 56234; 28950.87
42996; 74764; 29927.67
74115; 86156; 14776.25
67837; 89760; 37986.33
83206; 61197; 7966.24
73080; 37537; 25029.16
73154; 77073; 21886.34
27917; 78829; 654.13
21388; 12214; 34105.02
53244; 20390; 7122.35
78814; 62317; 33903.57
24646; 25009; 46750.54
88543; 88987; 906.79
44743; 21562; 27132.69
72673; 23076; 7311.66
75327; 94808; 39350.14
69549; 94354; 19041.81
86939; 22883; 25292.55
18539; 13480; 32267.23
65022; 10923; 45728.12
51859; 88117; 1350.72
16521; 16170; 22461.42
18295; 38763; 23792.91
20232; 87264; 27519.27
51806; 82519; 30138.12
31273; 39347; 13382.50
93594; 77027; 32969.06
58233; 96684; 14841.30
60522; 16058; 11751.83
42442; 15798; 20746.52
43978; 70324; 25307.14
55233; 77969; 39038.50
30528; 35035; 16585.12
91507; 68470; 170.12
64810; 67967; 11424.34
14311; 32388; 41913.15
87271; 38576; 4557.58
44158; 54599; 31422.34
90305; 51719; 21718.90
5290; 56855; 5912.41
13270; 78786; 23661.28
80102; 98539; 43797.29
30182; 77708; 13329.35
37720; 44525; 1757.98
49187; 76728; 26638.44
14719; 20007; 15223.85
41444; 73359; 47524.18
86380; 23422; 37503.41
30729; 94957; 39560.58
7451; 36011; 19730.12
59191; 24920; 15877.12
99310; 61582; 40866.34
70968; 88871; 3269.71
5911; 86386; 31762.94
60026; 90990; 22043.64
8004; 28628; 11222.10
40656; 92255; 12983.98
56882; 77158; 14242.09
55003; 72000; 28512.50
39462; 13242; 45706.46
31395; 65477; 36144.28
57003; 49080; 40627.38
9702; 66623; 10505.42
18657; 90367; 15624.55
29656; 75353; 25054.61
28303; 25600; 17430.90
66302; 57979; 22376.80
21993; 88829; 45455.61
88734; 29307; 32958.59
31608; 23691; 25206.72
74342; 37312; 35388.85
18918; 84047; 41408.25
44440; 83296; 18098.58
93434; 96755; 14867.14
22453; 39723; 10945.28
40332; 21858; 18483.72
97519; 58869; 2983.11
46476; 92159; 36812.74
71456; 42432; 28945.44
51995; 13141; 47310.08
28171; 49307; 14227.67
51371; 71727; 35305.46
51957; 33158; 36221.35
46269; 92862; 28401.25
72404; 47150; 32340.24
83196; 73839; 13020.61
80922; 25060; 20947.09
58927; 10385; 16501.84
22176; 31703; 3384.59
88084; 22326; 19926.72
73327; 19411; 32099.29
38575; 22960; 11010.29
40302; 45842; 33216.14
51672; 17677; 35114.29
34442; 83721; 9771.48
64812; 68949; 14033.98
97461; 26837; 29370.31
95236; 26433; 26568.73
38829; 97089; 31664.56
32636; 36382; 38417.85
4758; 29865; 20950.00
84154; 55597; 48446.84
99186; 13875; 28544.47
85647; 86695; 18915.78
25532; 25279; 27670.43
25721; 64475; 18544.13
61251; 26136; 29789.05
50486; 64458; 20400.08
11218; 10196; 6547.27
42084; 61662; 45721.17
37422; 32792; 40471.04
5203; 27619; 39568.41
17777; 27516; 33842.49
29859; 45214; 30492.79
72331; 15192; 3154.71
28362; 67372; 48583.44
73578; 38928; 44500.72
64992; 56934; 30668.45
3116; 22292; 23454.83
60289; 90513; 3144.42
20624; 93317; 14873.67
53901; 25767; 13354.56
4526; 90842; 7792.33
33153; 55935; 2664.69
40851; 61832; 45352.27
57922; 50261; 6575.68
50400; 16887; 5057.21
51296; 42287; 24225.62
17808; 59756; 10518.36
75397; 86618; 39005.89
47753; 94259; 18760.31
81260; 93061; 16410.18
77368; 30702; 31787.62
64696; 99824; 21652.92
35433; 22147; 14580.84
6895; 13450; 10424.76
72771; 52385; -374.75
24448; 53846; 16835.39
96500; 37300; 41503.05
36531; 47820; 46230.66
34530; 82001; 19666.17
19439; 33667; 26438.98
71247; 39975; 28419.48
40412; 71449; 37628.93
31595; 18664; 12260.89
48342; 46174; 18587.51
97853; 20969; 18376.46
64203; 48326; 28803.11
26948; 29505; 17558.70
16002; 44172; 34682.46
78117; 70029; 26062.15
62152; 87286; 41106.92
29004; 18326; 6267.66
91204; 11058; 14120.42
77436; 52235; 13913.45
58778; 74952; 32356.89
56695; 22420; 25448.56
7785; 79250; 40121.75
66804; 16763; 2518.61
95776; 80243; 23761.37
32877; 21242; 15257.00
77322; 21050; 15890.91
9509; 42790; 11056.42
64095; 80105; 20333.92
83746; 23616; 47237.07
2937; 73685; 39820.81
11173; 81931; 22533.43
6942; 90627; 33405.09
83688; 78747; 15664.22
40477; 26891; 16198.76
60525; 16930; 20030.58
72816; 95419; 41811.56
19715; 66074; 41009.39
87054; 35942; 11841.75
95566; 19450; 18300.53
35508; 33488; 35189.80
26713; 11603; 19914.34
7919; 34207; 9359.50
25250; 75824; 21302.73
44940; 94807; 34414.81
44927; 12472; 33601.65
19101; 32046; 14059.48
13527; 22561; 14108.44
21106; 13579; 19887.65
63966; 14806; 4706.39
10881; 43566; 15647.80
78178; 84237; 6654.21
13510; 62664; 20932.95
33748; 36975; 42364.63
69066; 28435; 6000.61
18908; 46421; 1386.59
42879; 40422; 43387.58
77953; 27103; 8801.56
24081; 16185; 18308.13
19328; 95854; 890.33
87934; 90471; 37754.17
10899; 24925; 37787.32
34557; 80016; 14990.74
30311; 85481; 4601.95
30861; 94114; 8302.62
24794; 77767; 18631.04
16301; 38138; 7495.36
97067; 88342; 12335.23
54965; 99033; 13807.07
17546; 38387; 14866.10
66614; 62393; 14569.25
40052; 89876; 21857.28
1652; 32709; 12817.30
68108; 66367; 21184.64
36077; 32789; 37143.87
96640; 86459; 47513.16
33442; 67313; 37392.89
84447; 97820; 23414.45
32785; 46271; 32924.49
73108; 93489; 31066.87
24245; 91504; 23330.83
31415; 56689; 19940.68
13073; 53857; 34262.07
51285; 62990; 18231.78
44583; 83756; 42276.66
36063; 73953; 38083.55
52129; 30670; 18171.46
33281; 93831; 25300.30
82210; 64598; 20532.70
14792; 44943; 23372.99
49427; 38727; 12085.29
77232; 58610; 7542.32
58872; 45493; 46152.10
52617; 66924; 35843.80
88414; 40582; 16572.23
74556; 86095; 34786.48
92712; 63440; 5927.73
84072; 85574; 27347.94
45444; 42747; 7281.85
27548; 60889; 24439.63
78645; 29757; 14539.42
45401; 72235; 3630.71
85011; 69987; 43102.27
92467; 64833; 47520.56
98641; 91958; 27126.14
30439; 52464; 13208.40
87422; 47567; 20246.63
44060; 75563; 37328.69
33289; 97655; 28676.43
55127; 23273; 19361.47
71569; 29282; 14449.77
62654; 87363; 31765.23
81728; 89746; 37478.56
72614; 96150; 3396.78
13606; 56463; 42952.43
89317; 75548; 3706.77
52596; 77537; 32616.82
92047; 70542; 3963.42
33092; 13030; 24603.69
28291; 72126; 6105.34
8724; 71804; 34402.23
1533; 22506; 13330.42
81418; 65523; 40633.17
73599; 12503; 27574.56
19341; 60672; 36461.73
76214; 37263; 5450.14
17054; 47417; 19610.71
26750; 87614; 38294.79
58936; 62017; 8789.15
85206; 46434; 41835.60
99129; 85779; 49570.50
83946; 31554; 19124.32
93082; 48867; 16895.87
54144; 36884; 45816.64
26068; 88361; 4998.68
19178; 86687; 42959.02
78153; 92655; 44913.55
2487; 38210; 19468.29
76059; 44375; 25034.17
88155; 20475; 49670.53
15396; 33792; 31922.57
93080; 60235; 35789.57
75338; 70314; 3965.77
54739; 69178; 49473.51
4352; 63961; 33937.37
73181; 39385; 10531.77
29924; 88653; 5102.35
14746; 61069; 4925.53
46862; 84870; 890.76
53606; 42361; 28168.17
36665; 86690; 1211.31
99874; 20656; 9331.71
31359; 45674; 48589.17
29238; 72421; 45840.91
55953; 73180; 32667.97
27885; 99869; 13318.41
14158; 46889; 1802.32
74839; 81499; 39755.69
35773; 21614; 36282.71
10326; 66906; 24428.00
29378; 14941; 3232.63
33905; 81356; 4102.62
53488; 11366; 48753.64
76804; 95780; 35374.05
87889; 96205; 3693.42
4265; 16233; 42345.25
87003; 31174; 44628.42
6066; 29729; 26246.66
55687; 64656; 46254.40
53979; 81341; 49962.22
99040; 19483; 43746.64
79934; 15184; 11945.61
19924; 25989; 47716.04
27289; 43792; 24848.18
98349; 53139; 14769.35
35227; 30438; 49818.86
28463; 51844; 9472.83
56766; 18045; 34615.63
75117; 97988; 4356.50
78552; 23066; 9873.15
72243; 60090; 2467.41
43457; 72986; 4493.54
92998; 21325; 39431.14
16205; 36644; 43783.71
93461; 22813; 28939.82
41558; 12126; 49816.12
40774; 70808; 33284.85
1564; 31177; 48517.80
69256; 82829; 40051.72
12569; 47922; 4146.79
18369; 79942; 22698.52
83837; 49200; 15514.25
64514; 19841; 38516.66
80635; 37934; 48472.52
63447; 76856; 18109.37
50881; 48609; 42939.41
25578; 89324; 3123.25
73628; 20445; 1394.22
84512; 75446; 14734.11
15575; 96195; 49286.61
17005; 85706; 49937.17
23193; 42702; 31891.48
16593; 55659; 13839.92
7276; 19979; 35354.32
11800; 53976; 10498.65
7736; 63865; 29639.00
57799; 96755; 8870.08
9707; 63283; 27167.31
46140; 54188; 7944.65
43359; 33003; 37761.83
66122; 50879; 44617.77
1264; 28209; 31466.33
38092; 73774; 35893.53
9520; 71150; 28979.35
79277; 90423; 13433.82
69906; 57040; 21008.90
80234; 47005; 25087.52
79365; 38954; 49048.66
5014; 58397; 4851.33
83400; 54660; 21350.64
46595; 96954; 45809.23
28290; 57922; 17885.11
67173; 48829; 44268.89
25147; 68753; 31726.65
12327; 69727; 7381.15
53980; 27467; 37901.29
48398; 63096; 18031.40
34946; 60171; 43635.22
63444; 12956; 32998.51
11879; 48543; 42880.58
86709; 45973; 5117.20
30161; 10667; 49334.85
50554; 76747; 32238.24
56178; 33597; 12664.19
92807; 77102; 21976.53
14448; 10674; -326.77
84646; 63982; 20163.49
79578; 17732; 33451.95
14145; 73682; 6346.57
19444; 11010; 23321.48
23085; 35188; 24825.86
15591; 25953; 17234.30
87455; 31146; 6570.35
19720; 82379; 6978.20
23936; 82884; 7328.67
2726; 80261; 13524.76
43826; 30387; 26063.45
47912; 89429; 29348.29
39949; 14187; -434.91
13093; 15113; 36177.64
73645; 45124; 22344.74
16181; 39907; 18337.80
14340; 25133; 46768.63
46485; 97426; 999.91
42211; 35459; 15593.56
59064; 29086; 7818.97
85296; 79548; 29398.46
2003; 67236; 14108.05
84827; 97150; 17648.90
65143; 82944; 49017.48
79485; 70864; 25971.64
4828; 26728; 46295.03
3253; 19540; 698.35
40334; 23412; 30914.01
94361; 53178; 11750.53
11118; 90381; 16312.28
17547; 76917; 37928.00
13531; 95955; 12763.17
62542; 82832; 20204.52
60524; 47727; 36504.58
83419; 26894; 27305.44
23975; 21141; 31898.75
89360; 82805; 46280.09
30264; 12958; 18969.06
46135; 75237; 49057.61
74301; 94210; 35373.61
4268; 98301; 49767.03
61903; 83178; 29051.73
16126; 97508; 6868.40
30087; 96593; 30838.54
95204; 68278; 12154.34
32398; 62756; 29611.20
2801; 51803; 40623.22
73423; 52357; 47869.99
65616; 58769; 29414.00
41116; 12733; 27008.93
37471; 34454; 28583.58
97543; 10086; 41622.84
80002; 66351; 28105.16
7401; 49064; 17643.95
21083; 78134; 30190.71
72201; 66249; 246.02
9739; 16353; 19119.62
56099; 70253; 11649.93
60290; 45830; 18248.36
6666; 20878; 19653.20
19861; 68216; 20425.91
30185; 64821; 33026.05
10058; 49169; 29181.17
73330; 17679; 6570.68
29829; 93233; 535.03
37746; 35487; 23684.99
53228; 90735; 30495.92
84905; 90330; 42368.42
39765; 45304; 14715.35
66391; 33638; 15816.99
2199; 79665; 13740.20
25141; 41508; 37069.31
33837; 32820; 10235.89
68146; 10624; 38223.01
36901; 20487; 22445.64
17517; 50345; 5085.85
44384; 54827; 11953.33
53208; 88689; 4954.62
71068; 54307; 15423.93
37934; 86671; 46372.41
51354; 32821; 41621.87
74806; 59653; 254.79
37379; 31566; 18130.59
9052; 41347; 49835.84
28904; 39048; 32686.53
82341; 54294; 33620.65
39157; 57033; 8654.80
30129; 20822; 15769.00
71493; 28258; 26030.72
30669; 16041; 13616.47
19326; 89311; 21471.71
25093; 90902; 29804.76
59015; 30700; 4510.04
39730; 30574; 29812.06
18173; 13465; 14752.79
54381; 70818; 26849.49
24177; 25626; 17638.72
32554; 87377; 8392.69
54230; 60128; 30008.24
63238; 10649; 19508.86
17541; 56524; 37451.98
29239; 25874; 41869.58
77856; 30564; 24755.64
40592; 79682; 38901.87
47962; 10994; 8839.80
6909; 64786; 4308.59
77682; 16389; 4865.27
32373; 94277; 11797.69
49977; 91132; 10897.49
80193; 73860; 3780.01
9099; 10270; 2435.81
3841; 34091; 35291.03
85938; 54773; 21229.49
50385; 29165; 8802.40
45631; 59358; 35634.88
89737; 46801; 34850.70
9387; 77387; 36868.08
47386; 88604; 15109.77
96301; 68916; 28758.04
82480; 28694; 10958.68
38441; 55105; 36211.29
29468; 27919; 37016.44
11858; 60471; 32369.92
62436; 71010; 45760.48
71054; 19891; 13885.62
50393; 47961; 21775.15
38740; 42120; 21918.86
98005; 25501; 30554.41
47234; 35665; 33722.80
92658; 23685; 45959.83
88828; 69160; 48688.76
57086; 65144; 35430.67
45562; 17656; 16902.34
87354; 71725; 32229.18
55799; 18768; 5813.59
76431; 30987; 27465.60
92788; 94935; 15718.18
72754; 17201; 20042.36
10722; 91913; 2523.64
18307; 42231; 2997.00
15926; 61221; 23662.25
72708; 99096; 46331.73
4151; 60643; 31274.58
63629; 92917; 21092.69
44948; 42253; 6341.91
27007; 99647; 24057.87
71667; 56626; 29081.57
10386; 28095; 18616.82
84330; 77740; 35883.32
85819; 77191; 18065.53
29923; 75271; 3731.30
38495; 29952; 30116.84
26239; 12827; 1522.14
98839; 42091; 22404.57
45125; 42198; 28274.78
71500; 84003; 45347.12
20464; 41888; 35003.47
10587; 37155; 6731.66
58324; 55164; 29771.63
83099; 75824; 42498.56
50805; 90295; 10038.93
63750; 80172; 35537.08
14537; 74341; 32785.10
27437; 99523; 24595.08
45891; 84727; 3114.71
45672; 37565; 45927.17
19279; 15405; 4259.50
37017; 97464; 43475.31
51834; 56281; 7765.21
57094; 61500; 14288.27
57502; 68342; 43222.83
29878; 58339; 2712.49
19939; 73943; 8745.47
37654; 51408; 47124.89
29915; 42624; 24194.95
48897; 98164; 19308.72
99483; 60581; 30486.55
54835; 44102; 26211.21
68018; 48470; 29228.37
21937; 31585; 13573.44
76727; 47745; 35261.97
16769; 12841; 14994.77
82982; 28099; 15402.52
55168; 85837; 6045.50
75381; 64893; 16013.05
70970; 53752; 42866.79
19742; 98102; 2238.95
56273; 26564; 37410.04
55773; 74512; 8555.82
31332; 51887; 34958.74
81463; 67783; 29007.49
29247; 43738; 34083.15
36296; 28151; 3183.94
76435; 24450; 14708.67
87080; 58660; 45002.23
25385; 29312; 39264.82
39365; 74674; 22804.19
91383; 97573; 36361.07
1819; 47601; 45490.74
65585; 84348; 22913.87
18949; 58965; 5368.98
69124; 48182; 34754.78
7807; 70156; 723.48
31169; 95161; 30353.69
18557; 22269; 14276.55
73810; 99212; 41964.23
19876; 41852; 9249.93
85555; 30455; 34517.48
75368; 45353; 15491.14
95079; 61735; 24156.00
96662; 68362; 93.41
26838; 63345; 31322.08
88936; 28431; 42359.47
69186; 65881; 9623.29
15788; 18829; 49416.20
20863; 13547; 40996.16
7423; 98590; 25658.61
66978; 45182; 5888.26
34177; 81190; 9778.78
99662; 37854; 20854.41
60160; 98564; 28600.99
4006; 76782; 7902.47
91615; 80812; 30065.23
66374; 93641; 3832.60
28111; 59963; -59.28
44983; 93901; 33697.51
80506; 47491; 44477.95
79563; 27443; 713.36
49558; 64959; 13636.55
94741; 16815; 5243.09
25614; 29080; 12708.32
49443; 22265; 45358.89
29200; 59047; 2020.88
86601; 10119; 3410.99
44489; 48243; 19270.97
63284; 55217; 39247.70
70546; 94185; 2530.73
7394; 38408; 47558.76
97173; 76790; 28642.39
96453; 14682; 13934.98
84631; 18930; 2593.18
9052; 45643; 11720.51
46687; 63171; 18940.59
67711; 54555; 3330.31
28993; 53276; 9142.08
84139; 95790; 4702.91
68508; 94636; 10470.69
41670; 70041; 15645.80
67281; 16545; 9452.79
82849; 93776; 107.12
53863; 77675; 46535.54
50995; 46940; 22092.62
64839; 69087; 27220.20
5730; 21955; 48084.36
80717; 14876; 7315.77
61632; 96121; 4686.73
80470; 79090; 34542.70
85651; 36765; 23928.51
14478; 67138; 4217.15
48947; 77627; 46356.07
56612; 77811; 48877.18
15787; 21165; 28221.89
62606; 60512; 21646.31
76909; 78329; 9699.21
27110; 30949; 20398.07
63454; 15463; 35830.57
4681; 53625; 48467.15
71295; 37181; 18433.66
34499; 56732; 32003.00
9778; 87078; 17062.76
43880; 67636; 35132.26
72490; 58446; 11969.14
32380; 42435; 28714.37
78760; 76739; 7736.27
21869; 60842; 19709.08
19615; 22355; 23140.29
92802; 73173; 16425.13
6677; 18720; 33906.63
71703; 45085; 46416.04
57066; 81834; 23986.31
28265; 10563; 40646.76
27528; 10846; 7157.06
68559; 54691; 9827.68
61558; 33431; 23688.99
51364; 66360; 29422.61
85849; 39095; 12379.84
10126; 93620; 18234.25
97816; 18025; 7812.63
17486; 77876; 18216.14
40298; 65898; 4878.01
32267; 10579; 40091.49
62225; 34961; 47039.53
2003; 80145; 45762.92
62853; 26392; 44243.05
2045; 93743; 22562.34
30328; 82819; 43183.97
22878; 73410; 39564.59
62491; 69753; 45952.62
16198; 25842; 43880.40
66701; 48337; 6580.53
17812; 73010; 32449.90
52109; 36007; -444.62
79976; 18058; -64.68
11871; 29192; 3195.76
19554; 46524; 6611.02
39692; 98491; 14158.50
29391; 98841; 48197.75
46717; 96330; 23913.14
91667; 96797; 22075.28
62558; 22312; 37748.26
94298; 65993; 46701.12
89847; 85972; 28919.49
63224; 24199; 18498.01
94031; 89942; 21442.38
53266; 62774; 38368.09
54309; 48796; 1554.94
80875; 99294; 18570.20
31740; 35529; 14022.39
35867; 12107; 382.00
94506; 58056; 7193.13
37903; 28141; 49313.88
50789; 99410; 35488.65
26726; 70148; 31019.22
92037; 33894; 5922.80
12566; 85950; 3334.91
34865; 41965; 49195.75
93198; 11741; 22662.06
48427; 47291; 23651.16
32882; 65225; 2028.48
15944; 53853; 24388.51
84956; 86905; 5271.61
44090; 14868; 37133.69
13606; 15748; 2996.76
93908; 29843; 20662.48
5027; 76049; 1151.18
53602; 55698; 27806.51
95079; 37385; 33305.94
62436; 54074; 29692.60
73916; 36647; 10643.18
38882; 76532; 24769.88
28134; 56944; 24345.83
12699; 88659; 8938.00
38183; 84770; 19847.44
75728; 21965; 40819.21
51384; 41780; 48500.11
94176; 76238; 46168.42
84043; 60769; 42579.72
89968; 41465; 40521.81
4007; 37219; 4126.77
65861; 28180; 40772.98
54433; 65480; 17925.79
68953; 28610; 15174.09
71611; 53656; 12825.42
78626; 31816; 49419.31
66281; 97793; 5991.05
1342; 15163; 40447.62
91335; 98513; 32720.36
3725; 81578; 19251.71
7505; 21319; 14861.81
98816; 59412; 39390.49
42894; 21274; 29256.03
74331; 54291; 13630.07
19774; 74947; 43809.29
53513; 95419; 9747.37
8473; 94536; 34651.74
26971; 40732; 15673.55
56156; 95911; 45433.60
50989; 88416; 35494.80
27315; 11686; 4015.16
8630; 17453; 35980.29
78245; 16870; 26079.33
79012; 87154; 11357.20
73488; 68113; 25812.58
96304; 10465; 40381.88
41595; 79690; 48342.41
23739; 79039; 32006.71
31230; 54030; 34800.53
37527; 18450; 16422.70
79661; 33555; 31062.16
7628; 91479; 36849.55
7470; 44407; 35166.99
84015; 68128; 20566.53
12602; 41777; 38400.88
52630; 32333; 26456.37
85239; 13241; 25348.17
11793; 28393; 49244.79
89392; 93255; 21169.01
9752; 55716; 42579.00
75983; 49727; 38880.39
92410; 43611; 38339.73
1490; 55545; 45523.71
29873; 19653; 49672.16
12570; 14762; 48963.65
90244; 81890; 47317.32
89387; 42048; -77.47
81330; 66708; 24608.33
27581; 89254; 22117.16
67039; 48039; 48925.97
13407; 83098; 29018.74
17356; 50425; 6566.51
56337; 89482; 11255.42
54502; 56658; 32205.76
96482; 23611; 19979.57
64677; 65986; 23686.28
13883; 76727; 24509.60
53183; 26418; 32739.20
72131; 38409; 20162.94
31957; 66681; 27009.72
88136; 97394; 17555.52
12505; 95818; 19523.87
84870; 31163; 22724.46
53627; 32530; 29402.29
25127; 65720; 21328.90
59176; 77465; 41455.53
68486; 11467; 28278.74
91149; 35521; 22101.09
53046; 21223; 47454.92
43580; 32152; 8956.70
84994; 88935; 33636.90
94601; 80487; 48356.53
1088; 70791; 14217.41
77510; 41698; 40325.39
75134; 80183; 4861.71
43396; 54747; 30935.59
63950; 70929; 7190.84
43299; 89070; 41715.27
50831; 48847; 759.35
25636; 83012; 18152.55
98262; 79756; 744.16
4843; 19494; 45882.03
39129; 26357; 38546.94
15334; 60794; 16147.90
73277; 86377; 9017.79
10171; 28228; 29306.68
47200; 61967; 17221.40
13165; 80042; 26410.28
11522; 94972; 5264.61
41418; 78889; 21140.79
8350; 95391; 17733.58
6713; 10571; 35779.17
25069; 44326; 13123.37
93275; 93702; 8637.83
59616; 83554; 41681.17
65392; 55820; 31792.33
7526; 92111; 11262.18
3183; 28519; 29277.36
3361; 26186; 4634.61
20651; 54550; 31497.81
9363; 94377; 25112.38
82993; 14735; 24417.08
23402; 84923; 37588.88